method_name,reference_id,query_id,num_beats_used,mean_error_s,mean_abs_error_s,median_abs_error_s,rmse_s,max_abs_error_s,p95_abs_error_s,within_10ms,within_20ms,within_50ms,within_100ms,within_200ms,within_500ms,model_path,train_percent,reference_index,decoder,max_jump,piece,pair_id
hmm_train70,Chopin_Op030No2_Ashkenazy-1981_pid9058-19,Chopin_Op030No2_Olejniczac-1990_pid9100b-19,193,-0.11820904564520189,0.15415071288757387,0.07607709750566904,0.24925358566515357,1.6780046757369647,0.4625612335600846,0.07772020725388601,0.17098445595854922,0.3626943005181347,0.538860103626943,0.7305699481865285,0.9585492227979274,artifacts/train70_models/Chopin_Op030No2_reference0_train70_hmm.npz,70,0,filter_map,4,Chopin_Op030No2,Chopin_Op030No2_Ashkenazy-1981_pid9058-19__Chopin_Op030No2_Olejniczac-1990_pid9100b-19
hmm_train70,Chopin_Op030No2_Ashkenazy-1981_pid9058-19,Chopin_Op030No2_Poblocka-1999_pid9093-19,193,-0.03908441706907323,0.11526836285878753,0.046144702947835015,0.20947830636919498,1.2248526825396837,0.46135756371886116,0.13989637305699482,0.26424870466321243,0.538860103626943,0.6787564766839378,0.8186528497409327,0.9533678756476683,artifacts/train70_models/Chopin_Op030No2_reference0_train70_hmm.npz,70,0,filter_map,4,Chopin_Op030No2,Chopin_Op030No2_Ashkenazy-1981_pid9058-19__Chopin_Op030No2_Poblocka-1999_pid9093-19
hmm_train70,Chopin_Op030No2_Ashkenazy-1981_pid9058-19,Chopin_Op030No2_Rangell-2001_pid9094-19,193,-0.06413959083806328,0.12295602872651712,0.04011383673469737,0.24512144750621,1.5331746031746043,0.5409254671201839,0.10362694300518134,0.24352331606217617,0.5699481865284974,0.7202072538860104,0.8341968911917098,0.9430051813471503,artifacts/train70_models/Chopin_Op030No2_reference0_train70_hmm.npz,70,0,filter_map,4,Chopin_Op030No2,Chopin_Op030No2_Ashkenazy-1981_pid9058-19__Chopin_Op030No2_Rangell-2001_pid9094-19
hmm_train70,Chopin_Op030No2_Ashkenazy-1981_pid9058-19,Chopin_Op030No2_Rubinstein-1939_pid9049-19,193,-0.07641830769682562,0.15140409181911083,0.049341943310657665,0.27630030581844517,1.2832654467120186,0.6553242349206311,0.09844559585492228,0.19689119170984457,0.5077720207253886,0.6580310880829016,0.7616580310880829,0.917098445595855,artifacts/train70_models/Chopin_Op030No2_reference0_train70_hmm.npz,70,0,filter_map,4,Chopin_Op030No2,Chopin_Op030No2_Ashkenazy-1981_pid9058-19__Chopin_Op030No2_Rubinstein-1939_pid9049-19
hmm_train70,Chopin_Op030No2_Ashkenazy-1981_pid9058-19,Chopin_Op030No2_Rubinstein-1952_pid9075-19,193,-0.016350459553769698,0.10821960739252413,0.03723346485260848,0.21503331088686786,1.2248526825396837,0.48803174603175203,0.15025906735751296,0.29533678756476683,0.6424870466321243,0.7357512953367875,0.8341968911917098,0.9533678756476683,artifacts/train70_models/Chopin_Op030No2_reference0_train70_hmm.npz,70,0,filter_map,4,Chopin_Op030No2,Chopin_Op030No2_Ashkenazy-1981_pid9058-19__Chopin_Op030No2_Rubinstein-1952_pid9075-19
hmm_train70,Chopin_Op030No2_Ashkenazy-1981_pid9058-19,Chopin_Op030No2_Rubinstein-1966_pid9059-19,193,-0.10343549651639569,0.18178072370848283,0.051632712018141014,0.42955221684345146,2.8078229886621386,0.7476328780045298,0.13471502590673576,0.23316062176165803,0.49740932642487046,0.6476683937823834,0.7772020725388601,0.9222797927461139,artifacts/train70_models/Chopin_Op030No2_reference0_train70_hmm.npz,70,0,filter_map,4,Chopin_Op030No2,Chopin_Op030No2_Ashkenazy-1981_pid9058-19__Chopin_Op030No2_Rubinstein-1966_pid9059-19
hmm_train70,Chopin_Op030No2_Ashkenazy-1981_pid9058-19,Chopin_Op030No2_Shebanova-2002_pid9072-19,193,-0.0843520207841337,0.14375682000399448,0.03929705215418977,0.276323886978321,1.2832654467120186,0.7247165814058948,0.12435233160621761,0.25906735751295334,0.5595854922279793,0.6787564766839378,0.8082901554404145,0.9015544041450777,artifacts/train70_models/Chopin_Op030No2_reference0_train70_hmm.npz,70,0,filter_map,4,Chopin_Op030No2,Chopin_Op030No2_Ashkenazy-1981_pid9058-19__Chopin_Op030No2_Shebanova-2002_pid9072-19
hmm_train70,Chopin_Op030No2_Ashkenazy-1981_pid9058-19,Chopin_Op030No2_Smith-1975_pid9054-19,193,-0.09688845244557362,0.2041608731098664,0.06142701133786943,0.3841183198021705,2.6412699160997732,0.8376458367346988,0.06735751295336788,0.14507772020725387,0.40414507772020725,0.5906735751295337,0.6994818652849741,0.8652849740932642,artifacts/train70_models/Chopin_Op030No2_reference0_train70_hmm.npz,70,0,filter_map,4,Chopin_Op030No2,Chopin_Op030No2_Ashkenazy-1981_pid9058-19__Chopin_Op030No2_Smith-1975_pid9054-19
hmm_train70,Chopin_Op030No2_Ashkenazy-1981_pid9058-19,Chopin_Op030No2_Sofronitsky-1960_pid5667291-15,193,-0.0812455631924612,0.1212704502719915,0.04902508390022575,0.20184117993330372,1.094240650793651,0.46749657052154087,0.13471502590673576,0.2694300518134715,0.5129533678756477,0.6476683937823834,0.7823834196891192,0.9533678756476683,artifacts/train70_models/Chopin_Op030No2_reference0_train70_hmm.npz,70,0,filter_map,4,Chopin_Op030No2,Chopin_Op030No2_Ashkenazy-1981_pid9058-19__Chopin_Op030No2_Sofronitsky-1960_pid5667291-15
hmm_train70,Chopin_Op030No2_Ashkenazy-1981_pid9058-19,Chopin_Op030No2_Uninsky-1959_pid9061-19,193,-0.09022040220647871,0.14999838681517544,0.06675756235827635,0.23872258745962346,1.1087529092970527,0.5115731900226435,0.08808290155440414,0.17098445595854922,0.41450777202072536,0.5854922279792746,0.7202072538860104,0.9378238341968912,artifacts/train70_models/Chopin_Op030No2_reference0_train70_hmm.npz,70,0,filter_map,4,Chopin_Op030No2,Chopin_Op030No2_Ashkenazy-1981_pid9058-19__Chopin_Op030No2_Uninsky-1959_pid9061-19
hmm_train70,Chopin_Op030No2_Ashkenazy-1981_pid9058-19,Chopin_Op030No2_Yaroshinskiy-2005_pid9081-10,193,-2.203478148708193,2.7889552985442925,1.5095014149659818,4.074933006763921,9.852018140589571,8.58551843083901,0.010362694300518135,0.031088082901554404,0.06735751295336788,0.09844559585492228,0.19689119170984457,0.32642487046632124,artifacts/train70_models/Chopin_Op030No2_reference0_train70_hmm.npz,70,0,filter_map,4,Chopin_Op030No2,Chopin_Op030No2_Ashkenazy-1981_pid9058-19__Chopin_Op030No2_Yaroshinskiy-2005_pid9081-10
hmm_train70,Chopin_Op030No2_Ashkenazy-1982_pid50848-03,Chopin_Op030No2_Olejniczac-1990_pid9100b-19,193,-0.12673558354188136,0.16301562221987434,0.07650821768707239,0.27188757277469555,1.6819954489795919,0.4858446521541913,0.06217616580310881,0.16062176165803108,0.37823834196891193,0.533678756476684,0.7098445595854922,0.9481865284974094,artifacts/train70_models/Chopin_Op030No2_reference1_train70_hmm.npz,70,1,filter_map,4,Chopin_Op030No2,Chopin_Op030No2_Ashkenazy-1982_pid50848-03__Chopin_Op030No2_Olejniczac-1990_pid9100b-19
hmm_train70,Chopin_Op030No2_Ashkenazy-1982_pid50848-03,Chopin_Op030No2_Poblocka-1999_pid9093-19,193,-0.04092098778095016,0.1120507312278969,0.04290263492063673,0.20341553826747055,1.2071201473922955,0.4559774648526088,0.13471502590673576,0.25906735751295334,0.533678756476684,0.6787564766839378,0.8238341968911918,0.9585492227979274,artifacts/train70_models/Chopin_Op030No2_reference1_train70_hmm.npz,70,1,filter_map,4,Chopin_Op030No2,Chopin_Op030No2_Ashkenazy-1982_pid50848-03__Chopin_Op030No2_Poblocka-1999_pid9093-19
hmm_train70,Chopin_Op030No2_Ashkenazy-1982_pid50848-03,Chopin_Op030No2_Rangell-2001_pid9094-19,193,-0.0646489932090268,0.1212554654753079,0.04043069841269897,0.23086518883405385,1.3409525555555533,0.52987794467118,0.11917098445595854,0.24352331606217617,0.5854922279792746,0.7150259067357513,0.8341968911917098,0.9326424870466321,artifacts/train70_models/Chopin_Op030No2_reference1_train70_hmm.npz,70,1,filter_map,4,Chopin_Op030No2,Chopin_Op030No2_Ashkenazy-1982_pid50848-03__Chopin_Op030No2_Rangell-2001_pid9094-19
hmm_train70,Chopin_Op030No2_Ashkenazy-1982_pid50848-03,Chopin_Op030No2_Rubinstein-1939_pid9049-19,193,-0.07944119216805791,0.14869008465216807,0.05104308390022538,0.2745475794044247,1.2872562199546493,0.6374513034013597,0.09844559585492228,0.21761658031088082,0.49222797927461137,0.6683937823834197,0.7668393782383419,0.917098445595855,artifacts/train70_models/Chopin_Op030No2_reference1_train70_hmm.npz,70,1,filter_map,4,Chopin_Op030No2,Chopin_Op030No2_Ashkenazy-1982_pid50848-03__Chopin_Op030No2_Rubinstein-1939_pid9049-19
hmm_train70,Chopin_Op030No2_Ashkenazy-1982_pid50848-03,Chopin_Op030No2_Rubinstein-1952_pid9075-19,193,-0.01672027012324792,0.10807259437453634,0.037097505668931774,0.21506159891651244,1.2132424557823143,0.4859319727891194,0.15025906735751296,0.29533678756476683,0.6321243523316062,0.7461139896373057,0.8238341968911918,0.9585492227979274,artifacts/train70_models/Chopin_Op030No2_reference1_train70_hmm.npz,70,1,filter_map,4,Chopin_Op030No2,Chopin_Op030No2_Ashkenazy-1982_pid50848-03__Chopin_Op030No2_Rubinstein-1952_pid9075-19
hmm_train70,Chopin_Op030No2_Ashkenazy-1982_pid50848-03,Chopin_Op030No2_Rubinstein-1966_pid9059-19,193,-0.1078411591766237,0.1835395734729132,0.04952310657596293,0.43072881904002697,2.813922761904763,0.7537326512471614,0.09326424870466321,0.2538860103626943,0.5025906735751295,0.6476683937823834,0.772020725388601,0.917098445595855,artifacts/train70_models/Chopin_Op030No2_reference1_train70_hmm.npz,70,1,filter_map,4,Chopin_Op030No2,Chopin_Op030No2_Ashkenazy-1982_pid50848-03__Chopin_Op030No2_Rubinstein-1966_pid9059-19
hmm_train70,Chopin_Op030No2_Ashkenazy-1982_pid50848-03,Chopin_Op030No2_Shebanova-2002_pid9072-19,193,-0.08483578631936323,0.14371305888642122,0.03827678458049988,0.27679786718952387,1.2872562199546493,0.7299365360544219,0.11917098445595854,0.2694300518134715,0.5647668393782384,0.6632124352331606,0.8031088082901554,0.9015544041450777,artifacts/train70_models/Chopin_Op030No2_reference1_train70_hmm.npz,70,1,filter_map,4,Chopin_Op030No2,Chopin_Op030No2_Ashkenazy-1982_pid50848-03__Chopin_Op030No2_Shebanova-2002_pid9072-19
hmm_train70,Chopin_Op030No2_Ashkenazy-1982_pid50848-03,Chopin_Op030No2_Smith-1975_pid9054-19,193,-0.10180937904903002,0.20870947621397504,0.0661224489795913,0.38854788276473995,2.629659689342404,0.843745609977329,0.05699481865284974,0.15025906735751296,0.42487046632124353,0.5751295336787565,0.694300518134715,0.8601036269430051,artifacts/train70_models/Chopin_Op030No2_reference1_train70_hmm.npz,70,1,filter_map,4,Chopin_Op030No2,Chopin_Op030No2_Ashkenazy-1982_pid50848-03__Chopin_Op030No2_Smith-1975_pid9054-19
hmm_train70,Chopin_Op030No2_Ashkenazy-1982_pid50848-03,Chopin_Op030No2_Sofronitsky-1960_pid5667291-15,193,-0.07822410278100812,0.11794162673152198,0.04662099092970351,0.19852543167003997,1.0826304240362816,0.43473472199546387,0.11917098445595854,0.2849740932642487,0.5233160621761658,0.6528497409326425,0.7875647668393783,0.9533678756476683,artifacts/train70_models/Chopin_Op030No2_reference1_train70_hmm.npz,70,1,filter_map,4,Chopin_Op030No2,Chopin_Op030No2_Ashkenazy-1982_pid50848-03__Chopin_Op030No2_Sofronitsky-1960_pid5667291-15
hmm_train70,Chopin_Op030No2_Ashkenazy-1982_pid50848-03,Chopin_Op030No2_Uninsky-1959_pid9061-19,193,-0.09153285500452357,0.15225947956246422,0.06333333333333258,0.24159129937799687,1.0971426825396833,0.5301217460317071,0.07772020725388601,0.16062176165803108,0.42487046632124353,0.5854922279792746,0.7202072538860104,0.9378238341968912,artifacts/train70_models/Chopin_Op030No2_reference1_train70_hmm.npz,70,1,filter_map,4,Chopin_Op030No2,Chopin_Op030No2_Ashkenazy-1982_pid50848-03__Chopin_Op030No2_Uninsky-1959_pid9061-19
hmm_train70,Chopin_Op030No2_Ashkenazy-1982_pid50848-03,Chopin_Op030No2_Yaroshinskiy-2005_pid9081-10,193,3.2620472108843477,3.509991011478851,2.5808843537414976,4.719419130600145,11.868731564625882,9.867133730612247,0.010362694300518135,0.025906735751295335,0.04145077720207254,0.06217616580310881,0.11917098445595854,0.21761658031088082,artifacts/train70_models/Chopin_Op030No2_reference1_train70_hmm.npz,70,1,filter_map,4,Chopin_Op030No2,Chopin_Op030No2_Ashkenazy-1982_pid50848-03__Chopin_Op030No2_Yaroshinskiy-2005_pid9081-10
hmm_train70,Chopin_Op030No2_Biret-1990_pid9062-19,Chopin_Op030No2_Olejniczac-1990_pid9100b-19,193,-0.1462151726058295,0.18156318945401922,0.09288014058957117,0.281781798676913,1.1515194149659749,0.58780961587301,0.08808290155440414,0.19170984455958548,0.3316062176165803,0.5284974093264249,0.6735751295336787,0.917098445595855,artifacts/train70_models/Chopin_Op030No2_reference2_train70_hmm.npz,70,2,filter_map,4,Chopin_Op030No2,Chopin_Op030No2_Biret-1990_pid9062-19__Chopin_Op030No2_Olejniczac-1990_pid9100b-19
hmm_train70,Chopin_Op030No2_Biret-1990_pid9062-19,Chopin_Op030No2_Poblocka-1999_pid9093-19,193,-0.05595139231374715,0.10854471523738944,0.04201800000001299,0.18566960596259563,0.9538096643990954,0.4282949532879834,0.14507772020725387,0.3160621761658031,0.5440414507772021,0.7046632124352331,0.8082901554404145,0.9637305699481865,artifacts/train70_models/Chopin_Op030No2_reference2_train70_hmm.npz,70,2,filter_map,4,Chopin_Op030No2,Chopin_Op030No2_Biret-1990_pid9062-19__Chopin_Op030No2_Poblocka-1999_pid9093-19
hmm_train70,Chopin_Op030No2_Biret-1990_pid9062-19,Chopin_Op030No2_Rangell-2001_pid9094-19,193,-0.0773281087730434,0.140066052706403,0.05605456235827688,0.33939550309870375,3.041814092970526,0.4479819999999968,0.11398963730569948,0.22279792746113988,0.46632124352331605,0.6683937823834197,0.8186528497409327,0.9533678756476683,artifacts/train70_models/Chopin_Op030No2_reference2_train70_hmm.npz,70,2,filter_map,4,Chopin_Op030No2,Chopin_Op030No2_Biret-1990_pid9062-19__Chopin_Op030No2_Rangell-2001_pid9094-19
hmm_train70,Chopin_Op030No2_Biret-1990_pid9062-19,Chopin_Op030No2_Rubinstein-1939_pid9049-19,193,-0.1277947734893605,0.1653590044059079,0.06217644897959129,0.3192436391741476,1.8169610385487545,0.7019318820861694,0.12953367875647667,0.23834196891191708,0.44041450777202074,0.6113989637305699,0.7564766839378239,0.9222797927461139,artifacts/train70_models/Chopin_Op030No2_reference2_train70_hmm.npz,70,2,filter_map,4,Chopin_Op030No2,Chopin_Op030No2_Biret-1990_pid9062-19__Chopin_Op030No2_Rubinstein-1939_pid9049-19
hmm_train70,Chopin_Op030No2_Biret-1990_pid9062-19,Chopin_Op030No2_Rubinstein-1952_pid9075-19,193,-0.13397459856896102,0.18317759529096705,0.045759637188211855,0.44898648891658866,2.893447281179135,0.7047025541950154,0.18134715025906736,0.32642487046632124,0.5233160621761658,0.6787564766839378,0.7772020725388601,0.927461139896373,artifacts/train70_models/Chopin_Op030No2_reference2_train70_hmm.npz,70,2,filter_map,4,Chopin_Op030No2,Chopin_Op030No2_Biret-1990_pid9062-19__Chopin_Op030No2_Rubinstein-1952_pid9075-19
hmm_train70,Chopin_Op030No2_Biret-1990_pid9062-19,Chopin_Op030No2_Rubinstein-1966_pid9059-19,193,-0.12562591774464882,0.20245850698483536,0.07099773242629936,0.45350210867861834,3.0113151927437656,0.8043176009070291,0.08808290155440414,0.17616580310880828,0.41968911917098445,0.6010362694300518,0.7202072538860104,0.917098445595855,artifacts/train70_models/Chopin_Op030No2_reference2_train70_hmm.npz,70,2,filter_map,4,Chopin_Op030No2,Chopin_Op030No2_Biret-1990_pid9062-19__Chopin_Op030No2_Rubinstein-1966_pid9059-19
hmm_train70,Chopin_Op030No2_Biret-1990_pid9062-19,Chopin_Op030No2_Shebanova-2002_pid9072-19,193,-0.20830840603668116,0.2671012527698472,0.12133800907029269,0.46588968702574857,2.2091611383219956,1.0329436045351477,0.06217616580310881,0.14507772020725387,0.32642487046632124,0.44041450777202074,0.6010362694300518,0.8601036269430051,artifacts/train70_models/Chopin_Op030No2_reference2_train70_hmm.npz,70,2,filter_map,4,Chopin_Op030No2,Chopin_Op030No2_Biret-1990_pid9062-19__Chopin_Op030No2_Shebanova-2002_pid9072-19
hmm_train70,Chopin_Op030No2_Biret-1990_pid9062-19,Chopin_Op030No2_Smith-1975_pid9054-19,193,-0.18641301957397954,0.2538291079976042,0.06335600907029004,0.5061025576429511,3.018594138322001,1.0845579637188192,0.12435233160621761,0.24352331606217617,0.45077720207253885,0.5751295336787565,0.6839378238341969,0.8549222797927462,artifacts/train70_models/Chopin_Op030No2_reference2_train70_hmm.npz,70,2,filter_map,4,Chopin_Op030No2,Chopin_Op030No2_Biret-1990_pid9062-19__Chopin_Op030No2_Smith-1975_pid9054-19
hmm_train70,Chopin_Op030No2_Biret-1990_pid9062-19,Chopin_Op030No2_Sofronitsky-1960_pid5667291-15,193,-0.13680702766909908,0.16961992663870434,0.09467134240362896,0.2601522018299722,1.1598187346938715,0.5501906167800453,0.08808290155440414,0.14507772020725387,0.37305699481865284,0.5129533678756477,0.7098445595854922,0.9326424870466321,artifacts/train70_models/Chopin_Op030No2_reference2_train70_hmm.npz,70,2,filter_map,4,Chopin_Op030No2,Chopin_Op030No2_Biret-1990_pid9062-19__Chopin_Op030No2_Sofronitsky-1960_pid5667291-15
hmm_train70,Chopin_Op030No2_Biret-1990_pid9062-19,Chopin_Op030No2_Uninsky-1959_pid9061-19,193,-0.10163157577573288,0.15672810521306854,0.07013581405895764,0.2599576138846084,1.3129931972789137,0.5596690748299323,0.11917098445595854,0.21761658031088082,0.41968911917098445,0.5854922279792746,0.7409326424870466,0.9222797927461139,artifacts/train70_models/Chopin_Op030No2_reference2_train70_hmm.npz,70,2,filter_map,4,Chopin_Op030No2,Chopin_Op030No2_Biret-1990_pid9062-19__Chopin_Op030No2_Uninsky-1959_pid9061-19
hmm_train70,Chopin_Op030No2_Biret-1990_pid9062-19,Chopin_Op030No2_Yaroshinskiy-2005_pid9081-10,193,-2.5696443990224758,2.6566089906359776,1.8575738367347014,3.6224312260982696,8.539137900226763,7.30606363265306,0.025906735751295335,0.046632124352331605,0.07772020725388601,0.10880829015544041,0.13989637305699482,0.31088082901554404,artifacts/train70_models/Chopin_Op030No2_reference2_train70_hmm.npz,70,2,filter_map,4,Chopin_Op030No2,Chopin_Op030No2_Biret-1990_pid9062-19__Chopin_Op030No2_Yaroshinskiy-2005_pid9081-10
hmm_train70,Chopin_Op030No2_Blet-2003_pid9103-10,Chopin_Op030No2_Olejniczac-1990_pid9100b-19,193,-0.08428059183673658,0.3800420266821773,0.16834485034013724,0.7450816369754328,4.605102181405897,1.990385768707486,0.05699481865284974,0.11398963730569948,0.2538860103626943,0.38860103626943004,0.5284974093264249,0.8341968911917098,artifacts/train70_models/Chopin_Op030No2_reference3_train70_hmm.npz,70,3,filter_map,4,Chopin_Op030No2,Chopin_Op030No2_Blet-2003_pid9103-10__Chopin_Op030No2_Olejniczac-1990_pid9100b-19
hmm_train70,Chopin_Op030No2_Blet-2003_pid9103-10,Chopin_Op030No2_Poblocka-1999_pid9093-19,193,0.0955609228789956,0.3857423854522809,0.08394529705212506,0.7946207744538717,3.1187306077097503,2.29234938321994,0.09844559585492228,0.17098445595854922,0.38341968911917096,0.5233160621761658,0.6217616580310881,0.8134715025906736,artifacts/train70_models/Chopin_Op030No2_reference3_train70_hmm.npz,70,3,filter_map,4,Chopin_Op030No2,Chopin_Op030No2_Blet-2003_pid9103-10__Chopin_Op030No2_Poblocka-1999_pid9093-19
hmm_train70,Chopin_Op030No2_Blet-2003_pid9103-10,Chopin_Op030No2_Rangell-2001_pid9094-19,193,-0.01503538478258261,0.5581598907452446,0.18131500907029618,1.0997830343660095,4.53038596598639,2.9927574643990935,0.10880829015544041,0.17098445595854922,0.2694300518134715,0.39896373056994816,0.538860103626943,0.7772020725388601,artifacts/train70_models/Chopin_Op030No2_reference3_train70_hmm.npz,70,3,filter_map,4,Chopin_Op030No2,Chopin_Op030No2_Blet-2003_pid9103-10__Chopin_Op030No2_Rangell-2001_pid9094-19
hmm_train70,Chopin_Op030No2_Blet-2003_pid9103-10,Chopin_Op030No2_Rubinstein-1939_pid9049-19,193,-0.05382529157708303,0.47343497120299133,0.21469253741494754,0.8543645916127685,3.2449433106575967,2.370362377324265,0.046632124352331605,0.11917098445595854,0.23316062176165803,0.32642487046632124,0.47668393782383417,0.7616580310880829,artifacts/train70_models/Chopin_Op030No2_reference3_train70_hmm.npz,70,3,filter_map,4,Chopin_Op030No2,Chopin_Op030No2_Blet-2003_pid9103-10__Chopin_Op030No2_Rubinstein-1939_pid9049-19
hmm_train70,Chopin_Op030No2_Blet-2003_pid9103-10,Chopin_Op030No2_Rubinstein-1952_pid9075-19,193,-0.16570918805587903,0.6157326828216603,0.14682427210887283,1.2424648030129706,4.6527439047619055,3.160983956916096,0.09844559585492228,0.16062176165803108,0.2694300518134715,0.43005181347150256,0.5544041450777202,0.772020725388601,artifacts/train70_models/Chopin_Op030No2_reference3_train70_hmm.npz,70,3,filter_map,4,Chopin_Op030No2,Chopin_Op030No2_Blet-2003_pid9103-10__Chopin_Op030No2_Rubinstein-1952_pid9075-19
hmm_train70,Chopin_Op030No2_Blet-2003_pid9103-10,Chopin_Op030No2_Rubinstein-1966_pid9059-19,193,-0.2547135311057056,0.34914794497902824,0.11600923129251584,0.7139551508955869,4.133333560090705,1.409746172335602,0.06735751295336788,0.15025906735751296,0.31088082901554404,0.47150259067357514,0.5854922279792746,0.8031088082901554,artifacts/train70_models/Chopin_Op030No2_reference3_train70_hmm.npz,70,3,filter_map,4,Chopin_Op030No2,Chopin_Op030No2_Blet-2003_pid9103-10__Chopin_Op030No2_Rubinstein-1966_pid9059-19
hmm_train70,Chopin_Op030No2_Blet-2003_pid9103-10,Chopin_Op030No2_Shebanova-2002_pid9072-19,193,-0.2600321613502059,0.3266274858482249,0.1568256780045374,0.634206677157182,4.721201954648521,1.0965986680272104,0.09326424870466321,0.15544041450777202,0.35233160621761656,0.46632124352331605,0.5440414507772021,0.8393782383419689,artifacts/train70_models/Chopin_Op030No2_reference3_train70_hmm.npz,70,3,filter_map,4,Chopin_Op030No2,Chopin_Op030No2_Blet-2003_pid9103-10__Chopin_Op030No2_Shebanova-2002_pid9072-19
hmm_train70,Chopin_Op030No2_Blet-2003_pid9103-10,Chopin_Op030No2_Smith-1975_pid9054-19,193,-2.0786383309012724,2.174541191756841,0.47281193197278526,3.575468284707997,10.720226757369616,8.658027376870745,0.03626943005181347,0.09844559585492228,0.15025906735751296,0.23834196891191708,0.32124352331606215,0.5077720207253886,artifacts/train70_models/Chopin_Op030No2_reference3_train70_hmm.npz,70,3,filter_map,4,Chopin_Op030No2,Chopin_Op030No2_Blet-2003_pid9103-10__Chopin_Op030No2_Smith-1975_pid9054-19
hmm_train70,Chopin_Op030No2_Blet-2003_pid9103-10,Chopin_Op030No2_Sofronitsky-1960_pid5667291-15,193,0.03200830887173507,0.45208680966479836,0.14156476643990956,0.8420179278135193,3.2199996757369647,2.347310368707484,0.10362694300518134,0.16580310880829016,0.29533678756476683,0.45077720207253885,0.533678756476684,0.7823834196891192,artifacts/train70_models/Chopin_Op030No2_reference3_train70_hmm.npz,70,3,filter_map,4,Chopin_Op030No2,Chopin_Op030No2_Blet-2003_pid9103-10__Chopin_Op030No2_Sofronitsky-1960_pid5667291-15
hmm_train70,Chopin_Op030No2_Blet-2003_pid9103-10,Chopin_Op030No2_Uninsky-1959_pid9061-19,193,-0.017114469199766648,0.3619498260782703,0.11834481179138123,0.7327545127527253,3.0540136054421794,2.133868450793648,0.08290155440414508,0.15544041450777202,0.3005181347150259,0.47668393782383417,0.6269430051813472,0.844559585492228,artifacts/train70_models/Chopin_Op030No2_reference3_train70_hmm.npz,70,3,filter_map,4,Chopin_Op030No2,Chopin_Op030No2_Blet-2003_pid9103-10__Chopin_Op030No2_Uninsky-1959_pid9061-19
hmm_train70,Chopin_Op030No2_Blet-2003_pid9103-10,Chopin_Op030No2_Yaroshinskiy-2005_pid9081-10,193,-6.476899322253945,7.985236741825572,7.466394557823129,10.33215744914738,21.617732566893423,19.708307293424053,0.0051813471502590676,0.010362694300518135,0.03626943005181347,0.046632124352331605,0.08808290155440414,0.17616580310880828,artifacts/train70_models/Chopin_Op030No2_reference3_train70_hmm.npz,70,3,filter_map,4,Chopin_Op030No2,Chopin_Op030No2_Blet-2003_pid9103-10__Chopin_Op030No2_Yaroshinskiy-2005_pid9081-10
hmm_train70,Chopin_Op030No2_Brailowsky-1960_pid9060-19,Chopin_Op030No2_Olejniczac-1990_pid9100b-19,193,-0.136930056771586,0.1842020167541972,0.10326432199545721,0.28247278968141015,1.3019502539682506,0.5656327092970447,0.05181347150259067,0.10880829015544041,0.36787564766839376,0.48186528497409326,0.6269430051813472,0.9481865284974094,artifacts/train70_models/Chopin_Op030No2_reference4_train70_hmm.npz,70,4,filter_map,4,Chopin_Op030No2,Chopin_Op030No2_Brailowsky-1960_pid9060-19__Chopin_Op030No2_Olejniczac-1990_pid9100b-19
hmm_train70,Chopin_Op030No2_Brailowsky-1960_pid9060-19,Chopin_Op030No2_Poblocka-1999_pid9093-19,193,-0.08505259537321044,0.10275381622078916,0.037143297052146806,0.18511172305245857,1.2248527482993197,0.3372835873015865,0.16062176165803108,0.29015544041450775,0.5958549222797928,0.7098445595854922,0.8082901554404145,0.9844559585492227,artifacts/train70_models/Chopin_Op030No2_reference4_train70_hmm.npz,70,4,filter_map,4,Chopin_Op030No2,Chopin_Op030No2_Brailowsky-1960_pid9060-19__Chopin_Op030No2_Poblocka-1999_pid9093-19
hmm_train70,Chopin_Op030No2_Brailowsky-1960_pid9060-19,Chopin_Op030No2_Rangell-2001_pid9094-19,193,-0.11940819207406776,0.1434359387402638,0.04333347392289966,0.25659639092234215,1.2978459455782314,0.587380006349209,0.18134715025906736,0.27461139896373055,0.5233160621761658,0.6217616580310881,0.7357512953367875,0.9378238341968912,artifacts/train70_models/Chopin_Op030No2_reference4_train70_hmm.npz,70,4,filter_map,4,Chopin_Op030No2,Chopin_Op030No2_Brailowsky-1960_pid9060-19__Chopin_Op030No2_Rangell-2001_pid9094-19
hmm_train70,Chopin_Op030No2_Brailowsky-1960_pid9060-19,Chopin_Op030No2_Rubinstein-1939_pid9049-19,193,-0.19686788456522628,0.21114794107833249,0.07263038548752832,0.4186141225974258,2.7361906167800463,0.7877654376417041,0.10362694300518134,0.18652849740932642,0.38860103626943004,0.5751295336787565,0.6683937823834197,0.9119170984455959,artifacts/train70_models/Chopin_Op030No2_reference4_train70_hmm.npz,70,4,filter_map,4,Chopin_Op030No2,Chopin_Op030No2_Brailowsky-1960_pid9060-19__Chopin_Op030No2_Rubinstein-1939_pid9049-19
hmm_train70,Chopin_Op030No2_Brailowsky-1960_pid9060-19,Chopin_Op030No2_Rubinstein-1952_pid9075-19,193,-0.08634369387755055,0.13010784548776227,0.0395694285714292,0.22983986488425298,1.011545464852464,0.5576554693877481,0.10362694300518134,0.24870466321243523,0.5906735751295337,0.6839378238341969,0.7512953367875648,0.9430051813471503,artifacts/train70_models/Chopin_Op030No2_reference4_train70_hmm.npz,70,4,filter_map,4,Chopin_Op030No2,Chopin_Op030No2_Brailowsky-1960_pid9060-19__Chopin_Op030No2_Rubinstein-1952_pid9075-19
hmm_train70,Chopin_Op030No2_Brailowsky-1960_pid9060-19,Chopin_Op030No2_Rubinstein-1966_pid9059-19,193,-0.14853388395427386,0.22434859505598717,0.07129251700680328,0.3947975318244637,2.192675877551018,0.9059229868480742,0.11398963730569948,0.19689119170984457,0.40414507772020725,0.5440414507772021,0.6632124352331606,0.8704663212435233,artifacts/train70_models/Chopin_Op030No2_reference4_train70_hmm.npz,70,4,filter_map,4,Chopin_Op030No2,Chopin_Op030No2_Brailowsky-1960_pid9060-19__Chopin_Op030No2_Rubinstein-1966_pid9059-19
hmm_train70,Chopin_Op030No2_Brailowsky-1960_pid9060-19,Chopin_Op030No2_Shebanova-2002_pid9072-19,193,-0.15182430517077342,0.1875972003806715,0.05929755328798336,0.33302381486367133,1.4302494331065674,0.8398278331065738,0.09326424870466321,0.21761658031088082,0.48186528497409326,0.5492227979274611,0.689119170984456,0.917098445595855,artifacts/train70_models/Chopin_Op030No2_reference4_train70_hmm.npz,70,4,filter_map,4,Chopin_Op030No2,Chopin_Op030No2_Brailowsky-1960_pid9060-19__Chopin_Op030No2_Shebanova-2002_pid9072-19
hmm_train70,Chopin_Op030No2_Brailowsky-1960_pid9060-19,Chopin_Op030No2_Smith-1975_pid9054-19,193,-0.29362820681916896,0.35099666705438665,0.14516992743764234,0.6526687472921577,3.3699773242630364,1.2343492907029479,0.08290155440414508,0.13989637305699482,0.3471502590673575,0.44559585492227977,0.5440414507772021,0.7823834196891192,artifacts/train70_models/Chopin_Op030No2_reference4_train70_hmm.npz,70,4,filter_map,4,Chopin_Op030No2,Chopin_Op030No2_Brailowsky-1960_pid9060-19__Chopin_Op030No2_Smith-1975_pid9054-19
hmm_train70,Chopin_Op030No2_Brailowsky-1960_pid9060-19,Chopin_Op030No2_Sofronitsky-1960_pid5667291-15,193,-0.19250838985818897,0.2200217750519902,0.11068039909297056,0.3764201113637035,1.9510659002267587,0.7451884226757397,0.09844559585492228,0.17616580310880828,0.35233160621761656,0.49222797927461137,0.616580310880829,0.9119170984455959,artifacts/train70_models/Chopin_Op030No2_reference4_train70_hmm.npz,70,4,filter_map,4,Chopin_Op030No2,Chopin_Op030No2_Brailowsky-1960_pid9060-19__Chopin_Op030No2_Sofronitsky-1960_pid5667291-15
hmm_train70,Chopin_Op030No2_Brailowsky-1960_pid9060-19,Chopin_Op030No2_Uninsky-1959_pid9061-19,193,-0.11327504055784661,0.14522224126749128,0.05008845351471436,0.23455133834098627,0.8946713424036261,0.4736237233560096,0.17098445595854922,0.3005181347150259,0.49740932642487046,0.6010362694300518,0.7098445595854922,0.9585492227979274,artifacts/train70_models/Chopin_Op030No2_reference4_train70_hmm.npz,70,4,filter_map,4,Chopin_Op030No2,Chopin_Op030No2_Brailowsky-1960_pid9060-19__Chopin_Op030No2_Uninsky-1959_pid9061-19
hmm_train70,Chopin_Op030No2_Brailowsky-1960_pid9060-19,Chopin_Op030No2_Yaroshinskiy-2005_pid9081-10,193,-4.601242184319672,6.486341690811042,6.38326516553288,7.932721785460399,16.343288122448982,13.575968310204075,0.015544041450777202,0.025906735751295335,0.03626943005181347,0.05181347150259067,0.07253886010362694,0.12953367875647667,artifacts/train70_models/Chopin_Op030No2_reference4_train70_hmm.npz,70,4,filter_map,4,Chopin_Op030No2,Chopin_Op030No2_Brailowsky-1960_pid9060-19__Chopin_Op030No2_Yaroshinskiy-2005_pid9081-10
hmm_train70,Chopin_Op030No2_Chiu-1999_pid9048-19,Chopin_Op030No2_Olejniczac-1990_pid9100b-19,193,-0.18276131229072096,0.21623328912152237,0.1160999523809565,0.3565936957006109,1.9285264013605428,0.7703629523809461,0.10362694300518134,0.16062176165803108,0.2849740932642487,0.48186528497409326,0.6580310880829016,0.9067357512953368,artifacts/train70_models/Chopin_Op030No2_reference5_train70_hmm.npz,70,5,filter_map,4,Chopin_Op030No2,Chopin_Op030No2_Chiu-1999_pid9048-19__Chopin_Op030No2_Olejniczac-1990_pid9100b-19
hmm_train70,Chopin_Op030No2_Chiu-1999_pid9048-19,Chopin_Op030No2_Poblocka-1999_pid9093-19,193,-0.017915590426843358,0.13638801842256723,0.04111111111112109,0.3105601515635896,2.821066820861681,0.5502134267573664,0.18134715025906736,0.27461139896373055,0.5699481865284974,0.7046632124352331,0.7979274611398963,0.9222797927461139,artifacts/train70_models/Chopin_Op030No2_reference5_train70_hmm.npz,70,5,filter_map,4,Chopin_Op030No2,Chopin_Op030No2_Chiu-1999_pid9048-19__Chopin_Op030No2_Poblocka-1999_pid9093-19
hmm_train70,Chopin_Op030No2_Chiu-1999_pid9048-19,Chopin_Op030No2_Rangell-2001_pid9094-19,193,-0.03880986462702432,0.13413827622102442,0.05092970521541673,0.22176951283054316,0.8939681587301536,0.5401668317460292,0.12953367875647667,0.2694300518134715,0.49222797927461137,0.6217616580310881,0.7512953367875648,0.9430051813471503,artifacts/train70_models/Chopin_Op030No2_reference5_train70_hmm.npz,70,5,filter_map,4,Chopin_Op030No2,Chopin_Op030No2_Chiu-1999_pid9048-19__Chopin_Op030No2_Rangell-2001_pid9094-19
hmm_train70,Chopin_Op030No2_Chiu-1999_pid9048-19,Chopin_Op030No2_Rubinstein-1939_pid9049-19,193,-0.09780178476848611,0.17356270866965398,0.07773229024944328,0.28541258585210894,1.30814031292517,0.6827212290249486,0.11917098445595854,0.20725388601036268,0.43523316062176165,0.5492227979274611,0.7357512953367875,0.9119170984455959,artifacts/train70_models/Chopin_Op030No2_reference5_train70_hmm.npz,70,5,filter_map,4,Chopin_Op030No2,Chopin_Op030No2_Chiu-1999_pid9048-19__Chopin_Op030No2_Rubinstein-1939_pid9049-19
hmm_train70,Chopin_Op030No2_Chiu-1999_pid9048-19,Chopin_Op030No2_Rubinstein-1952_pid9075-19,193,-0.04065530965892373,0.14295396967560708,0.043809909297053196,0.22721934345801148,0.782539682539678,0.510349095691609,0.15544041450777202,0.30569948186528495,0.5077720207253886,0.6010362694300518,0.7253886010362695,0.9430051813471503,artifacts/train70_models/Chopin_Op030No2_reference5_train70_hmm.npz,70,5,filter_map,4,Chopin_Op030No2,Chopin_Op030No2_Chiu-1999_pid9048-19__Chopin_Op030No2_Rubinstein-1952_pid9075-19
hmm_train70,Chopin_Op030No2_Chiu-1999_pid9048-19,Chopin_Op030No2_Rubinstein-1966_pid9059-19,193,-0.013517158389437497,0.15564333025507476,0.046712158730159103,0.29022686601454023,1.5118822267573697,0.6428934521541896,0.11917098445595854,0.23834196891191708,0.5077720207253886,0.6476683937823834,0.7616580310880829,0.9119170984455959,artifacts/train70_models/Chopin_Op030No2_reference5_train70_hmm.npz,70,5,filter_map,4,Chopin_Op030No2,Chopin_Op030No2_Chiu-1999_pid9048-19__Chopin_Op030No2_Rubinstein-1966_pid9059-19
hmm_train70,Chopin_Op030No2_Chiu-1999_pid9048-19,Chopin_Op030No2_Shebanova-2002_pid9072-19,193,-0.07062479671730855,0.11296231993937664,0.043651287981859355,0.2196838497232751,1.538616780045352,0.45443095056688904,0.16580310880829016,0.2694300518134715,0.5492227979274611,0.6787564766839378,0.844559585492228,0.9637305699481865,artifacts/train70_models/Chopin_Op030No2_reference5_train70_hmm.npz,70,5,filter_map,4,Chopin_Op030No2,Chopin_Op030No2_Chiu-1999_pid9048-19__Chopin_Op030No2_Shebanova-2002_pid9072-19
hmm_train70,Chopin_Op030No2_Chiu-1999_pid9048-19,Chopin_Op030No2_Smith-1975_pid9054-19,193,-0.13126158434081714,0.21713159839272567,0.05907015419501249,0.38657440417539596,1.6553742902494264,0.9501866439909273,0.12953367875647667,0.24870466321243523,0.45595854922279794,0.5854922279792746,0.7305699481865285,0.8393782383419689,artifacts/train70_models/Chopin_Op030No2_reference5_train70_hmm.npz,70,5,filter_map,4,Chopin_Op030No2,Chopin_Op030No2_Chiu-1999_pid9048-19__Chopin_Op030No2_Smith-1975_pid9054-19
hmm_train70,Chopin_Op030No2_Chiu-1999_pid9048-19,Chopin_Op030No2_Sofronitsky-1960_pid5667291-15,193,-0.13539860990682884,0.17999910656421478,0.10231321768706891,0.2748564743177031,1.0542178276643988,0.5851783238095293,0.08808290155440414,0.14507772020725387,0.35233160621761656,0.49740932642487046,0.6735751295336787,0.917098445595855,artifacts/train70_models/Chopin_Op030No2_reference5_train70_hmm.npz,70,5,filter_map,4,Chopin_Op030No2,Chopin_Op030No2_Chiu-1999_pid9048-19__Chopin_Op030No2_Sofronitsky-1960_pid5667291-15
hmm_train70,Chopin_Op030No2_Chiu-1999_pid9048-19,Chopin_Op030No2_Uninsky-1959_pid9061-19,193,-0.0984414816068038,0.16260681686698766,0.07775552380954309,0.25015549415924093,0.9772789115646261,0.6095284852607717,0.11398963730569948,0.19689119170984457,0.37305699481865284,0.533678756476684,0.7098445595854922,0.9222797927461139,artifacts/train70_models/Chopin_Op030No2_reference5_train70_hmm.npz,70,5,filter_map,4,Chopin_Op030No2,Chopin_Op030No2_Chiu-1999_pid9048-19__Chopin_Op030No2_Uninsky-1959_pid9061-19
hmm_train70,Chopin_Op030No2_Chiu-1999_pid9048-19,Chopin_Op030No2_Yaroshinskiy-2005_pid9081-10,193,-3.1837165616415857,3.2563489154535765,2.628208757369613,4.432290209482251,13.94213165986394,8.540299431746027,0.015544041450777202,0.03626943005181347,0.07253886010362694,0.10880829015544041,0.19170984455958548,0.27979274611398963,artifacts/train70_models/Chopin_Op030No2_reference5_train70_hmm.npz,70,5,filter_map,4,Chopin_Op030No2,Chopin_Op030No2_Chiu-1999_pid9048-19__Chopin_Op030No2_Yaroshinskiy-2005_pid9081-10
hmm_train70,Chopin_Op030No2_Clidat-1994_pid9067-19,Chopin_Op030No2_Olejniczac-1990_pid9100b-19,193,-0.2852922033766878,0.30112717561359587,0.18834442630385695,0.47391705810038975,2.017279052154194,1.0937688199546498,0.02072538860103627,0.11398963730569948,0.26424870466321243,0.37823834196891193,0.5025906735751295,0.8238341968911918,artifacts/train70_models/Chopin_Op030No2_reference6_train70_hmm.npz,70,6,filter_map,4,Chopin_Op030No2,Chopin_Op030No2_Clidat-1994_pid9067-19__Chopin_Op030No2_Olejniczac-1990_pid9100b-19
hmm_train70,Chopin_Op030No2_Clidat-1994_pid9067-19,Chopin_Op030No2_Poblocka-1999_pid9093-19,193,-0.09404351090902599,0.11766533368580454,0.04115660317459913,0.20495166785747682,0.8675058095238057,0.47834006621315517,0.20207253886010362,0.35233160621761656,0.5544041450777202,0.6994818652849741,0.7875647668393783,0.9637305699481865,artifacts/train70_models/Chopin_Op030No2_reference6_train70_hmm.npz,70,6,filter_map,4,Chopin_Op030No2,Chopin_Op030No2_Clidat-1994_pid9067-19__Chopin_Op030No2_Poblocka-1999_pid9093-19
hmm_train70,Chopin_Op030No2_Clidat-1994_pid9067-19,Chopin_Op030No2_Rangell-2001_pid9094-19,193,-0.20822440577820048,0.2337055136230647,0.06600850793650537,0.4532364835701022,2.460634777777784,0.9391792789115636,0.17098445595854922,0.2694300518134715,0.46632124352331605,0.5492227979274611,0.6787564766839378,0.8756476683937824,artifacts/train70_models/Chopin_Op030No2_reference6_train70_hmm.npz,70,6,filter_map,4,Chopin_Op030No2,Chopin_Op030No2_Clidat-1994_pid9067-19__Chopin_Op030No2_Rangell-2001_pid9094-19
hmm_train70,Chopin_Op030No2_Clidat-1994_pid9067-19,Chopin_Op030No2_Rubinstein-1939_pid9049-19,193,-0.20807344573684416,0.22006717731721365,0.10045365532879202,0.36336321915757225,1.6249886621315284,0.8285644798185892,0.09326424870466321,0.17098445595854922,0.38341968911917096,0.49740932642487046,0.6476683937823834,0.8704663212435233,artifacts/train70_models/Chopin_Op030No2_reference6_train70_hmm.npz,70,6,filter_map,4,Chopin_Op030No2,Chopin_Op030No2_Clidat-1994_pid9067-19__Chopin_Op030No2_Rubinstein-1939_pid9049-19
hmm_train70,Chopin_Op030No2_Clidat-1994_pid9067-19,Chopin_Op030No2_Rubinstein-1952_pid9075-19,193,-0.14331154778940755,0.21814201930374855,0.07575963718820589,0.4084261120163512,2.529092970521546,0.7826667709750572,0.13989637305699482,0.2538860103626943,0.45595854922279794,0.538860103626943,0.6580310880829016,0.8756476683937824,artifacts/train70_models/Chopin_Op030No2_reference6_train70_hmm.npz,70,6,filter_map,4,Chopin_Op030No2,Chopin_Op030No2_Clidat-1994_pid9067-19__Chopin_Op030No2_Rubinstein-1952_pid9075-19
hmm_train70,Chopin_Op030No2_Clidat-1994_pid9067-19,Chopin_Op030No2_Rubinstein-1966_pid9059-19,193,-0.2099872304230848,0.3182184238247982,0.10462599092970493,0.7052960688149139,4.145986863945581,1.235601138321992,0.11917098445595854,0.18652849740932642,0.35751295336787564,0.48704663212435234,0.689119170984456,0.8393782383419689,artifacts/train70_models/Chopin_Op030No2_reference6_train70_hmm.npz,70,6,filter_map,4,Chopin_Op030No2,Chopin_Op030No2_Clidat-1994_pid9067-19__Chopin_Op030No2_Rubinstein-1966_pid9059-19
hmm_train70,Chopin_Op030No2_Clidat-1994_pid9067-19,Chopin_Op030No2_Shebanova-2002_pid9072-19,193,-0.3128933974950948,0.3346682166414059,0.16961465306122392,0.5528840676672209,2.7624941882086205,1.199745794104308,0.09844559585492228,0.18652849740932642,0.35751295336787564,0.42487046632124353,0.538860103626943,0.7616580310880829,artifacts/train70_models/Chopin_Op030No2_reference6_train70_hmm.npz,70,6,filter_map,4,Chopin_Op030No2,Chopin_Op030No2_Clidat-1994_pid9067-19__Chopin_Op030No2_Shebanova-2002_pid9072-19
hmm_train70,Chopin_Op030No2_Clidat-1994_pid9067-19,Chopin_Op030No2_Smith-1975_pid9054-19,193,-0.3734894508829436,0.39582963524960907,0.11981795011337226,0.8772942313437183,5.078390022675734,1.8222489129251707,0.11398963730569948,0.22279792746113988,0.3626943005181347,0.46632124352331605,0.5751295336787565,0.7875647668393783,artifacts/train70_models/Chopin_Op030No2_reference6_train70_hmm.npz,70,6,filter_map,4,Chopin_Op030No2,Chopin_Op030No2_Clidat-1994_pid9067-19__Chopin_Op030No2_Smith-1975_pid9054-19
hmm_train70,Chopin_Op030No2_Clidat-1994_pid9067-19,Chopin_Op030No2_Sofronitsky-1960_pid5667291-15,193,-0.3231307105260078,0.37434978406353986,0.20297084580498392,0.6293723660087572,3.0969162403628125,1.345051663038542,0.08290155440414508,0.15025906735751296,0.2538860103626943,0.32124352331606215,0.48704663212435234,0.772020725388601,artifacts/train70_models/Chopin_Op030No2_reference6_train70_hmm.npz,70,6,filter_map,4,Chopin_Op030No2,Chopin_Op030No2_Clidat-1994_pid9067-19__Chopin_Op030No2_Sofronitsky-1960_pid5667291-15
hmm_train70,Chopin_Op030No2_Clidat-1994_pid9067-19,Chopin_Op030No2_Uninsky-1959_pid9061-19,193,-0.11216303081785275,0.19258426837263548,0.09861575056691407,0.3123695870226091,1.2983900226757328,0.6495418693877538,0.13471502590673576,0.22797927461139897,0.38341968911917096,0.5025906735751295,0.6632124352331606,0.8963730569948186,artifacts/train70_models/Chopin_Op030No2_reference6_train70_hmm.npz,70,6,filter_map,4,Chopin_Op030No2,Chopin_Op030No2_Clidat-1994_pid9067-19__Chopin_Op030No2_Uninsky-1959_pid9061-19
hmm_train70,Chopin_Op030No2_Clidat-1994_pid9067-19,Chopin_Op030No2_Yaroshinskiy-2005_pid9081-10,193,-9.398660409878635,9.420805364961875,5.50866260090703,12.71273625082173,26.973650934240354,25.102389061678075,0.010362694300518135,0.02072538860103627,0.025906735751295335,0.03626943005181347,0.06217616580310881,0.11398963730569948,artifacts/train70_models/Chopin_Op030No2_reference6_train70_hmm.npz,70,6,filter_map,4,Chopin_Op030No2,Chopin_Op030No2_Clidat-1994_pid9067-19__Chopin_Op030No2_Yaroshinskiy-2005_pid9081-10
hmm_train70,Chopin_Op030No2_Cortot-1951_pid9066-19,Chopin_Op030No2_Olejniczac-1990_pid9100b-19,193,-0.24550379228789934,0.3151779339113876,0.235101782312924,0.47688804302035875,2.766712158730158,0.8154195573696134,0.06735751295336788,0.10362694300518134,0.21243523316062177,0.32124352331606215,0.42487046632124353,0.8082901554404145,artifacts/train70_models/Chopin_Op030No2_reference7_train70_hmm.npz,70,7,filter_map,4,Chopin_Op030No2,Chopin_Op030No2_Cortot-1951_pid9066-19__Chopin_Op030No2_Olejniczac-1990_pid9100b-19
hmm_train70,Chopin_Op030No2_Cortot-1951_pid9066-19,Chopin_Op030No2_Poblocka-1999_pid9093-19,193,-0.14571154608579015,0.28611934139320494,0.10510091609971539,0.5153102705672447,2.415169535147399,1.3146756526077095,0.13471502590673576,0.2538860103626943,0.38860103626943004,0.48704663212435234,0.5803108808290155,0.8186528497409327,artifacts/train70_models/Chopin_Op030No2_reference7_train70_hmm.npz,70,7,filter_map,4,Chopin_Op030No2,Chopin_Op030No2_Cortot-1951_pid9066-19__Chopin_Op030No2_Poblocka-1999_pid9093-19
hmm_train70,Chopin_Op030No2_Cortot-1951_pid9066-19,Chopin_Op030No2_Rangell-2001_pid9094-19,193,-0.14480421579547184,0.18396185686087876,0.06966010204081385,0.32786488083696386,2.345215027210884,0.624476274829934,0.14507772020725387,0.2538860103626943,0.44559585492227977,0.5440414507772021,0.6632124352331606,0.917098445595855,artifacts/train70_models/Chopin_Op030No2_reference7_train70_hmm.npz,70,7,filter_map,4,Chopin_Op030No2,Chopin_Op030No2_Cortot-1951_pid9066-19__Chopin_Op030No2_Rangell-2001_pid9094-19
hmm_train70,Chopin_Op030No2_Cortot-1951_pid9066-19,Chopin_Op030No2_Rubinstein-1939_pid9049-19,193,-0.2386232103086499,0.27568594034988925,0.13242644444444807,0.49715778020917556,2.9432877732426306,0.8490523773242639,0.09844559585492228,0.16062176165803108,0.3471502590673575,0.43523316062176165,0.5803108808290155,0.8393782383419689,artifacts/train70_models/Chopin_Op030No2_reference7_train70_hmm.npz,70,7,filter_map,4,Chopin_Op030No2,Chopin_Op030No2_Cortot-1951_pid9066-19__Chopin_Op030No2_Rubinstein-1939_pid9049-19
hmm_train70,Chopin_Op030No2_Cortot-1951_pid9066-19,Chopin_Op030No2_Rubinstein-1952_pid9075-19,193,-0.11015748017341478,0.27917303901871565,0.1369610975056723,0.450580165789945,2.0636739455782305,1.0706530893423947,0.11398963730569948,0.18652849740932642,0.35751295336787564,0.43523316062176165,0.5699481865284974,0.7979274611398963,artifacts/train70_models/Chopin_Op030No2_reference7_train70_hmm.npz,70,7,filter_map,4,Chopin_Op030No2,Chopin_Op030No2_Cortot-1951_pid9066-19__Chopin_Op030No2_Rubinstein-1952_pid9075-19
hmm_train70,Chopin_Op030No2_Cortot-1951_pid9066-19,Chopin_Op030No2_Rubinstein-1966_pid9059-19,193,-0.13725679495494295,0.3862599983198831,0.24564639909296915,0.5612642242939895,1.8111560702947855,1.2244988099773315,0.05699481865284974,0.12953367875647667,0.27979274611398963,0.35751295336787564,0.46632124352331605,0.6735751295336787,artifacts/train70_models/Chopin_Op030No2_reference7_train70_hmm.npz,70,7,filter_map,4,Chopin_Op030No2,Chopin_Op030No2_Cortot-1951_pid9066-19__Chopin_Op030No2_Rubinstein-1966_pid9059-19
hmm_train70,Chopin_Op030No2_Cortot-1951_pid9066-19,Chopin_Op030No2_Shebanova-2002_pid9072-19,193,-0.28727621150705407,0.32942677722557023,0.1684108707482892,0.5572495008193675,3.1143761587301526,1.022078146031738,0.08290155440414508,0.15544041450777202,0.31088082901554404,0.43523316062176165,0.5284974093264249,0.7616580310880829,artifacts/train70_models/Chopin_Op030No2_reference7_train70_hmm.npz,70,7,filter_map,4,Chopin_Op030No2,Chopin_Op030No2_Cortot-1951_pid9066-19__Chopin_Op030No2_Shebanova-2002_pid9072-19
hmm_train70,Chopin_Op030No2_Cortot-1951_pid9066-19,Chopin_Op030No2_Smith-1975_pid9054-19,193,-0.3205310201849298,0.3726507308284275,0.18503415419501135,0.6112307399189365,2.4603628117913843,1.4924990068027189,0.07772020725388601,0.15544041450777202,0.32124352331606215,0.41450777202072536,0.5284974093264249,0.7409326424870466,artifacts/train70_models/Chopin_Op030No2_reference7_train70_hmm.npz,70,7,filter_map,4,Chopin_Op030No2,Chopin_Op030No2_Cortot-1951_pid9066-19__Chopin_Op030No2_Smith-1975_pid9054-19
hmm_train70,Chopin_Op030No2_Cortot-1951_pid9066-19,Chopin_Op030No2_Sofronitsky-1960_pid5667291-15,193,-0.3786543315357211,0.43827802490806184,0.2840588163265352,0.6943139994737385,2.5946031315192712,1.7773989219954496,0.031088082901554404,0.08808290155440414,0.24352331606217617,0.35233160621761656,0.40932642487046633,0.7150259067357513,artifacts/train70_models/Chopin_Op030No2_reference7_train70_hmm.npz,70,7,filter_map,4,Chopin_Op030No2,Chopin_Op030No2_Cortot-1951_pid9066-19__Chopin_Op030No2_Sofronitsky-1960_pid5667291-15
hmm_train70,Chopin_Op030No2_Cortot-1951_pid9066-19,Chopin_Op030No2_Uninsky-1959_pid9061-19,193,-0.15063477467601805,0.2507422252182387,0.13641723582766474,0.4094467276977509,1.7516555487528365,0.8439003111111119,0.13471502590673576,0.20725388601036268,0.3316062176165803,0.45077720207253885,0.5906735751295337,0.8341968911917098,artifacts/train70_models/Chopin_Op030No2_reference7_train70_hmm.npz,70,7,filter_map,4,Chopin_Op030No2,Chopin_Op030No2_Cortot-1951_pid9066-19__Chopin_Op030No2_Uninsky-1959_pid9061-19
hmm_train70,Chopin_Op030No2_Cortot-1951_pid9066-19,Chopin_Op030No2_Yaroshinskiy-2005_pid9081-10,193,-5.56808624671907,5.658998003395489,3.5671653900226765,7.61242286411098,18.398027351473928,14.339764256689344,0.010362694300518135,0.025906735751295335,0.04145077720207254,0.05699481865284974,0.07772020725388601,0.19689119170984457,artifacts/train70_models/Chopin_Op030No2_reference7_train70_hmm.npz,70,7,filter_map,4,Chopin_Op030No2,Chopin_Op030No2_Cortot-1951_pid9066-19__Chopin_Op030No2_Yaroshinskiy-2005_pid9081-10
hmm_train70,Chopin_Op030No2_Ferenczy-1956_pid9097-04,Chopin_Op030No2_Olejniczac-1990_pid9100b-19,193,-0.275793606734578,0.29208184112885366,0.17525880272108907,0.5103135252612229,3.705261158730167,0.9204530766439929,0.06735751295336788,0.11917098445595854,0.26424870466321243,0.40932642487046633,0.5284974093264249,0.8393782383419689,artifacts/train70_models/Chopin_Op030No2_reference8_train70_hmm.npz,70,8,filter_map,4,Chopin_Op030No2,Chopin_Op030No2_Ferenczy-1956_pid9097-04__Chopin_Op030No2_Olejniczac-1990_pid9100b-19
hmm_train70,Chopin_Op030No2_Ferenczy-1956_pid9097-04,Chopin_Op030No2_Poblocka-1999_pid9093-19,193,-0.1399312856672884,0.1822465668111793,0.04734707936508187,0.3400713224864199,1.986984514739234,0.663405218140589,0.10880829015544041,0.24870466321243523,0.5077720207253886,0.6321243523316062,0.7409326424870466,0.8756476683937824,artifacts/train70_models/Chopin_Op030No2_reference8_train70_hmm.npz,70,8,filter_map,4,Chopin_Op030No2,Chopin_Op030No2_Ferenczy-1956_pid9097-04__Chopin_Op030No2_Poblocka-1999_pid9093-19
hmm_train70,Chopin_Op030No2_Ferenczy-1956_pid9097-04,Chopin_Op030No2_Rangell-2001_pid9094-19,193,-0.10412132864544857,0.1525400151915698,0.05070260090702661,0.2690915761799412,1.7126758775510211,0.5939501696145086,0.10362694300518134,0.23316062176165803,0.49740932642487046,0.6373056994818653,0.7512953367875648,0.9119170984455959,artifacts/train70_models/Chopin_Op030No2_reference8_train70_hmm.npz,70,8,filter_map,4,Chopin_Op030No2,Chopin_Op030No2_Ferenczy-1956_pid9097-04__Chopin_Op030No2_Rangell-2001_pid9094-19
hmm_train70,Chopin_Op030No2_Ferenczy-1956_pid9097-04,Chopin_Op030No2_Rubinstein-1939_pid9049-19,193,-0.21653826502414605,0.2657549781936966,0.11886607256235848,0.4169785322398253,1.7256237233560086,0.8323628399092984,0.06735751295336788,0.14507772020725387,0.31088082901554404,0.47668393782383417,0.5492227979274611,0.8082901554404145,artifacts/train70_models/Chopin_Op030No2_reference8_train70_hmm.npz,70,8,filter_map,4,Chopin_Op030No2,Chopin_Op030No2_Ferenczy-1956_pid9097-04__Chopin_Op030No2_Rubinstein-1939_pid9049-19
hmm_train70,Chopin_Op030No2_Ferenczy-1956_pid9097-04,Chopin_Op030No2_Rubinstein-1952_pid9075-19,193,-0.1398990096577483,0.18373642448274646,0.05433106575964075,0.3523993623625273,1.7477099954648523,0.6061226458049884,0.11917098445595854,0.21761658031088082,0.48186528497409326,0.6269430051813472,0.7305699481865285,0.917098445595855,artifacts/train70_models/Chopin_Op030No2_reference8_train70_hmm.npz,70,8,filter_map,4,Chopin_Op030No2,Chopin_Op030No2_Ferenczy-1956_pid9097-04__Chopin_Op030No2_Rubinstein-1952_pid9075-19
hmm_train70,Chopin_Op030No2_Ferenczy-1956_pid9097-04,Chopin_Op030No2_Rubinstein-1966_pid9059-19,193,-0.18438428866330686,0.2226612657173428,0.08417192517006811,0.3902575692964752,1.9022674308389966,0.9030115573696164,0.11917098445595854,0.21761658031088082,0.39896373056994816,0.5129533678756477,0.6839378238341969,0.8652849740932642,artifacts/train70_models/Chopin_Op030No2_reference8_train70_hmm.npz,70,8,filter_map,4,Chopin_Op030No2,Chopin_Op030No2_Ferenczy-1956_pid9097-04__Chopin_Op030No2_Rubinstein-1966_pid9059-19
hmm_train70,Chopin_Op030No2_Ferenczy-1956_pid9097-04,Chopin_Op030No2_Shebanova-2002_pid9072-19,193,-0.26111096336635004,0.29397145457215895,0.11680229931972974,0.491914937125315,2.4046254217687135,1.1327345455782298,0.07772020725388601,0.17098445595854922,0.34196891191709844,0.46632124352331605,0.5854922279792746,0.8134715025906736,artifacts/train70_models/Chopin_Op030No2_reference8_train70_hmm.npz,70,8,filter_map,4,Chopin_Op030No2,Chopin_Op030No2_Ferenczy-1956_pid9097-04__Chopin_Op030No2_Shebanova-2002_pid9072-19
hmm_train70,Chopin_Op030No2_Ferenczy-1956_pid9097-04,Chopin_Op030No2_Smith-1975_pid9054-19,193,-0.2746740097399911,0.29726050806574694,0.105216403628134,0.5113307012663619,2.223016013605445,1.1581357691609946,0.10880829015544041,0.19689119170984457,0.38341968911917096,0.47668393782383417,0.6269430051813472,0.7979274611398963,artifacts/train70_models/Chopin_Op030No2_reference8_train70_hmm.npz,70,8,filter_map,4,Chopin_Op030No2,Chopin_Op030No2_Ferenczy-1956_pid9097-04__Chopin_Op030No2_Smith-1975_pid9054-19
hmm_train70,Chopin_Op030No2_Ferenczy-1956_pid9097-04,Chopin_Op030No2_Sofronitsky-1960_pid5667291-15,193,-0.23406919364844336,0.24328576472454283,0.09566889115646404,0.40462421549081923,1.797165673469388,0.8026485492063521,0.10362694300518134,0.22279792746113988,0.43005181347150256,0.5129533678756477,0.5958549222797928,0.8497409326424871,artifacts/train70_models/Chopin_Op030No2_reference8_train70_hmm.npz,70,8,filter_map,4,Chopin_Op030No2,Chopin_Op030No2_Ferenczy-1956_pid9097-04__Chopin_Op030No2_Sofronitsky-1960_pid5667291-15
hmm_train70,Chopin_Op030No2_Ferenczy-1956_pid9097-04,Chopin_Op030No2_Uninsky-1959_pid9061-19,193,-0.13769625511966357,0.184804690188337,0.053968253968250224,0.3130657188780817,1.3327665804988662,0.7125078535147399,0.10362694300518134,0.21761658031088082,0.48186528497409326,0.5803108808290155,0.7098445595854922,0.8963730569948186,artifacts/train70_models/Chopin_Op030No2_reference8_train70_hmm.npz,70,8,filter_map,4,Chopin_Op030No2,Chopin_Op030No2_Ferenczy-1956_pid9097-04__Chopin_Op030No2_Uninsky-1959_pid9061-19
hmm_train70,Chopin_Op030No2_Ferenczy-1956_pid9097-04,Chopin_Op030No2_Yaroshinskiy-2005_pid9081-10,193,-7.280830974880453,7.3439855219649175,4.6666668072562345,9.93352040774414,22.04752848526077,20.28430391111111,0.02072538860103627,0.05181347150259067,0.08808290155440414,0.09326424870466321,0.10362694300518134,0.18134715025906736,artifacts/train70_models/Chopin_Op030No2_reference8_train70_hmm.npz,70,8,filter_map,4,Chopin_Op030No2,Chopin_Op030No2_Ferenczy-1956_pid9097-04__Chopin_Op030No2_Yaroshinskiy-2005_pid9081-10
hmm_train70,Chopin_Op030No2_Fiorentino-1961_pid9065-14,Chopin_Op030No2_Olejniczac-1990_pid9100b-19,193,-0.18176485541574158,0.2225997437171763,0.11183736507936537,0.4123503885643755,2.081610117913833,0.8467029759637172,0.06735751295336788,0.17616580310880828,0.35751295336787564,0.49222797927461137,0.6580310880829016,0.9067357512953368,artifacts/train70_models/Chopin_Op030No2_reference9_train70_hmm.npz,70,9,filter_map,4,Chopin_Op030No2,Chopin_Op030No2_Fiorentino-1961_pid9065-14__Chopin_Op030No2_Olejniczac-1990_pid9100b-19
hmm_train70,Chopin_Op030No2_Fiorentino-1961_pid9065-14,Chopin_Op030No2_Poblocka-1999_pid9093-19,193,-0.03910143384676723,0.10979411050015757,0.04294798639457298,0.2063117708657417,1.2317458911564643,0.4578322557823086,0.17098445595854922,0.27461139896373055,0.538860103626943,0.7150259067357513,0.8497409326424871,0.9689119170984456,artifacts/train70_models/Chopin_Op030No2_reference9_train70_hmm.npz,70,9,filter_map,4,Chopin_Op030No2,Chopin_Op030No2_Fiorentino-1961_pid9065-14__Chopin_Op030No2_Poblocka-1999_pid9093-19
hmm_train70,Chopin_Op030No2_Fiorentino-1961_pid9065-14,Chopin_Op030No2_Rangell-2001_pid9094-19,193,-0.034777347608474556,0.08767694165403815,0.03600907029478506,0.18835997758979184,1.3573924308390026,0.292975141043081,0.14507772020725387,0.29533678756476683,0.6217616580310881,0.7772020725388601,0.8911917098445595,0.9740932642487047,artifacts/train70_models/Chopin_Op030No2_reference9_train70_hmm.npz,70,9,filter_map,4,Chopin_Op030No2,Chopin_Op030No2_Fiorentino-1961_pid9065-14__Chopin_Op030No2_Rangell-2001_pid9094-19
hmm_train70,Chopin_Op030No2_Fiorentino-1961_pid9065-14,Chopin_Op030No2_Rubinstein-1939_pid9049-19,193,-0.12653838978769313,0.1488057141212255,0.051950113378694596,0.2887396719153856,1.5893198684807217,0.713415106575961,0.09844559585492228,0.19689119170984457,0.48186528497409326,0.6683937823834197,0.8082901554404145,0.9326424870466321,artifacts/train70_models/Chopin_Op030No2_reference9_train70_hmm.npz,70,9,filter_map,4,Chopin_Op030No2,Chopin_Op030No2_Fiorentino-1961_pid9065-14__Chopin_Op030No2_Rubinstein-1939_pid9049-19
hmm_train70,Chopin_Op030No2_Fiorentino-1961_pid9065-14,Chopin_Op030No2_Rubinstein-1952_pid9075-19,193,-0.0907497880112312,0.13266674372892207,0.040181546485261066,0.28563839557579657,2.0193198684807214,0.6200137909297003,0.18652849740932642,0.3471502590673575,0.5647668393782384,0.7357512953367875,0.8082901554404145,0.9378238341968912,artifacts/train70_models/Chopin_Op030No2_reference9_train70_hmm.npz,70,9,filter_map,4,Chopin_Op030No2,Chopin_Op030No2_Fiorentino-1961_pid9065-14__Chopin_Op030No2_Rubinstein-1952_pid9075-19
hmm_train70,Chopin_Op030No2_Fiorentino-1961_pid9065-14,Chopin_Op030No2_Rubinstein-1966_pid9059-19,193,-0.07764285098633507,0.15842912706637036,0.05689328344671196,0.29601396721804457,2.1871429977324226,0.5016869315192714,0.11398963730569948,0.20725388601036268,0.46113989637305697,0.5958549222797928,0.7512953367875648,0.9481865284974094,artifacts/train70_models/Chopin_Op030No2_reference9_train70_hmm.npz,70,9,filter_map,4,Chopin_Op030No2,Chopin_Op030No2_Fiorentino-1961_pid9065-14__Chopin_Op030No2_Rubinstein-1966_pid9059-19
hmm_train70,Chopin_Op030No2_Fiorentino-1961_pid9065-14,Chopin_Op030No2_Shebanova-2002_pid9072-19,193,-0.15626471671777545,0.18376095099456033,0.052244705215422016,0.34655996670779815,1.7573924308390012,0.7982359682539676,0.12435233160621761,0.23834196891191708,0.49222797927461137,0.6113989637305699,0.7357512953367875,0.8963730569948186,artifacts/train70_models/Chopin_Op030No2_reference9_train70_hmm.npz,70,9,filter_map,4,Chopin_Op030No2,Chopin_Op030No2_Fiorentino-1961_pid9065-14__Chopin_Op030No2_Shebanova-2002_pid9072-19
hmm_train70,Chopin_Op030No2_Fiorentino-1961_pid9065-14,Chopin_Op030No2_Smith-1975_pid9054-19,193,-0.05144796866518599,0.15562981959277578,0.05394557823129276,0.26422680856656644,1.4976862925170025,0.55814526530612,0.12953367875647667,0.23834196891191708,0.48186528497409326,0.5803108808290155,0.7098445595854922,0.9326424870466321,artifacts/train70_models/Chopin_Op030No2_reference9_train70_hmm.npz,70,9,filter_map,4,Chopin_Op030No2,Chopin_Op030No2_Fiorentino-1961_pid9065-14__Chopin_Op030No2_Smith-1975_pid9054-19
hmm_train70,Chopin_Op030No2_Fiorentino-1961_pid9065-14,Chopin_Op030No2_Sofronitsky-1960_pid5667291-15,193,-0.12318985581521229,0.15931029184731102,0.06782326984126996,0.2488445945589592,1.169319868480727,0.5546530208616801,0.09844559585492228,0.20207253886010362,0.39896373056994816,0.5492227979274611,0.694300518134715,0.927461139896373,artifacts/train70_models/Chopin_Op030No2_reference9_train70_hmm.npz,70,9,filter_map,4,Chopin_Op030No2,Chopin_Op030No2_Fiorentino-1961_pid9065-14__Chopin_Op030No2_Sofronitsky-1960_pid5667291-15
hmm_train70,Chopin_Op030No2_Fiorentino-1961_pid9065-14,Chopin_Op030No2_Uninsky-1959_pid9061-19,193,-0.049546880288556895,0.15134076204575067,0.049773383219953615,0.26564659913099986,1.2314060362811858,0.6021406204081512,0.13989637305699482,0.23316062176165803,0.5025906735751295,0.6062176165803109,0.7202072538860104,0.9430051813471503,artifacts/train70_models/Chopin_Op030No2_reference9_train70_hmm.npz,70,9,filter_map,4,Chopin_Op030No2,Chopin_Op030No2_Fiorentino-1961_pid9065-14__Chopin_Op030No2_Uninsky-1959_pid9061-19
hmm_train70,Chopin_Op030No2_Fiorentino-1961_pid9065-14,Chopin_Op030No2_Yaroshinskiy-2005_pid9081-10,193,-3.861338672975926,6.535373151610211,6.131156321995466,8.08592957410599,19.11811805442177,15.042344136961477,0.010362694300518135,0.031088082901554404,0.046632124352331605,0.05181347150259067,0.07253886010362694,0.10880829015544041,artifacts/train70_models/Chopin_Op030No2_reference9_train70_hmm.npz,70,9,filter_map,4,Chopin_Op030No2,Chopin_Op030No2_Fiorentino-1961_pid9065-14__Chopin_Op030No2_Yaroshinskiy-2005_pid9081-10
hmm_train70,Chopin_Op030No2_Fliere-1977_pid9063-19,Chopin_Op030No2_Olejniczac-1990_pid9100b-19,193,-0.17290471187715173,0.18527767079059584,0.09904607256238762,0.2781730498911733,0.938208897959182,0.5709933369614488,0.12435233160621761,0.24352331606217617,0.42487046632124353,0.5025906735751295,0.6269430051813472,0.9222797927461139,artifacts/train70_models/Chopin_Op030No2_reference10_train70_hmm.npz,70,10,filter_map,4,Chopin_Op030No2,Chopin_Op030No2_Fliere-1977_pid9063-19__Chopin_Op030No2_Olejniczac-1990_pid9100b-19
hmm_train70,Chopin_Op030No2_Fliere-1977_pid9063-19,Chopin_Op030No2_Poblocka-1999_pid9093-19,193,-0.1304416527674972,0.16710537093040947,0.04194997278911394,0.2937018961691363,1.4212246303854812,0.6708446140589578,0.11917098445595854,0.30569948186528495,0.533678756476684,0.6373056994818653,0.7202072538860104,0.9067357512953368,artifacts/train70_models/Chopin_Op030No2_reference10_train70_hmm.npz,70,10,filter_map,4,Chopin_Op030No2,Chopin_Op030No2_Fliere-1977_pid9063-19__Chopin_Op030No2_Poblocka-1999_pid9093-19
hmm_train70,Chopin_Op030No2_Fliere-1977_pid9063-19,Chopin_Op030No2_Rangell-2001_pid9094-19,193,-0.13679524723603115,0.18519736348149285,0.04768716780045423,0.3514623274931033,1.8299546485260834,0.8398141995464806,0.16580310880829016,0.26424870466321243,0.5025906735751295,0.6321243523316062,0.7357512953367875,0.8911917098445595,artifacts/train70_models/Chopin_Op030No2_reference10_train70_hmm.npz,70,10,filter_map,4,Chopin_Op030No2,Chopin_Op030No2_Fliere-1977_pid9063-19__Chopin_Op030No2_Rangell-2001_pid9094-19
hmm_train70,Chopin_Op030No2_Fliere-1977_pid9063-19,Chopin_Op030No2_Rubinstein-1939_pid9049-19,193,-0.2064881720771209,0.2607181878208961,0.10698201814059871,0.47445499153344317,2.684784721088434,1.0363625306122488,0.13471502590673576,0.22279792746113988,0.39896373056994816,0.49740932642487046,0.6010362694300518,0.8652849740932642,artifacts/train70_models/Chopin_Op030No2_reference10_train70_hmm.npz,70,10,filter_map,4,Chopin_Op030No2,Chopin_Op030No2_Fliere-1977_pid9063-19__Chopin_Op030No2_Rubinstein-1939_pid9049-19
hmm_train70,Chopin_Op030No2_Fliere-1977_pid9063-19,Chopin_Op030No2_Rubinstein-1952_pid9075-19,193,-0.11647790050873508,0.15633537487810265,0.03240403401360936,0.321849381171619,1.5934013605442132,0.7740179383219915,0.17616580310880828,0.35233160621761656,0.5958549222797928,0.694300518134715,0.772020725388601,0.917098445595855,artifacts/train70_models/Chopin_Op030No2_reference10_train70_hmm.npz,70,10,filter_map,4,Chopin_Op030No2,Chopin_Op030No2_Fliere-1977_pid9063-19__Chopin_Op030No2_Rubinstein-1952_pid9075-19
hmm_train70,Chopin_Op030No2_Fliere-1977_pid9063-19,Chopin_Op030No2_Rubinstein-1966_pid9059-19,193,-0.1701459199769713,0.2588380197737132,0.07682478911563351,0.47277477629506964,2.2685942448979546,1.1382358058956867,0.09844559585492228,0.20725388601036268,0.41968911917098445,0.533678756476684,0.6580310880829016,0.8290155440414507,artifacts/train70_models/Chopin_Op030No2_reference10_train70_hmm.npz,70,10,filter_map,4,Chopin_Op030No2,Chopin_Op030No2_Fliere-1977_pid9063-19__Chopin_Op030No2_Rubinstein-1966_pid9059-19
hmm_train70,Chopin_Op030No2_Fliere-1977_pid9063-19,Chopin_Op030No2_Shebanova-2002_pid9072-19,193,-0.12247088409526374,0.16832825300483015,0.04734623582766062,0.30653055328216927,1.927982,0.5904672045351487,0.15025906735751296,0.31088082901554404,0.5233160621761658,0.6269430051813472,0.7046632124352331,0.917098445595855,artifacts/train70_models/Chopin_Op030No2_reference10_train70_hmm.npz,70,10,filter_map,4,Chopin_Op030No2,Chopin_Op030No2_Fliere-1977_pid9063-19__Chopin_Op030No2_Shebanova-2002_pid9072-19
hmm_train70,Chopin_Op030No2_Fliere-1977_pid9063-19,Chopin_Op030No2_Smith-1975_pid9054-19,193,-1.753851749568224,1.8049821721828663,0.23917955102040978,3.915815543855417,12.060022675736963,11.1912197845805,0.05699481865284974,0.14507772020725387,0.29533678756476683,0.36787564766839376,0.46632124352331605,0.6269430051813472,artifacts/train70_models/Chopin_Op030No2_reference10_train70_hmm.npz,70,10,filter_map,4,Chopin_Op030No2,Chopin_Op030No2_Fliere-1977_pid9063-19__Chopin_Op030No2_Smith-1975_pid9054-19
hmm_train70,Chopin_Op030No2_Fliere-1977_pid9063-19,Chopin_Op030No2_Sofronitsky-1960_pid5667291-15,193,-0.174751254614453,0.19785328184883552,0.09514670068026021,0.3060312190927403,1.1729935215419545,0.6505397741496551,0.12953367875647667,0.24870466321243523,0.41968911917098445,0.5077720207253886,0.6269430051813472,0.8808290155440415,artifacts/train70_models/Chopin_Op030No2_reference10_train70_hmm.npz,70,10,filter_map,4,Chopin_Op030No2,Chopin_Op030No2_Fliere-1977_pid9063-19__Chopin_Op030No2_Sofronitsky-1960_pid5667291-15
hmm_train70,Chopin_Op030No2_Fliere-1977_pid9063-19,Chopin_Op030No2_Uninsky-1959_pid9061-19,193,-0.1287979796858299,0.19094102253474785,0.0908825260770918,0.2910010290672412,1.2209525215419532,0.5932246684807225,0.09326424870466321,0.21761658031088082,0.39378238341968913,0.5077720207253886,0.616580310880829,0.9222797927461139,artifacts/train70_models/Chopin_Op030No2_reference10_train70_hmm.npz,70,10,filter_map,4,Chopin_Op030No2,Chopin_Op030No2_Fliere-1977_pid9063-19__Chopin_Op030No2_Uninsky-1959_pid9061-19
hmm_train70,Chopin_Op030No2_Fliere-1977_pid9063-19,Chopin_Op030No2_Yaroshinskiy-2005_pid9081-10,193,-3.1247286914219954,3.482469671178319,2.7597507936507917,4.5177137962997875,11.206485260770975,9.22761017732426,0.031088082901554404,0.046632124352331605,0.05181347150259067,0.06217616580310881,0.10362694300518134,0.19689119170984457,artifacts/train70_models/Chopin_Op030No2_reference10_train70_hmm.npz,70,10,filter_map,4,Chopin_Op030No2,Chopin_Op030No2_Fliere-1977_pid9063-19__Chopin_Op030No2_Yaroshinskiy-2005_pid9081-10
hmm_train70,Chopin_Op030No2_Fou-1978_pid9071-30,Chopin_Op030No2_Olejniczac-1990_pid9100b-19,193,-0.14362410443763027,0.17065057238024742,0.061428712018141596,0.2847911502372697,1.653673609977318,0.6225035356009111,0.11917098445595854,0.21761658031088082,0.41450777202072536,0.5699481865284974,0.7046632124352331,0.8963730569948186,artifacts/train70_models/Chopin_Op030No2_reference11_train70_hmm.npz,70,11,filter_map,4,Chopin_Op030No2,Chopin_Op030No2_Fou-1978_pid9071-30__Chopin_Op030No2_Olejniczac-1990_pid9100b-19
hmm_train70,Chopin_Op030No2_Fou-1978_pid9071-30,Chopin_Op030No2_Poblocka-1999_pid9093-19,193,-0.03973324533267279,0.1333740444350434,0.05283432653061482,0.23323648760359128,1.6714285714285637,0.45953716009082457,0.13989637305699482,0.22279792746113988,0.46113989637305697,0.616580310880829,0.7979274611398963,0.9585492227979274,artifacts/train70_models/Chopin_Op030No2_reference11_train70_hmm.npz,70,11,filter_map,4,Chopin_Op030No2,Chopin_Op030No2_Fou-1978_pid9071-30__Chopin_Op030No2_Poblocka-1999_pid9093-19
hmm_train70,Chopin_Op030No2_Fou-1978_pid9071-30,Chopin_Op030No2_Rangell-2001_pid9094-19,193,-0.1170313439545063,0.1958401308378279,0.053401501133777174,0.38383886528549677,2.5732199365079325,0.8572382412698359,0.09844559585492228,0.19170984455958548,0.48704663212435234,0.616580310880829,0.7357512953367875,0.8756476683937824,artifacts/train70_models/Chopin_Op030No2_reference11_train70_hmm.npz,70,11,filter_map,4,Chopin_Op030No2,Chopin_Op030No2_Fou-1978_pid9071-30__Chopin_Op030No2_Rangell-2001_pid9094-19
hmm_train70,Chopin_Op030No2_Fou-1978_pid9071-30,Chopin_Op030No2_Rubinstein-1939_pid9049-19,193,-0.16934878292387676,0.22646437224630678,0.07818563265306366,0.41374338200417377,2.590204204081637,0.8917688526077083,0.08290155440414508,0.20207253886010362,0.43005181347150256,0.5440414507772021,0.6683937823834197,0.8601036269430051,artifacts/train70_models/Chopin_Op030No2_reference11_train70_hmm.npz,70,11,filter_map,4,Chopin_Op030No2,Chopin_Op030No2_Fou-1978_pid9071-30__Chopin_Op030No2_Rubinstein-1939_pid9049-19
hmm_train70,Chopin_Op030No2_Fou-1978_pid9071-30,Chopin_Op030No2_Rubinstein-1952_pid9075-19,193,-0.06161779773947784,0.13754372090045341,0.03947733333333758,0.2786331623168504,1.461995126984121,0.6602901650793664,0.16062176165803108,0.3160621761658031,0.5595854922279793,0.694300518134715,0.8082901554404145,0.9326424870466321,artifacts/train70_models/Chopin_Op030No2_reference11_train70_hmm.npz,70,11,filter_map,4,Chopin_Op030No2,Chopin_Op030No2_Fou-1978_pid9071-30__Chopin_Op030No2_Rubinstein-1952_pid9075-19
hmm_train70,Chopin_Op030No2_Fou-1978_pid9071-30,Chopin_Op030No2_Rubinstein-1966_pid9059-19,193,-0.23113312656116003,0.2976110578290034,0.054875283446705225,0.8051678470759367,4.725262324263063,1.4125986176870762,0.17098445595854922,0.2849740932642487,0.48186528497409326,0.6010362694300518,0.7253886010362695,0.8860103626943006,artifacts/train70_models/Chopin_Op030No2_reference11_train70_hmm.npz,70,11,filter_map,4,Chopin_Op030No2,Chopin_Op030No2_Fou-1978_pid9071-30__Chopin_Op030No2_Rubinstein-1966_pid9059-19
hmm_train70,Chopin_Op030No2_Fou-1978_pid9071-30,Chopin_Op030No2_Shebanova-2002_pid9072-19,193,-0.1766221563333437,0.22330787755101825,0.05859410430839063,0.4297693357801034,1.9140357188208839,1.0101950956916081,0.16062176165803108,0.24352331606217617,0.47150259067357514,0.5854922279792746,0.694300518134715,0.8601036269430051,artifacts/train70_models/Chopin_Op030No2_reference11_train70_hmm.npz,70,11,filter_map,4,Chopin_Op030No2,Chopin_Op030No2_Fou-1978_pid9071-30__Chopin_Op030No2_Shebanova-2002_pid9072-19
hmm_train70,Chopin_Op030No2_Fou-1978_pid9071-30,Chopin_Op030No2_Smith-1975_pid9054-19,193,-0.25602561386627115,0.3455524914055428,0.12963775056690707,0.6388670142761693,3.670272249433104,1.3728391428571474,0.10362694300518134,0.19170984455958548,0.3316062176165803,0.45077720207253885,0.5906735751295337,0.7875647668393783,artifacts/train70_models/Chopin_Op030No2_reference11_train70_hmm.npz,70,11,filter_map,4,Chopin_Op030No2,Chopin_Op030No2_Fou-1978_pid9071-30__Chopin_Op030No2_Smith-1975_pid9054-19
hmm_train70,Chopin_Op030No2_Fou-1978_pid9071-30,Chopin_Op030No2_Sofronitsky-1960_pid5667291-15,193,-0.12640765941747956,0.16444171663553087,0.05843523356008973,0.27172874037970757,1.1692972653061133,0.6192199614512444,0.12435233160621761,0.20725388601036268,0.46113989637305697,0.5958549222797928,0.7253886010362695,0.9015544041450777,artifacts/train70_models/Chopin_Op030No2_reference11_train70_hmm.npz,70,11,filter_map,4,Chopin_Op030No2,Chopin_Op030No2_Fou-1978_pid9071-30__Chopin_Op030No2_Sofronitsky-1960_pid5667291-15
hmm_train70,Chopin_Op030No2_Fou-1978_pid9071-30,Chopin_Op030No2_Uninsky-1959_pid9061-19,193,-0.16126956413238627,0.20916147650769865,0.08795834013604065,0.36658554490354295,1.4884128390022653,0.8983058512471667,0.12435233160621761,0.23834196891191708,0.41450777202072536,0.533678756476684,0.6839378238341969,0.8704663212435233,artifacts/train70_models/Chopin_Op030No2_reference11_train70_hmm.npz,70,11,filter_map,4,Chopin_Op030No2,Chopin_Op030No2_Fou-1978_pid9071-30__Chopin_Op030No2_Uninsky-1959_pid9061-19
hmm_train70,Chopin_Op030No2_Fou-1978_pid9071-30,Chopin_Op030No2_Yaroshinskiy-2005_pid9081-10,193,-5.997890572650476,7.255366096765476,3.0869615918367366,10.811852944326912,28.660703088435376,25.95967367256235,0.0051813471502590676,0.0051813471502590676,0.05181347150259067,0.06735751295336788,0.10362694300518134,0.20725388601036268,artifacts/train70_models/Chopin_Op030No2_reference11_train70_hmm.npz,70,11,filter_map,4,Chopin_Op030No2,Chopin_Op030No2_Fou-1978_pid9071-30__Chopin_Op030No2_Yaroshinskiy-2005_pid9081-10
hmm_train70,Chopin_Op030No2_Fou-2005_pid9092-13,Chopin_Op030No2_Olejniczac-1990_pid9100b-19,193,-0.2375831666725412,0.2480329775357473,0.14662152154194885,0.38251578698992333,1.7575283446712007,0.78444906394558,0.05699481865284974,0.11398963730569948,0.24352331606217617,0.41450777202072536,0.5647668393782384,0.8549222797927462,artifacts/train70_models/Chopin_Op030No2_reference12_train70_hmm.npz,70,12,filter_map,4,Chopin_Op030No2,Chopin_Op030No2_Fou-2005_pid9092-13__Chopin_Op030No2_Olejniczac-1990_pid9100b-19
hmm_train70,Chopin_Op030No2_Fou-2005_pid9092-13,Chopin_Op030No2_Poblocka-1999_pid9093-19,193,-0.12234169098727478,0.1647727794461483,0.05253982312925132,0.30102580158904424,1.657504403628118,0.6370431437641689,0.09844559585492228,0.2538860103626943,0.48704663212435234,0.6424870466321243,0.7098445595854922,0.9119170984455959,artifacts/train70_models/Chopin_Op030No2_reference12_train70_hmm.npz,70,12,filter_map,4,Chopin_Op030No2,Chopin_Op030No2_Fou-2005_pid9092-13__Chopin_Op030No2_Poblocka-1999_pid9093-19
hmm_train70,Chopin_Op030No2_Fou-2005_pid9092-13,Chopin_Op030No2_Rangell-2001_pid9094-19,193,-0.12050063688273326,0.1519484603409591,0.04902459863946618,0.2652125364171113,1.4667573492063468,0.5193740272108843,0.14507772020725387,0.27461139896373055,0.5077720207253886,0.6269430051813472,0.7150259067357513,0.9430051813471503,artifacts/train70_models/Chopin_Op030No2_reference12_train70_hmm.npz,70,12,filter_map,4,Chopin_Op030No2,Chopin_Op030No2_Fou-2005_pid9092-13__Chopin_Op030No2_Rangell-2001_pid9094-19
hmm_train70,Chopin_Op030No2_Fou-2005_pid9092-13,Chopin_Op030No2_Rubinstein-1939_pid9049-19,193,-0.20374576270370193,0.23512708320703246,0.1595009931972804,0.38301586048611713,2.292494331065768,0.8973244367346976,0.03626943005181347,0.10362694300518134,0.3160621761658031,0.44041450777202074,0.5803108808290155,0.8911917098445595,artifacts/train70_models/Chopin_Op030No2_reference12_train70_hmm.npz,70,12,filter_map,4,Chopin_Op030No2,Chopin_Op030No2_Fou-2005_pid9092-13__Chopin_Op030No2_Rubinstein-1939_pid9049-19
hmm_train70,Chopin_Op030No2_Fou-2005_pid9092-13,Chopin_Op030No2_Rubinstein-1952_pid9075-19,193,-0.23894951626661182,0.2859385542984047,0.06528344671203001,0.7259718762925662,4.23684821315193,1.1844853369614556,0.10362694300518134,0.20207253886010362,0.45077720207253885,0.5647668393782384,0.6632124352331606,0.9015544041450777,artifacts/train70_models/Chopin_Op030No2_reference12_train70_hmm.npz,70,12,filter_map,4,Chopin_Op030No2,Chopin_Op030No2_Fou-2005_pid9092-13__Chopin_Op030No2_Rubinstein-1952_pid9075-19
hmm_train70,Chopin_Op030No2_Fou-2005_pid9092-13,Chopin_Op030No2_Rubinstein-1966_pid9059-19,193,-0.23241567205949884,0.2660830005992052,0.05494345124716915,0.6529653887868461,4.006099696145128,1.4173516145124654,0.07772020725388601,0.22797927461139897,0.46632124352331605,0.6010362694300518,0.7461139896373057,0.8808290155440415,artifacts/train70_models/Chopin_Op030No2_reference12_train70_hmm.npz,70,12,filter_map,4,Chopin_Op030No2,Chopin_Op030No2_Fou-2005_pid9092-13__Chopin_Op030No2_Rubinstein-1966_pid9059-19
hmm_train70,Chopin_Op030No2_Fou-2005_pid9092-13,Chopin_Op030No2_Shebanova-2002_pid9072-19,193,-0.18598019834807777,0.21324090040299368,0.0708364716553227,0.38478478156558027,1.9413611065759753,0.8963810136054432,0.10362694300518134,0.22279792746113988,0.42487046632124353,0.533678756476684,0.689119170984456,0.8963730569948186,artifacts/train70_models/Chopin_Op030No2_reference12_train70_hmm.npz,70,12,filter_map,4,Chopin_Op030No2,Chopin_Op030No2_Fou-2005_pid9092-13__Chopin_Op030No2_Shebanova-2002_pid9072-19
hmm_train70,Chopin_Op030No2_Fou-2005_pid9092-13,Chopin_Op030No2_Smith-1975_pid9054-19,193,-0.42826778131425386,0.4495181392619235,0.16426331972789043,0.9012634014236486,4.23684821315193,1.6026301977324207,0.10880829015544041,0.20207253886010362,0.35751295336787564,0.46113989637305697,0.5233160621761658,0.7512953367875648,artifacts/train70_models/Chopin_Op030No2_reference12_train70_hmm.npz,70,12,filter_map,4,Chopin_Op030No2,Chopin_Op030No2_Fou-2005_pid9092-13__Chopin_Op030No2_Smith-1975_pid9054-19
hmm_train70,Chopin_Op030No2_Fou-2005_pid9092-13,Chopin_Op030No2_Sofronitsky-1960_pid5667291-15,193,-0.16668766227250872,0.19982752814493723,0.11886604988661986,0.30978081893705717,1.4697505873015828,0.6291885501133744,0.09326424870466321,0.18652849740932642,0.35233160621761656,0.46113989637305697,0.6321243523316062,0.9067357512953368,artifacts/train70_models/Chopin_Op030No2_reference12_train70_hmm.npz,70,12,filter_map,4,Chopin_Op030No2,Chopin_Op030No2_Fou-2005_pid9092-13__Chopin_Op030No2_Sofronitsky-1960_pid5667291-15
hmm_train70,Chopin_Op030No2_Fou-2005_pid9092-13,Chopin_Op030No2_Uninsky-1959_pid9061-19,193,-0.15414255613126304,0.2148601744504371,0.08541865759638512,0.3946348209289906,1.984353741496598,0.7301287414966328,0.11398963730569948,0.20725388601036268,0.40932642487046633,0.5284974093264249,0.6683937823834197,0.8808290155440415,artifacts/train70_models/Chopin_Op030No2_reference12_train70_hmm.npz,70,12,filter_map,4,Chopin_Op030No2,Chopin_Op030No2_Fou-2005_pid9092-13__Chopin_Op030No2_Uninsky-1959_pid9061-19
hmm_train70,Chopin_Op030No2_Fou-2005_pid9092-13,Chopin_Op030No2_Yaroshinskiy-2005_pid9081-10,193,-5.136890059156651,6.377632759355211,5.756122448979593,7.849018629620281,14.995827804988664,12.591133927437633,0.010362694300518135,0.025906735751295335,0.046632124352331605,0.046632124352331605,0.05699481865284974,0.12435233160621761,artifacts/train70_models/Chopin_Op030No2_reference12_train70_hmm.npz,70,12,filter_map,4,Chopin_Op030No2,Chopin_Op030No2_Fou-2005_pid9092-13__Chopin_Op030No2_Yaroshinskiy-2005_pid9081-10
hmm_train70,Chopin_Op030No2_Francois-1956_pid9070b-02,Chopin_Op030No2_Olejniczac-1990_pid9100b-19,193,-0.20003494128981572,0.21691751894540284,0.0722677142857151,0.45290329860940975,2.641995605442176,0.8612881224489797,0.13471502590673576,0.20207253886010362,0.42487046632124353,0.5854922279792746,0.7253886010362695,0.8860103626943006,artifacts/train70_models/Chopin_Op030No2_reference13_train70_hmm.npz,70,13,filter_map,4,Chopin_Op030No2,Chopin_Op030No2_Francois-1956_pid9070b-02__Chopin_Op030No2_Olejniczac-1990_pid9100b-19
hmm_train70,Chopin_Op030No2_Francois-1956_pid9070b-02,Chopin_Op030No2_Poblocka-1999_pid9093-19,193,-0.06011170782371632,0.1220193575599505,0.034966591836735006,0.2460793221304156,1.3536962857142854,0.5959729678004464,0.15025906735751296,0.3160621761658031,0.6269430051813472,0.7409326424870466,0.8134715025906736,0.927461139896373,artifacts/train70_models/Chopin_Op030No2_reference13_train70_hmm.npz,70,13,filter_map,4,Chopin_Op030No2,Chopin_Op030No2_Francois-1956_pid9070b-02__Chopin_Op030No2_Poblocka-1999_pid9093-19
hmm_train70,Chopin_Op030No2_Francois-1956_pid9070b-02,Chopin_Op030No2_Rangell-2001_pid9094-19,193,-0.033903148578948876,0.07771147980919564,0.025011337868480865,0.14285084567051384,0.6536962857142861,0.32987757913832205,0.21243523316062177,0.39896373056994816,0.6683937823834197,0.7772020725388601,0.8704663212435233,0.9792746113989638,artifacts/train70_models/Chopin_Op030No2_reference13_train70_hmm.npz,70,13,filter_map,4,Chopin_Op030No2,Chopin_Op030No2_Francois-1956_pid9070b-02__Chopin_Op030No2_Rangell-2001_pid9094-19
hmm_train70,Chopin_Op030No2_Francois-1956_pid9070b-02,Chopin_Op030No2_Rubinstein-1939_pid9049-19,193,-0.09453490383372773,0.14050936324650737,0.03775510204081556,0.2642934199054877,1.5662132925170056,0.5245936544217717,0.15025906735751296,0.31088082901554404,0.5595854922279793,0.6787564766839378,0.7616580310880829,0.9378238341968912,artifacts/train70_models/Chopin_Op030No2_reference13_train70_hmm.npz,70,13,filter_map,4,Chopin_Op030No2,Chopin_Op030No2_Francois-1956_pid9070b-02__Chopin_Op030No2_Rubinstein-1939_pid9049-19
hmm_train70,Chopin_Op030No2_Francois-1956_pid9070b-02,Chopin_Op030No2_Rubinstein-1952_pid9075-19,193,-0.293925795859622,0.4619703159446836,0.040635172335601766,1.1045415049477045,5.013265165532879,3.1554737165532862,0.13471502590673576,0.26424870466321243,0.533678756476684,0.616580310880829,0.689119170984456,0.8238341968911918,artifacts/train70_models/Chopin_Op030No2_reference13_train70_hmm.npz,70,13,filter_map,4,Chopin_Op030No2,Chopin_Op030No2_Francois-1956_pid9070b-02__Chopin_Op030No2_Rubinstein-1952_pid9075-19
hmm_train70,Chopin_Op030No2_Francois-1956_pid9070b-02,Chopin_Op030No2_Rubinstein-1966_pid9059-19,193,-0.10387092258527218,0.18121601322947345,0.038888045351505696,0.3474926686946124,1.5894332471655304,0.7810339061224496,0.14507772020725387,0.29533678756476683,0.538860103626943,0.6424870466321243,0.7202072538860104,0.8963730569948186,artifacts/train70_models/Chopin_Op030No2_reference13_train70_hmm.npz,70,13,filter_map,4,Chopin_Op030No2,Chopin_Op030No2_Francois-1956_pid9070b-02__Chopin_Op030No2_Rubinstein-1966_pid9059-19
hmm_train70,Chopin_Op030No2_Francois-1956_pid9070b-02,Chopin_Op030No2_Shebanova-2002_pid9072-19,193,-0.14072413166026443,0.18444657866601052,0.05458063945578573,0.357589908545905,1.5894332471655304,0.9543312063492081,0.11917098445595854,0.25906735751295334,0.48186528497409326,0.6010362694300518,0.7512953367875648,0.9015544041450777,artifacts/train70_models/Chopin_Op030No2_reference13_train70_hmm.npz,70,13,filter_map,4,Chopin_Op030No2,Chopin_Op030No2_Francois-1956_pid9070b-02__Chopin_Op030No2_Shebanova-2002_pid9072-19
hmm_train70,Chopin_Op030No2_Francois-1956_pid9070b-02,Chopin_Op030No2_Smith-1975_pid9054-19,193,-0.09142869403028855,0.1861990039241941,0.0428581269840933,0.34855739159946303,1.5940590975056637,0.7866666104308375,0.12953367875647667,0.2694300518134715,0.5544041450777202,0.616580310880829,0.6994818652849741,0.9015544041450777,artifacts/train70_models/Chopin_Op030No2_reference13_train70_hmm.npz,70,13,filter_map,4,Chopin_Op030No2,Chopin_Op030No2_Francois-1956_pid9070b-02__Chopin_Op030No2_Smith-1975_pid9054-19
hmm_train70,Chopin_Op030No2_Francois-1956_pid9070b-02,Chopin_Op030No2_Sofronitsky-1960_pid5667291-15,193,-0.11326331879971357,0.1392929390927352,0.040635172335601766,0.25745440334237735,1.7009300294784566,0.48717492743764096,0.15544041450777202,0.3160621761658031,0.533678756476684,0.6113989637305699,0.7512953367875648,0.9533678756476683,artifacts/train70_models/Chopin_Op030No2_reference13_train70_hmm.npz,70,13,filter_map,4,Chopin_Op030No2,Chopin_Op030No2_Francois-1956_pid9070b-02__Chopin_Op030No2_Sofronitsky-1960_pid5667291-15
hmm_train70,Chopin_Op030No2_Francois-1956_pid9070b-02,Chopin_Op030No2_Uninsky-1959_pid9061-19,193,-0.10064084699164663,0.13662667364562425,0.025146689342385287,0.3444281567174115,2.813152068027211,0.4980228163265296,0.20725388601036268,0.38860103626943004,0.6062176165803109,0.6994818652849741,0.8082901554404145,0.9481865284974094,artifacts/train70_models/Chopin_Op030No2_reference13_train70_hmm.npz,70,13,filter_map,4,Chopin_Op030No2,Chopin_Op030No2_Francois-1956_pid9070b-02__Chopin_Op030No2_Uninsky-1959_pid9061-19
hmm_train70,Chopin_Op030No2_Francois-1956_pid9070b-02,Chopin_Op030No2_Yaroshinskiy-2005_pid9081-10,193,-0.6047045448873867,2.9450326750672637,2.360952521541954,3.9317168263045774,9.80532893877551,8.202503823129245,0.0,0.031088082901554404,0.05699481865284974,0.06735751295336788,0.11917098445595854,0.2694300518134715,artifacts/train70_models/Chopin_Op030No2_reference13_train70_hmm.npz,70,13,filter_map,4,Chopin_Op030No2,Chopin_Op030No2_Francois-1956_pid9070b-02__Chopin_Op030No2_Yaroshinskiy-2005_pid9081-10
hmm_train70,Chopin_Op030No2_Hatto-2006_pid9073-21,Chopin_Op030No2_Olejniczac-1990_pid9100b-19,193,-0.25235705721805124,0.27024742409502617,0.12503260770974833,0.44305310554595173,2.0188890294784585,1.0022994603174613,0.10362694300518134,0.18134715025906736,0.32124352331606215,0.45077720207253885,0.6010362694300518,0.8186528497409327,artifacts/train70_models/Chopin_Op030No2_reference14_train70_hmm.npz,70,14,filter_map,4,Chopin_Op030No2,Chopin_Op030No2_Hatto-2006_pid9073-21__Chopin_Op030No2_Olejniczac-1990_pid9100b-19
hmm_train70,Chopin_Op030No2_Hatto-2006_pid9073-21,Chopin_Op030No2_Poblocka-1999_pid9093-19,193,-0.23783409782289486,0.27731984989367237,0.05154195011338025,0.695203554945402,4.638004535147388,1.3044083129251671,0.15025906735751296,0.2694300518134715,0.48704663212435234,0.616580310880829,0.7253886010362695,0.8601036269430051,artifacts/train70_models/Chopin_Op030No2_reference14_train70_hmm.npz,70,14,filter_map,4,Chopin_Op030No2,Chopin_Op030No2_Hatto-2006_pid9073-21__Chopin_Op030No2_Poblocka-1999_pid9093-19
hmm_train70,Chopin_Op030No2_Hatto-2006_pid9073-21,Chopin_Op030No2_Rangell-2001_pid9094-19,193,-0.3347440296546941,0.38409467794579005,0.07675794331062491,0.8828716208772567,4.65696145124717,1.6950704916099717,0.11917098445595854,0.20207253886010362,0.41968911917098445,0.5284974093264249,0.6632124352331606,0.8186528497409327,artifacts/train70_models/Chopin_Op030No2_reference14_train70_hmm.npz,70,14,filter_map,4,Chopin_Op030No2,Chopin_Op030No2_Hatto-2006_pid9073-21__Chopin_Op030No2_Rangell-2001_pid9094-19
hmm_train70,Chopin_Op030No2_Hatto-2006_pid9073-21,Chopin_Op030No2_Rubinstein-1939_pid9049-19,193,-0.4249795793592062,0.4426269627436481,0.15299122902494156,0.8397096635908803,4.33299333786848,1.7410616462584807,0.05699481865284974,0.13989637305699482,0.29015544041450775,0.40932642487046633,0.5595854922279793,0.7668393782383419,artifacts/train70_models/Chopin_Op030No2_reference14_train70_hmm.npz,70,14,filter_map,4,Chopin_Op030No2,Chopin_Op030No2_Hatto-2006_pid9073-21__Chopin_Op030No2_Rubinstein-1939_pid9049-19
hmm_train70,Chopin_Op030No2_Hatto-2006_pid9073-21,Chopin_Op030No2_Rubinstein-1952_pid9075-19,193,-0.5253018270064502,0.5618485276044797,0.11671131519274702,1.223625608772113,4.9682993197278975,3.5936463147392175,0.10880829015544041,0.17616580310880828,0.3316062176165803,0.48186528497409326,0.5751295336787565,0.7668393782383419,artifacts/train70_models/Chopin_Op030No2_reference14_train70_hmm.npz,70,14,filter_map,4,Chopin_Op030No2,Chopin_Op030No2_Hatto-2006_pid9073-21__Chopin_Op030No2_Rubinstein-1952_pid9075-19
hmm_train70,Chopin_Op030No2_Hatto-2006_pid9073-21,Chopin_Op030No2_Rubinstein-1966_pid9059-19,193,-0.28193209561406724,0.3151336263555513,0.09179124263037863,0.6083815614538786,3.4545126122448977,1.3509886058956893,0.09326424870466321,0.14507772020725387,0.35233160621761656,0.5181347150259067,0.5958549222797928,0.8031088082901554,artifacts/train70_models/Chopin_Op030No2_reference14_train70_hmm.npz,70,14,filter_map,4,Chopin_Op030No2,Chopin_Op030No2_Hatto-2006_pid9073-21__Chopin_Op030No2_Rubinstein-1966_pid9059-19
hmm_train70,Chopin_Op030No2_Hatto-2006_pid9073-21,Chopin_Op030No2_Shebanova-2002_pid9072-19,193,-0.28043790937929847,0.3196047328492731,0.15585083446711678,0.549280742971571,2.8006122448979553,1.2662041659863958,0.08808290155440414,0.15544041450777202,0.3471502590673575,0.44041450777202074,0.5595854922279793,0.7927461139896373,artifacts/train70_models/Chopin_Op030No2_reference14_train70_hmm.npz,70,14,filter_map,4,Chopin_Op030No2,Chopin_Op030No2_Hatto-2006_pid9073-21__Chopin_Op030No2_Shebanova-2002_pid9072-19
hmm_train70,Chopin_Op030No2_Hatto-2006_pid9073-21,Chopin_Op030No2_Smith-1975_pid9054-19,193,-0.7252261685758971,0.7588645134115852,0.22829944217686204,1.4271206689599507,6.02607709750567,3.8717008208616717,0.07253886010362694,0.11917098445595854,0.24352331606217617,0.35751295336787564,0.47668393782383417,0.6424870466321243,artifacts/train70_models/Chopin_Op030No2_reference14_train70_hmm.npz,70,14,filter_map,4,Chopin_Op030No2,Chopin_Op030No2_Hatto-2006_pid9073-21__Chopin_Op030No2_Smith-1975_pid9054-19
hmm_train70,Chopin_Op030No2_Hatto-2006_pid9073-21,Chopin_Op030No2_Sofronitsky-1960_pid5667291-15,193,-0.14535247868128345,0.18355248208851874,0.07372024716555359,0.3058921350369918,1.5772793401360534,0.6594240045351423,0.10362694300518134,0.21243523316062177,0.40932642487046633,0.5595854922279793,0.6839378238341969,0.9015544041450777,artifacts/train70_models/Chopin_Op030No2_reference14_train70_hmm.npz,70,14,filter_map,4,Chopin_Op030No2,Chopin_Op030No2_Hatto-2006_pid9073-21__Chopin_Op030No2_Sofronitsky-1960_pid5667291-15
hmm_train70,Chopin_Op030No2_Hatto-2006_pid9073-21,Chopin_Op030No2_Uninsky-1959_pid9061-19,193,-0.11547555294725914,0.16177759759378857,0.06709691156462227,0.3219471812778105,2.687211024943309,0.5647076235827618,0.08808290155440414,0.21243523316062177,0.45595854922279794,0.5803108808290155,0.7512953367875648,0.9378238341968912,artifacts/train70_models/Chopin_Op030No2_reference14_train70_hmm.npz,70,14,filter_map,4,Chopin_Op030No2,Chopin_Op030No2_Hatto-2006_pid9073-21__Chopin_Op030No2_Uninsky-1959_pid9061-19
hmm_train70,Chopin_Op030No2_Hatto-2006_pid9073-21,Chopin_Op030No2_Yaroshinskiy-2005_pid9081-10,193,-9.861777049827873,10.246878510779784,7.730997873015873,13.554475554689889,29.162104800452973,25.557863010430804,0.025906735751295335,0.03626943005181347,0.05699481865284974,0.07253886010362694,0.08808290155440414,0.17098445595854922,artifacts/train70_models/Chopin_Op030No2_reference14_train70_hmm.npz,70,14,filter_map,4,Chopin_Op030No2,Chopin_Op030No2_Hatto-2006_pid9073-21__Chopin_Op030No2_Yaroshinskiy-2005_pid9081-10
hmm_train70,Chopin_Op030No2_Indjic-1988_pid9050-19,Chopin_Op030No2_Olejniczac-1990_pid9100b-19,193,-0.19894722658113556,0.20915596743153445,0.08863945578231291,0.36453143208991423,1.9839683945578201,0.938167941043085,0.13989637305699482,0.23316062176165803,0.40932642487046633,0.5129533678756477,0.6580310880829016,0.8963730569948186,artifacts/train70_models/Chopin_Op030No2_reference15_train70_hmm.npz,70,15,filter_map,4,Chopin_Op030No2,Chopin_Op030No2_Indjic-1988_pid9050-19__Chopin_Op030No2_Olejniczac-1990_pid9100b-19
hmm_train70,Chopin_Op030No2_Indjic-1988_pid9050-19,Chopin_Op030No2_Poblocka-1999_pid9093-19,193,-0.14290412235498687,0.1870389419242652,0.04550327437640078,0.42656268921041335,3.806712158730157,0.6763855437641734,0.15544041450777202,0.29533678756476683,0.5284974093264249,0.6373056994818653,0.7512953367875648,0.9067357512953368,artifacts/train70_models/Chopin_Op030No2_reference15_train70_hmm.npz,70,15,filter_map,4,Chopin_Op030No2,Chopin_Op030No2_Indjic-1988_pid9050-19__Chopin_Op030No2_Poblocka-1999_pid9093-19
hmm_train70,Chopin_Op030No2_Indjic-1988_pid9050-19,Chopin_Op030No2_Rangell-2001_pid9094-19,193,-0.44860483171783194,0.4755687788704403,0.0813827981859454,0.983661433502797,4.542313065759636,2.076893564625844,0.10880829015544041,0.22279792746113988,0.39378238341968913,0.5129533678756477,0.6476683937823834,0.772020725388601,artifacts/train70_models/Chopin_Op030No2_reference15_train70_hmm.npz,70,15,filter_map,4,Chopin_Op030No2,Chopin_Op030No2_Indjic-1988_pid9050-19__Chopin_Op030No2_Rangell-2001_pid9094-19
hmm_train70,Chopin_Op030No2_Indjic-1988_pid9050-19,Chopin_Op030No2_Rubinstein-1939_pid9049-19,193,-0.330415847297121,0.3579542179807989,0.1218595510204068,0.6555116612923289,2.9488663537414936,1.6011429977324219,0.09844559585492228,0.18652849740932642,0.3471502590673575,0.46632124352331605,0.5647668393782384,0.8134715025906736,artifacts/train70_models/Chopin_Op030No2_reference15_train70_hmm.npz,70,15,filter_map,4,Chopin_Op030No2,Chopin_Op030No2_Indjic-1988_pid9050-19__Chopin_Op030No2_Rubinstein-1939_pid9049-19
hmm_train70,Chopin_Op030No2_Indjic-1988_pid9050-19,Chopin_Op030No2_Rubinstein-1952_pid9075-19,193,-0.25802109288827907,0.31527134485918773,0.058547487528342046,0.7750354662494043,4.216780045351477,1.4135875328798173,0.09326424870466321,0.24870466321243523,0.45595854922279794,0.5854922279792746,0.6787564766839378,0.8704663212435233,artifacts/train70_models/Chopin_Op030No2_reference15_train70_hmm.npz,70,15,filter_map,4,Chopin_Op030No2,Chopin_Op030No2_Indjic-1988_pid9050-19__Chopin_Op030No2_Rubinstein-1952_pid9075-19
hmm_train70,Chopin_Op030No2_Indjic-1988_pid9050-19,Chopin_Op030No2_Rubinstein-1966_pid9059-19,193,-0.22579081569208004,0.27007010000822457,0.08126982993196918,0.5996841077354198,3.5145126122448858,1.2380001405895662,0.12953367875647667,0.23834196891191708,0.41450777202072536,0.5129533678756477,0.6735751295336787,0.8704663212435233,artifacts/train70_models/Chopin_Op030No2_reference15_train70_hmm.npz,70,15,filter_map,4,Chopin_Op030No2,Chopin_Op030No2_Indjic-1988_pid9050-19__Chopin_Op030No2_Rubinstein-1966_pid9059-19
hmm_train70,Chopin_Op030No2_Indjic-1988_pid9050-19,Chopin_Op030No2_Shebanova-2002_pid9072-19,193,-0.28398463252381967,0.3182050517077279,0.12099773242630452,0.5782241550048716,2.6177935646255293,1.364372022675736,0.08808290155440414,0.15025906735751296,0.38341968911917096,0.48704663212435234,0.5958549222797928,0.8082901554404145,artifacts/train70_models/Chopin_Op030No2_reference15_train70_hmm.npz,70,15,filter_map,4,Chopin_Op030No2,Chopin_Op030No2_Indjic-1988_pid9050-19__Chopin_Op030No2_Shebanova-2002_pid9072-19
hmm_train70,Chopin_Op030No2_Indjic-1988_pid9050-19,Chopin_Op030No2_Smith-1975_pid9054-19,193,-0.5558847000105749,0.6329013764524811,0.19786848072562435,1.1505368382954348,5.313537414965985,2.468893620861685,0.10880829015544041,0.15025906735751296,0.2849740932642487,0.38860103626943004,0.5025906735751295,0.6476683937823834,artifacts/train70_models/Chopin_Op030No2_reference15_train70_hmm.npz,70,15,filter_map,4,Chopin_Op030No2,Chopin_Op030No2_Indjic-1988_pid9050-19__Chopin_Op030No2_Smith-1975_pid9054-19
hmm_train70,Chopin_Op030No2_Indjic-1988_pid9050-19,Chopin_Op030No2_Sofronitsky-1960_pid5667291-15,193,-0.20184650813624327,0.22396113264718776,0.07900236281179218,0.3991313494268026,1.7063266712018148,0.9386894829931954,0.12953367875647667,0.24870466321243523,0.39896373056994816,0.5544041450777202,0.6528497409326425,0.8860103626943006,artifacts/train70_models/Chopin_Op030No2_reference15_train70_hmm.npz,70,15,filter_map,4,Chopin_Op030No2,Chopin_Op030No2_Indjic-1988_pid9050-19__Chopin_Op030No2_Sofronitsky-1960_pid5667291-15
hmm_train70,Chopin_Op030No2_Indjic-1988_pid9050-19,Chopin_Op030No2_Uninsky-1959_pid9061-19,193,-0.16246206088376697,0.1949057892918823,0.057959605442178486,0.37922816646467633,2.63941057142857,0.75876615963718,0.10880829015544041,0.2538860103626943,0.47668393782383417,0.5958549222797928,0.7098445595854922,0.8860103626943006,artifacts/train70_models/Chopin_Op030No2_reference15_train70_hmm.npz,70,15,filter_map,4,Chopin_Op030No2,Chopin_Op030No2_Indjic-1988_pid9050-19__Chopin_Op030No2_Uninsky-1959_pid9061-19
hmm_train70,Chopin_Op030No2_Indjic-1988_pid9050-19,Chopin_Op030No2_Yaroshinskiy-2005_pid9081-10,193,-13.682231044752275,13.712233273131018,14.756281167800452,15.060979502894082,30.278684877551015,21.137895551020403,0.015544041450777202,0.02072538860103627,0.025906735751295335,0.031088082901554404,0.03626943005181347,0.06217616580310881,artifacts/train70_models/Chopin_Op030No2_reference15_train70_hmm.npz,70,15,filter_map,4,Chopin_Op030No2,Chopin_Op030No2_Indjic-1988_pid9050-19__Chopin_Op030No2_Yaroshinskiy-2005_pid9081-10
hmm_train70,Chopin_Op030No2_Jonas-1947_pid9096-07,Chopin_Op030No2_Olejniczac-1990_pid9100b-19,193,-0.1844098375571304,0.24271755762339467,0.0853508616780232,0.4834143994040816,3.0882541428571457,0.9079996394557764,0.12435233160621761,0.21243523316062177,0.43523316062176165,0.5233160621761658,0.6528497409326425,0.8549222797927462,artifacts/train70_models/Chopin_Op030No2_reference16_train70_hmm.npz,70,16,filter_map,4,Chopin_Op030No2,Chopin_Op030No2_Jonas-1947_pid9096-07__Chopin_Op030No2_Olejniczac-1990_pid9100b-19
hmm_train70,Chopin_Op030No2_Jonas-1947_pid9096-07,Chopin_Op030No2_Poblocka-1999_pid9093-19,193,-0.07643729147133711,0.2621266469164503,0.06195025396825393,0.5051004194440608,2.0520632811791373,1.4287709469387704,0.11398963730569948,0.22797927461139897,0.48186528497409326,0.5492227979274611,0.6787564766839378,0.8290155440414507,artifacts/train70_models/Chopin_Op030No2_reference16_train70_hmm.npz,70,16,filter_map,4,Chopin_Op030No2,Chopin_Op030No2_Jonas-1947_pid9096-07__Chopin_Op030No2_Poblocka-1999_pid9093-19
hmm_train70,Chopin_Op030No2_Jonas-1947_pid9096-07,Chopin_Op030No2_Rangell-2001_pid9094-19,193,-0.10096481422344492,0.2556375566482205,0.07487472562358466,0.5067903168154916,2.572199904761895,0.990330710204072,0.10880829015544041,0.17098445595854922,0.44041450777202074,0.5440414507772021,0.6735751295336787,0.8549222797927462,artifacts/train70_models/Chopin_Op030No2_reference16_train70_hmm.npz,70,16,filter_map,4,Chopin_Op030No2,Chopin_Op030No2_Jonas-1947_pid9096-07__Chopin_Op030No2_Rangell-2001_pid9094-19
hmm_train70,Chopin_Op030No2_Jonas-1947_pid9096-07,Chopin_Op030No2_Rubinstein-1939_pid9049-19,193,-0.1602005205080332,0.2815749505011011,0.07861692063492054,0.5412239640662825,2.1522677142857134,1.4653153895691544,0.08808290155440414,0.18652849740932642,0.43523316062176165,0.533678756476684,0.6632124352331606,0.8238341968911918,artifacts/train70_models/Chopin_Op030No2_reference16_train70_hmm.npz,70,16,filter_map,4,Chopin_Op030No2,Chopin_Op030No2_Jonas-1947_pid9096-07__Chopin_Op030No2_Rubinstein-1939_pid9049-19
hmm_train70,Chopin_Op030No2_Jonas-1947_pid9096-07,Chopin_Op030No2_Rubinstein-1952_pid9075-19,193,0.012347582296477156,0.3329645611598691,0.05365080272110134,0.6747602078225168,2.782676226757367,1.7916099773242566,0.11917098445595854,0.22279792746113988,0.49222797927461137,0.5492227979274611,0.6373056994818653,0.8186528497409327,artifacts/train70_models/Chopin_Op030No2_reference16_train70_hmm.npz,70,16,filter_map,4,Chopin_Op030No2,Chopin_Op030No2_Jonas-1947_pid9096-07__Chopin_Op030No2_Rubinstein-1952_pid9075-19
hmm_train70,Chopin_Op030No2_Jonas-1947_pid9096-07,Chopin_Op030No2_Rubinstein-1966_pid9059-19,193,-0.11010768335037073,0.207824832927991,0.045328900226763835,0.4890668005922395,2.7539679070294785,0.6686393560090724,0.12953367875647667,0.30569948186528495,0.5284974093264249,0.6321243523316062,0.7564766839378239,0.8911917098445595,artifacts/train70_models/Chopin_Op030No2_reference16_train70_hmm.npz,70,16,filter_map,4,Chopin_Op030No2,Chopin_Op030No2_Jonas-1947_pid9096-07__Chopin_Op030No2_Rubinstein-1966_pid9059-19
hmm_train70,Chopin_Op030No2_Jonas-1947_pid9096-07,Chopin_Op030No2_Shebanova-2002_pid9072-19,193,-0.3881425547801169,0.4340551076686297,0.08111167346939041,1.0601685522065376,5.522721229024945,2.44188621224489,0.15544041450777202,0.24352331606217617,0.44559585492227977,0.538860103626943,0.6424870466321243,0.7927461139896373,artifacts/train70_models/Chopin_Op030No2_reference16_train70_hmm.npz,70,16,filter_map,4,Chopin_Op030No2,Chopin_Op030No2_Jonas-1947_pid9096-07__Chopin_Op030No2_Shebanova-2002_pid9072-19
hmm_train70,Chopin_Op030No2_Jonas-1947_pid9096-07,Chopin_Op030No2_Smith-1975_pid9054-19,193,-0.21515879726951345,0.3406833868386744,0.11097491609977439,0.6182416616882284,2.7080952380952326,1.4972245741496601,0.12435233160621761,0.23834196891191708,0.41450777202072536,0.48704663212435234,0.5906735751295337,0.7461139896373057,artifacts/train70_models/Chopin_Op030No2_reference16_train70_hmm.npz,70,16,filter_map,4,Chopin_Op030No2,Chopin_Op030No2_Jonas-1947_pid9096-07__Chopin_Op030No2_Smith-1975_pid9054-19
hmm_train70,Chopin_Op030No2_Jonas-1947_pid9096-07,Chopin_Op030No2_Sofronitsky-1960_pid5667291-15,193,-0.1589668051531496,0.23039937167060315,0.06303868934240242,0.45090963716268645,2.2083448117913775,1.0267844430838988,0.08290155440414508,0.19170984455958548,0.43523316062176165,0.5440414507772021,0.7046632124352331,0.8704663212435233,artifacts/train70_models/Chopin_Op030No2_reference16_train70_hmm.npz,70,16,filter_map,4,Chopin_Op030No2,Chopin_Op030No2_Jonas-1947_pid9096-07__Chopin_Op030No2_Sofronitsky-1960_pid5667291-15
hmm_train70,Chopin_Op030No2_Jonas-1947_pid9096-07,Chopin_Op030No2_Uninsky-1959_pid9061-19,193,-0.10496570903387505,0.20972055327623215,0.07229010884353926,0.4074795842105684,2.223582907029478,0.74169159954647,0.11398963730569948,0.18134715025906736,0.44559585492227977,0.5492227979274611,0.7098445595854922,0.8860103626943006,artifacts/train70_models/Chopin_Op030No2_reference16_train70_hmm.npz,70,16,filter_map,4,Chopin_Op030No2,Chopin_Op030No2_Jonas-1947_pid9096-07__Chopin_Op030No2_Uninsky-1959_pid9061-19
hmm_train70,Chopin_Op030No2_Jonas-1947_pid9096-07,Chopin_Op030No2_Yaroshinskiy-2005_pid9081-10,193,-1.8171319430639303,5.803884085133884,4.302125950113446,7.6624071863801015,18.34013619501134,16.009460245804966,0.025906735751295335,0.031088082901554404,0.06735751295336788,0.06735751295336788,0.09844559585492228,0.14507772020725387,artifacts/train70_models/Chopin_Op030No2_reference16_train70_hmm.npz,70,16,filter_map,4,Chopin_Op030No2,Chopin_Op030No2_Jonas-1947_pid9096-07__Chopin_Op030No2_Yaroshinskiy-2005_pid9081-10
hmm_train70,Chopin_Op030No2_Luisada-1990_pid9055-19,Chopin_Op030No2_Olejniczac-1990_pid9100b-19,193,-0.200119151915689,0.24311119313148413,0.17564625396825662,0.36149943018628716,1.323537580498865,0.8181495015872982,0.05699481865284974,0.12953367875647667,0.24870466321243523,0.36787564766839376,0.5492227979274611,0.8963730569948186,artifacts/train70_models/Chopin_Op030No2_reference17_train70_hmm.npz,70,17,filter_map,4,Chopin_Op030No2,Chopin_Op030No2_Luisada-1990_pid9055-19__Chopin_Op030No2_Olejniczac-1990_pid9100b-19
hmm_train70,Chopin_Op030No2_Luisada-1990_pid9055-19,Chopin_Op030No2_Poblocka-1999_pid9093-19,193,-0.06970080653954243,0.10587087172347391,0.0391383469387776,0.19141612124140467,1.1595908526077097,0.41321550385487305,0.17616580310880828,0.30569948186528495,0.6010362694300518,0.7098445595854922,0.8186528497409327,0.9689119170984456,artifacts/train70_models/Chopin_Op030No2_reference17_train70_hmm.npz,70,17,filter_map,4,Chopin_Op030No2,Chopin_Op030No2_Luisada-1990_pid9055-19__Chopin_Op030No2_Poblocka-1999_pid9093-19
hmm_train70,Chopin_Op030No2_Luisada-1990_pid9055-19,Chopin_Op030No2_Rangell-2001_pid9094-19,193,-0.10657435764219485,0.15183777568644094,0.04936524716553947,0.2782954801452305,1.6366668072562334,0.6309035804988775,0.17098445595854922,0.31088082901554404,0.5025906735751295,0.6113989637305699,0.7564766839378239,0.9222797927461139,artifacts/train70_models/Chopin_Op030No2_reference17_train70_hmm.npz,70,17,filter_map,4,Chopin_Op030No2,Chopin_Op030No2_Luisada-1990_pid9055-19__Chopin_Op030No2_Rangell-2001_pid9094-19
hmm_train70,Chopin_Op030No2_Luisada-1990_pid9055-19,Chopin_Op030No2_Rubinstein-1939_pid9049-19,193,-0.146887971778695,0.15976806541891397,0.05605414058956626,0.3055204637349809,1.5032653061224508,0.6847025659863883,0.11917098445595854,0.22797927461139897,0.47150259067357514,0.5958549222797928,0.7616580310880829,0.9326424870466321,artifacts/train70_models/Chopin_Op030No2_reference17_train70_hmm.npz,70,17,filter_map,4,Chopin_Op030No2,Chopin_Op030No2_Luisada-1990_pid9055-19__Chopin_Op030No2_Rubinstein-1939_pid9049-19
hmm_train70,Chopin_Op030No2_Luisada-1990_pid9055-19,Chopin_Op030No2_Rubinstein-1952_pid9075-19,193,-0.10074176411359084,0.14865961299683905,0.040635136054422816,0.35815162550313834,3.047618807256235,0.49420417460317384,0.13471502590673576,0.2849740932642487,0.5284974093264249,0.6839378238341969,0.7668393782383419,0.9481865284974094,artifacts/train70_models/Chopin_Op030No2_reference17_train70_hmm.npz,70,17,filter_map,4,Chopin_Op030No2,Chopin_Op030No2_Luisada-1990_pid9055-19__Chopin_Op030No2_Rubinstein-1952_pid9075-19
hmm_train70,Chopin_Op030No2_Luisada-1990_pid9055-19,Chopin_Op030No2_Rubinstein-1966_pid9059-19,193,-0.1946388877139809,0.25715367391585353,0.09489767800453563,0.46574528746612437,3.169841129251708,1.0141452653061205,0.11917098445595854,0.20725388601036268,0.37823834196891193,0.5129533678756477,0.6476683937823834,0.8393782383419689,artifacts/train70_models/Chopin_Op030No2_reference17_train70_hmm.npz,70,17,filter_map,4,Chopin_Op030No2,Chopin_Op030No2_Luisada-1990_pid9055-19__Chopin_Op030No2_Rubinstein-1966_pid9059-19
hmm_train70,Chopin_Op030No2_Luisada-1990_pid9055-19,Chopin_Op030No2_Shebanova-2002_pid9072-19,193,-0.21565730881299,0.25237111109936167,0.11251574149659582,0.4366141967070717,2.2498867619047616,0.927891476190473,0.11917098445595854,0.22797927461139897,0.40414507772020725,0.48186528497409326,0.5906735751295337,0.8497409326424871,artifacts/train70_models/Chopin_Op030No2_reference17_train70_hmm.npz,70,17,filter_map,4,Chopin_Op030No2,Chopin_Op030No2_Luisada-1990_pid9055-19__Chopin_Op030No2_Shebanova-2002_pid9072-19
hmm_train70,Chopin_Op030No2_Luisada-1990_pid9055-19,Chopin_Op030No2_Smith-1975_pid9054-19,193,-0.3640699693936312,0.4207548750602166,0.13555639682541454,0.8785830840980327,4.619274376417238,2.0110295959183637,0.08290155440414508,0.15025906735751296,0.31088082901554404,0.43005181347150256,0.5906735751295337,0.7823834196891192,artifacts/train70_models/Chopin_Op030No2_reference17_train70_hmm.npz,70,17,filter_map,4,Chopin_Op030No2,Chopin_Op030No2_Luisada-1990_pid9055-19__Chopin_Op030No2_Smith-1975_pid9054-19
hmm_train70,Chopin_Op030No2_Luisada-1990_pid9055-19,Chopin_Op030No2_Sofronitsky-1960_pid5667291-15,193,-0.16233155514433698,0.20442225564837302,0.11319842857141538,0.3166608853017673,1.426031886621315,0.6847531256235856,0.08808290155440414,0.20725388601036268,0.3626943005181347,0.47150259067357514,0.6424870466321243,0.8808290155440415,artifacts/train70_models/Chopin_Op030No2_reference17_train70_hmm.npz,70,17,filter_map,4,Chopin_Op030No2,Chopin_Op030No2_Luisada-1990_pid9055-19__Chopin_Op030No2_Sofronitsky-1960_pid5667291-15
hmm_train70,Chopin_Op030No2_Luisada-1990_pid9055-19,Chopin_Op030No2_Uninsky-1959_pid9061-19,193,-0.13463155078542563,0.20483949915993893,0.08963732879818309,0.360148234310978,2.1337869886621306,0.8076146530612206,0.09326424870466321,0.17098445595854922,0.39896373056994816,0.5284974093264249,0.7098445595854922,0.8860103626943006,artifacts/train70_models/Chopin_Op030No2_reference17_train70_hmm.npz,70,17,filter_map,4,Chopin_Op030No2,Chopin_Op030No2_Luisada-1990_pid9055-19__Chopin_Op030No2_Uninsky-1959_pid9061-19
hmm_train70,Chopin_Op030No2_Luisada-1990_pid9055-19,Chopin_Op030No2_Yaroshinskiy-2005_pid9081-10,193,-6.0579675295783275,6.1199794230141125,5.01226785487529,7.5761815965410735,14.358548893424043,12.493664539682534,0.025906735751295335,0.03626943005181347,0.03626943005181347,0.05181347150259067,0.07253886010362694,0.12953367875647667,artifacts/train70_models/Chopin_Op030No2_reference17_train70_hmm.npz,70,17,filter_map,4,Chopin_Op030No2,Chopin_Op030No2_Luisada-1990_pid9055-19__Chopin_Op030No2_Yaroshinskiy-2005_pid9081-10
hmm_train70,Chopin_Op030No2_Lushtak-2004_pid9088-14,Chopin_Op030No2_Olejniczac-1990_pid9100b-19,193,-0.27129361188067963,0.3044568094180707,0.1115651156462576,0.604807455474071,3.5692745170068036,1.506294925170064,0.08290155440414508,0.21761658031088082,0.43005181347150256,0.48186528497409326,0.6424870466321243,0.8393782383419689,artifacts/train70_models/Chopin_Op030No2_reference18_train70_hmm.npz,70,18,filter_map,4,Chopin_Op030No2,Chopin_Op030No2_Lushtak-2004_pid9088-14__Chopin_Op030No2_Olejniczac-1990_pid9100b-19
hmm_train70,Chopin_Op030No2_Lushtak-2004_pid9088-14,Chopin_Op030No2_Poblocka-1999_pid9093-19,193,-0.08475234581086208,0.1748118038255019,0.06424004308389897,0.2990313569061359,1.106462866213164,0.7615828226757363,0.11917098445595854,0.19170984455958548,0.45595854922279794,0.5751295336787565,0.7098445595854922,0.9015544041450777,artifacts/train70_models/Chopin_Op030No2_reference18_train70_hmm.npz,70,18,filter_map,4,Chopin_Op030No2,Chopin_Op030No2_Lushtak-2004_pid9088-14__Chopin_Op030No2_Poblocka-1999_pid9093-19
hmm_train70,Chopin_Op030No2_Lushtak-2004_pid9088-14,Chopin_Op030No2_Rangell-2001_pid9094-19,193,-0.06411031378285417,0.12823823995159472,0.03510177551019922,0.24351150704884927,1.6348298095238079,0.46896151927437013,0.17616580310880828,0.34196891191709844,0.5803108808290155,0.6632124352331606,0.772020725388601,0.9585492227979274,artifacts/train70_models/Chopin_Op030No2_reference18_train70_hmm.npz,70,18,filter_map,4,Chopin_Op030No2,Chopin_Op030No2_Lushtak-2004_pid9088-14__Chopin_Op030No2_Rangell-2001_pid9094-19
hmm_train70,Chopin_Op030No2_Lushtak-2004_pid9088-14,Chopin_Op030No2_Rubinstein-1939_pid9049-19,193,-0.15042476893071707,0.22275220864028009,0.07698243990927978,0.4045496278144091,2.1035828888888943,0.9297608022675662,0.11917098445595854,0.20725388601036268,0.41968911917098445,0.5492227979274611,0.6735751295336787,0.8652849740932642,artifacts/train70_models/Chopin_Op030No2_reference18_train70_hmm.npz,70,18,filter_map,4,Chopin_Op030No2,Chopin_Op030No2_Lushtak-2004_pid9088-14__Chopin_Op030No2_Rubinstein-1939_pid9049-19
hmm_train70,Chopin_Op030No2_Lushtak-2004_pid9088-14,Chopin_Op030No2_Rubinstein-1952_pid9075-19,193,-0.27993938873028124,0.33586876386686354,0.04331079818594219,0.8706055489563028,4.425215560090702,2.184734750113367,0.18652849740932642,0.2538860103626943,0.5284974093264249,0.6528497409326425,0.7098445595854922,0.8704663212435233,artifacts/train70_models/Chopin_Op030No2_reference18_train70_hmm.npz,70,18,filter_map,4,Chopin_Op030No2,Chopin_Op030No2_Lushtak-2004_pid9088-14__Chopin_Op030No2_Rubinstein-1952_pid9075-19
hmm_train70,Chopin_Op030No2_Lushtak-2004_pid9088-14,Chopin_Op030No2_Rubinstein-1966_pid9059-19,193,-0.10202935250784147,0.15923006121273978,0.04417247619047515,0.3453718680284949,2.53893438095238,0.6840496263038544,0.16062176165803108,0.27979274611398963,0.5077720207253886,0.6269430051813472,0.7823834196891192,0.9326424870466321,artifacts/train70_models/Chopin_Op030No2_reference18_train70_hmm.npz,70,18,filter_map,4,Chopin_Op030No2,Chopin_Op030No2_Lushtak-2004_pid9088-14__Chopin_Op030No2_Rubinstein-1966_pid9059-19
hmm_train70,Chopin_Op030No2_Lushtak-2004_pid9088-14,Chopin_Op030No2_Shebanova-2002_pid9072-19,193,-0.24362490806339984,0.29143080937107335,0.05471655328798164,0.6877431590578545,3.9587522857142865,1.2908299882086118,0.10362694300518134,0.21243523316062177,0.49222797927461137,0.5958549222797928,0.6994818652849741,0.8549222797927462,artifacts/train70_models/Chopin_Op030No2_reference18_train70_hmm.npz,70,18,filter_map,4,Chopin_Op030No2,Chopin_Op030No2_Lushtak-2004_pid9088-14__Chopin_Op030No2_Shebanova-2002_pid9072-19
hmm_train70,Chopin_Op030No2_Lushtak-2004_pid9088-14,Chopin_Op030No2_Smith-1975_pid9054-19,193,-0.1696739304689056,0.2556314799384344,0.08049872562358473,0.4857803056973025,2.7202722494331084,1.1444263868480726,0.16062176165803108,0.24352331606217617,0.42487046632124353,0.538860103626943,0.6580310880829016,0.8601036269430051,artifacts/train70_models/Chopin_Op030No2_reference18_train70_hmm.npz,70,18,filter_map,4,Chopin_Op030No2,Chopin_Op030No2_Lushtak-2004_pid9088-14__Chopin_Op030No2_Smith-1975_pid9054-19
hmm_train70,Chopin_Op030No2_Lushtak-2004_pid9088-14,Chopin_Op030No2_Sofronitsky-1960_pid5667291-15,193,-0.16092756936073205,0.22611660743951953,0.1049469092970341,0.3791230006843393,1.5994555986394516,0.9106505482992844,0.07772020725388601,0.19689119170984457,0.38341968911917096,0.49222797927461137,0.6424870466321243,0.8549222797927462,artifacts/train70_models/Chopin_Op030No2_reference18_train70_hmm.npz,70,18,filter_map,4,Chopin_Op030No2,Chopin_Op030No2_Lushtak-2004_pid9088-14__Chopin_Op030No2_Sofronitsky-1960_pid5667291-15
hmm_train70,Chopin_Op030No2_Lushtak-2004_pid9088-14,Chopin_Op030No2_Uninsky-1959_pid9061-19,193,-0.08703100075194148,0.24020406037855582,0.1199546485260754,0.3976798620367218,1.7291155056689433,0.9282022739229796,0.08290155440414508,0.16062176165803108,0.38860103626943004,0.48704663212435234,0.6113989637305699,0.8601036269430051,artifacts/train70_models/Chopin_Op030No2_reference18_train70_hmm.npz,70,18,filter_map,4,Chopin_Op030No2,Chopin_Op030No2_Lushtak-2004_pid9088-14__Chopin_Op030No2_Uninsky-1959_pid9061-19
hmm_train70,Chopin_Op030No2_Lushtak-2004_pid9088-14,Chopin_Op030No2_Yaroshinskiy-2005_pid9081-10,193,-4.977755105201322,5.438589267056737,4.5309746077097515,7.077301197299253,14.990657718820863,11.853741718820858,0.010362694300518135,0.025906735751295335,0.05181347150259067,0.06735751295336788,0.12953367875647667,0.23316062176165803,artifacts/train70_models/Chopin_Op030No2_reference18_train70_hmm.npz,70,18,filter_map,4,Chopin_Op030No2,Chopin_Op030No2_Lushtak-2004_pid9088-14__Chopin_Op030No2_Yaroshinskiy-2005_pid9081-10
hmm_train70,Chopin_Op030No2_Magaloff-1977_pid9074f-19,Chopin_Op030No2_Olejniczac-1990_pid9100b-19,193,-0.1721777051801739,0.20445550835947618,0.1028562993197113,0.32966661581859213,1.6283221360544218,0.6656327936507918,0.09326424870466321,0.15544041450777202,0.3626943005181347,0.49222797927461137,0.6217616580310881,0.8963730569948186,artifacts/train70_models/Chopin_Op030No2_reference19_train70_hmm.npz,70,19,filter_map,4,Chopin_Op030No2,Chopin_Op030No2_Magaloff-1977_pid9074f-19__Chopin_Op030No2_Olejniczac-1990_pid9100b-19
hmm_train70,Chopin_Op030No2_Magaloff-1977_pid9074f-19,Chopin_Op030No2_Poblocka-1999_pid9093-19,193,-0.07752685728384573,0.12702742958185004,0.03768707482991829,0.2727024290251446,2.10140570975058,0.5317232716553392,0.12953367875647667,0.32124352331606215,0.5854922279792746,0.7305699481865285,0.8031088082901554,0.9430051813471503,artifacts/train70_models/Chopin_Op030No2_reference19_train70_hmm.npz,70,19,filter_map,4,Chopin_Op030No2,Chopin_Op030No2_Magaloff-1977_pid9074f-19__Chopin_Op030No2_Poblocka-1999_pid9093-19
hmm_train70,Chopin_Op030No2_Magaloff-1977_pid9074f-19,Chopin_Op030No2_Rangell-2001_pid9094-19,193,-0.09520751517394566,0.1203832480467157,0.029500993197274283,0.27963240732845207,2.1246256643991046,0.5056553569161079,0.20207253886010362,0.39896373056994816,0.6476683937823834,0.7668393782383419,0.8082901554404145,0.9481865284974094,artifacts/train70_models/Chopin_Op030No2_reference19_train70_hmm.npz,70,19,filter_map,4,Chopin_Op030No2,Chopin_Op030No2_Magaloff-1977_pid9074f-19__Chopin_Op030No2_Rangell-2001_pid9094-19
hmm_train70,Chopin_Op030No2_Magaloff-1977_pid9074f-19,Chopin_Op030No2_Rubinstein-1939_pid9049-19,193,-0.15744057851327156,0.18148043115622844,0.05526045578231731,0.3294669001842861,1.98816312471655,0.7016053668934215,0.12953367875647667,0.24352331606217617,0.47150259067357514,0.5958549222797928,0.694300518134715,0.917098445595855,artifacts/train70_models/Chopin_Op030No2_reference19_train70_hmm.npz,70,19,filter_map,4,Chopin_Op030No2,Chopin_Op030No2_Magaloff-1977_pid9074f-19__Chopin_Op030No2_Rubinstein-1939_pid9049-19
hmm_train70,Chopin_Op030No2_Magaloff-1977_pid9074f-19,Chopin_Op030No2_Rubinstein-1952_pid9075-19,193,-0.13427615900038908,0.18393679363904583,0.034421768707485256,0.5287857252145682,4.501768848072572,0.6186398575963714,0.21761658031088082,0.35751295336787564,0.6113989637305699,0.7098445595854922,0.7512953367875648,0.917098445595855,artifacts/train70_models/Chopin_Op030No2_reference19_train70_hmm.npz,70,19,filter_map,4,Chopin_Op030No2,Chopin_Op030No2_Magaloff-1977_pid9074f-19__Chopin_Op030No2_Rubinstein-1952_pid9075-19
hmm_train70,Chopin_Op030No2_Magaloff-1977_pid9074f-19,Chopin_Op030No2_Rubinstein-1966_pid9059-19,193,-0.12229292421839294,0.1724356548235877,0.046825358276644025,0.3713609956629361,2.549387895691609,0.6065851746031765,0.15025906735751296,0.29533678756476683,0.5129533678756477,0.6269430051813472,0.7512953367875648,0.9119170984455959,artifacts/train70_models/Chopin_Op030No2_reference19_train70_hmm.npz,70,19,filter_map,4,Chopin_Op030No2,Chopin_Op030No2_Magaloff-1977_pid9074f-19__Chopin_Op030No2_Rubinstein-1966_pid9059-19
hmm_train70,Chopin_Op030No2_Magaloff-1977_pid9074f-19,Chopin_Op030No2_Shebanova-2002_pid9072-19,193,-0.1467543566787681,0.17584190518487117,0.05219954648526226,0.3158389869940785,1.697982,0.628512527891155,0.12953367875647667,0.23834196891191708,0.49740932642487046,0.6113989637305699,0.694300518134715,0.9119170984455959,artifacts/train70_models/Chopin_Op030No2_reference19_train70_hmm.npz,70,19,filter_map,4,Chopin_Op030No2,Chopin_Op030No2_Magaloff-1977_pid9074f-19__Chopin_Op030No2_Shebanova-2002_pid9072-19
hmm_train70,Chopin_Op030No2_Magaloff-1977_pid9074f-19,Chopin_Op030No2_Smith-1975_pid9054-19,193,-0.26765944846263384,0.30219167270569763,0.06324206802720944,0.7194140871855221,4.372267714285712,1.3726120689342374,0.11917098445595854,0.22797927461139897,0.45595854922279794,0.5595854922279793,0.694300518134715,0.8497409326424871,artifacts/train70_models/Chopin_Op030No2_reference19_train70_hmm.npz,70,19,filter_map,4,Chopin_Op030No2,Chopin_Op030No2_Magaloff-1977_pid9074f-19__Chopin_Op030No2_Smith-1975_pid9054-19
hmm_train70,Chopin_Op030No2_Magaloff-1977_pid9074f-19,Chopin_Op030No2_Sofronitsky-1960_pid5667291-15,193,-0.14770122340887898,0.1829402776544118,0.05848040136054067,0.3155098212360341,1.6921542222222286,0.6341498004535167,0.09844559585492228,0.22797927461139897,0.47150259067357514,0.5647668393782384,0.6683937823834197,0.9015544041450777,artifacts/train70_models/Chopin_Op030No2_reference19_train70_hmm.npz,70,19,filter_map,4,Chopin_Op030No2,Chopin_Op030No2_Magaloff-1977_pid9074f-19__Chopin_Op030No2_Sofronitsky-1960_pid5667291-15
hmm_train70,Chopin_Op030No2_Magaloff-1977_pid9074f-19,Chopin_Op030No2_Uninsky-1959_pid9061-19,193,-0.10360696046432273,0.1497417741590601,0.03863945578231309,0.28910817970419606,1.697982,0.6295873442176863,0.20725388601036268,0.29533678756476683,0.5647668393782384,0.6632124352331606,0.7668393782383419,0.917098445595855,artifacts/train70_models/Chopin_Op030No2_reference19_train70_hmm.npz,70,19,filter_map,4,Chopin_Op030No2,Chopin_Op030No2_Magaloff-1977_pid9074f-19__Chopin_Op030No2_Uninsky-1959_pid9061-19
hmm_train70,Chopin_Op030No2_Magaloff-1977_pid9074f-19,Chopin_Op030No2_Yaroshinskiy-2005_pid9081-10,193,-14.280816350674984,14.313133383302196,14.895601129251702,16.047898428923208,26.504308530612242,25.479120321995463,0.0051813471502590676,0.02072538860103627,0.03626943005181347,0.04145077720207254,0.06217616580310881,0.07253886010362694,artifacts/train70_models/Chopin_Op030No2_reference19_train70_hmm.npz,70,19,filter_map,4,Chopin_Op030No2,Chopin_Op030No2_Magaloff-1977_pid9074f-19__Chopin_Op030No2_Yaroshinskiy-2005_pid9081-10
hmm_train70,Chopin_Op030No2_Michelangeli-1971_pid5667269b-38,Chopin_Op030No2_Olejniczac-1990_pid9100b-19,193,-0.26880582863957225,0.28882249474228355,0.1653062630385449,0.47354622946103453,2.375578231292522,1.0288253061224462,0.07253886010362694,0.12953367875647667,0.27979274611398963,0.37305699481865284,0.5492227979274611,0.8549222797927462,artifacts/train70_models/Chopin_Op030No2_reference20_train70_hmm.npz,70,20,filter_map,4,Chopin_Op030No2,Chopin_Op030No2_Michelangeli-1971_pid5667269b-38__Chopin_Op030No2_Olejniczac-1990_pid9100b-19
hmm_train70,Chopin_Op030No2_Michelangeli-1971_pid5667269b-38,Chopin_Op030No2_Poblocka-1999_pid9093-19,193,-0.0971060212305991,0.25399585462855273,0.08283432653060885,0.5158809589727047,3.000635501133786,1.082780101587296,0.06735751295336788,0.17098445595854922,0.39378238341968913,0.5440414507772021,0.6683937823834197,0.8808290155440415,artifacts/train70_models/Chopin_Op030No2_reference20_train70_hmm.npz,70,20,filter_map,4,Chopin_Op030No2,Chopin_Op030No2_Michelangeli-1971_pid5667269b-38__Chopin_Op030No2_Poblocka-1999_pid9093-19
hmm_train70,Chopin_Op030No2_Michelangeli-1971_pid5667269b-38,Chopin_Op030No2_Rangell-2001_pid9094-19,193,-0.07778814400855273,0.1256307186093765,0.058231292517007205,0.1950813749254608,0.7730158730158792,0.4253044916099781,0.11398963730569948,0.21761658031088082,0.43523316062176165,0.6476683937823834,0.7668393782383419,0.9689119170984456,artifacts/train70_models/Chopin_Op030No2_reference20_train70_hmm.npz,70,20,filter_map,4,Chopin_Op030No2,Chopin_Op030No2_Michelangeli-1971_pid5667269b-38__Chopin_Op030No2_Rangell-2001_pid9094-19
hmm_train70,Chopin_Op030No2_Michelangeli-1971_pid5667269b-38,Chopin_Op030No2_Rubinstein-1939_pid9049-19,193,-0.2045933831142108,0.27162265927648893,0.1340594036281182,0.44359400997634113,1.9738774104308412,0.9864827083899086,0.05699481865284974,0.09844559585492228,0.29533678756476683,0.45077720207253885,0.5906735751295337,0.8704663212435233,artifacts/train70_models/Chopin_Op030No2_reference20_train70_hmm.npz,70,20,filter_map,4,Chopin_Op030No2,Chopin_Op030No2_Michelangeli-1971_pid5667269b-38__Chopin_Op030No2_Rubinstein-1939_pid9049-19
hmm_train70,Chopin_Op030No2_Michelangeli-1971_pid5667269b-38,Chopin_Op030No2_Rubinstein-1952_pid9075-19,193,-0.21692264249879378,0.3187789659276476,0.09367360997732987,0.7111256024649726,4.242744185941035,1.1420817170068025,0.09326424870466321,0.18134715025906736,0.38341968911917096,0.5129533678756477,0.6113989637305699,0.8549222797927462,artifacts/train70_models/Chopin_Op030No2_reference20_train70_hmm.npz,70,20,filter_map,4,Chopin_Op030No2,Chopin_Op030No2_Michelangeli-1971_pid5667269b-38__Chopin_Op030No2_Rubinstein-1952_pid9075-19
hmm_train70,Chopin_Op030No2_Michelangeli-1971_pid5667269b-38,Chopin_Op030No2_Rubinstein-1966_pid9059-19,193,-0.1301695813682994,0.18806160094227767,0.051065759637189956,0.48123994444437557,3.730476331065759,0.5936282585034061,0.09844559585492228,0.20207253886010362,0.49740932642487046,0.6476683937823834,0.8082901554404145,0.9222797927461139,artifacts/train70_models/Chopin_Op030No2_reference20_train70_hmm.npz,70,20,filter_map,4,Chopin_Op030No2,Chopin_Op030No2_Michelangeli-1971_pid5667269b-38__Chopin_Op030No2_Rubinstein-1966_pid9059-19
hmm_train70,Chopin_Op030No2_Michelangeli-1971_pid5667269b-38,Chopin_Op030No2_Shebanova-2002_pid9072-19,193,-0.15294331435855807,0.1948363798127188,0.08868341496598475,0.31829627729059434,1.7186622721088436,0.7330430421768693,0.10880829015544041,0.16580310880829016,0.36787564766839376,0.5595854922279793,0.689119170984456,0.8860103626943006,artifacts/train70_models/Chopin_Op030No2_reference20_train70_hmm.npz,70,20,filter_map,4,Chopin_Op030No2,Chopin_Op030No2_Michelangeli-1971_pid5667269b-38__Chopin_Op030No2_Shebanova-2002_pid9072-19
hmm_train70,Chopin_Op030No2_Michelangeli-1971_pid5667269b-38,Chopin_Op030No2_Smith-1975_pid9054-19,193,-0.295906375994266,0.3350401241173505,0.10224447619048149,0.8059122090040907,4.505669074829932,1.0772290308390038,0.09326424870466321,0.16580310880829016,0.32642487046632124,0.49740932642487046,0.6476683937823834,0.8704663212435233,artifacts/train70_models/Chopin_Op030No2_reference20_train70_hmm.npz,70,20,filter_map,4,Chopin_Op030No2,Chopin_Op030No2_Michelangeli-1971_pid5667269b-38__Chopin_Op030No2_Smith-1975_pid9054-19
hmm_train70,Chopin_Op030No2_Michelangeli-1971_pid5667269b-38,Chopin_Op030No2_Sofronitsky-1960_pid5667291-15,193,-0.1332249846674408,0.19168798366876855,0.09367360997732987,0.30910991033606217,1.6355556961451327,0.660644238548748,0.08808290155440414,0.15544041450777202,0.37305699481865284,0.5129533678756477,0.6580310880829016,0.917098445595855,artifacts/train70_models/Chopin_Op030No2_reference20_train70_hmm.npz,70,20,filter_map,4,Chopin_Op030No2,Chopin_Op030No2_Michelangeli-1971_pid5667269b-38__Chopin_Op030No2_Sofronitsky-1960_pid5667291-15
hmm_train70,Chopin_Op030No2_Michelangeli-1971_pid5667269b-38,Chopin_Op030No2_Uninsky-1959_pid9061-19,193,-0.09694069021183506,0.16359902125409986,0.08052163718820893,0.2487030018413162,0.8318312517007556,0.5677643129251686,0.17616580310880828,0.26424870466321243,0.41450777202072536,0.538860103626943,0.6476683937823834,0.9326424870466321,artifacts/train70_models/Chopin_Op030No2_reference20_train70_hmm.npz,70,20,filter_map,4,Chopin_Op030No2,Chopin_Op030No2_Michelangeli-1971_pid5667269b-38__Chopin_Op030No2_Uninsky-1959_pid9061-19
hmm_train70,Chopin_Op030No2_Michelangeli-1971_pid5667269b-38,Chopin_Op030No2_Yaroshinskiy-2005_pid9081-10,193,-11.763724576962387,11.803411129827401,10.47528358730159,14.015369662592859,29.45278911564626,23.777369755102036,0.0051813471502590676,0.0051813471502590676,0.0051813471502590676,0.015544041450777202,0.025906735751295335,0.046632124352331605,artifacts/train70_models/Chopin_Op030No2_reference20_train70_hmm.npz,70,20,filter_map,4,Chopin_Op030No2,Chopin_Op030No2_Michelangeli-1971_pid5667269b-38__Chopin_Op030No2_Yaroshinskiy-2005_pid9081-10
hmm_train70,Chopin_Op030No2_Milkina-1970_pid9099-19,Chopin_Op030No2_Olejniczac-1990_pid9100b-19,193,-0.2186430918308602,0.23987557086461517,0.13644004988661607,0.383086553729946,2.1534241768707574,0.7329433106575917,0.07772020725388601,0.14507772020725387,0.32642487046632124,0.41450777202072536,0.5699481865284974,0.8911917098445595,artifacts/train70_models/Chopin_Op030No2_reference21_train70_hmm.npz,70,21,filter_map,4,Chopin_Op030No2,Chopin_Op030No2_Milkina-1970_pid9099-19__Chopin_Op030No2_Olejniczac-1990_pid9100b-19
hmm_train70,Chopin_Op030No2_Milkina-1970_pid9099-19,Chopin_Op030No2_Poblocka-1999_pid9093-19,193,-0.10170784714438522,0.11596284631019986,0.030612244897966434,0.22531912204853516,1.1678686213151934,0.515025046712017,0.23316062176165803,0.34196891191709844,0.6062176165803109,0.694300518134715,0.8186528497409327,0.9430051813471503,artifacts/train70_models/Chopin_Op030No2_reference21_train70_hmm.npz,70,21,filter_map,4,Chopin_Op030No2,Chopin_Op030No2_Milkina-1970_pid9099-19__Chopin_Op030No2_Poblocka-1999_pid9093-19
hmm_train70,Chopin_Op030No2_Milkina-1970_pid9099-19,Chopin_Op030No2_Rangell-2001_pid9094-19,193,-0.082665468412581,0.11760953599332616,0.04274390476190604,0.19861169797965977,0.7574604580498843,0.4723039392290274,0.16062176165803108,0.2694300518134715,0.5492227979274611,0.6735751295336787,0.7823834196891192,0.9585492227979274,artifacts/train70_models/Chopin_Op030No2_reference21_train70_hmm.npz,70,21,filter_map,4,Chopin_Op030No2,Chopin_Op030No2_Milkina-1970_pid9099-19__Chopin_Op030No2_Rangell-2001_pid9094-19
hmm_train70,Chopin_Op030No2_Milkina-1970_pid9099-19,Chopin_Op030No2_Rubinstein-1939_pid9049-19,193,-0.16503479211166333,0.17278737526582225,0.08031687981859648,0.28500600934146814,1.4077096643990927,0.6306168362811816,0.11917098445595854,0.18134715025906736,0.38860103626943004,0.5647668393782384,0.7253886010362695,0.8963730569948186,artifacts/train70_models/Chopin_Op030No2_reference21_train70_hmm.npz,70,21,filter_map,4,Chopin_Op030No2,Chopin_Op030No2_Milkina-1970_pid9099-19__Chopin_Op030No2_Rubinstein-1939_pid9049-19
hmm_train70,Chopin_Op030No2_Milkina-1970_pid9099-19,Chopin_Op030No2_Rubinstein-1952_pid9075-19,193,-0.0894445887819722,0.13202627707870718,0.04290277551020161,0.24916011659828138,1.6902497256235876,0.49837179773242296,0.18652849740932642,0.3471502590673575,0.533678756476684,0.6476683937823834,0.7668393782383419,0.9481865284974094,artifacts/train70_models/Chopin_Op030No2_reference21_train70_hmm.npz,70,21,filter_map,4,Chopin_Op030No2,Chopin_Op030No2_Milkina-1970_pid9099-19__Chopin_Op030No2_Rubinstein-1952_pid9075-19
hmm_train70,Chopin_Op030No2_Milkina-1970_pid9099-19,Chopin_Op030No2_Rubinstein-1966_pid9059-19,193,-0.1041764812308334,0.15660046381868623,0.03693891609977129,0.32215295626455975,1.7199772312925319,0.6841724761904716,0.13471502590673576,0.32124352331606215,0.5595854922279793,0.6373056994818653,0.772020725388601,0.927461139896373,artifacts/train70_models/Chopin_Op030No2_reference21_train70_hmm.npz,70,21,filter_map,4,Chopin_Op030No2,Chopin_Op030No2_Milkina-1970_pid9099-19__Chopin_Op030No2_Rubinstein-1966_pid9059-19
hmm_train70,Chopin_Op030No2_Milkina-1970_pid9099-19,Chopin_Op030No2_Shebanova-2002_pid9072-19,193,-0.2067066774875759,0.23822726886609602,0.08984028571428126,0.4303813868536375,2.5095693015873053,0.8666168362811778,0.09326424870466321,0.20207253886010362,0.38341968911917096,0.5233160621761658,0.6321243523316062,0.8601036269430051,artifacts/train70_models/Chopin_Op030No2_reference21_train70_hmm.npz,70,21,filter_map,4,Chopin_Op030No2,Chopin_Op030No2_Milkina-1970_pid9099-19__Chopin_Op030No2_Shebanova-2002_pid9072-19
hmm_train70,Chopin_Op030No2_Milkina-1970_pid9099-19,Chopin_Op030No2_Smith-1975_pid9054-19,193,-0.2556372518064226,0.27682617613055643,0.0928123537414649,0.5375960738361875,2.910996748299347,1.1632200390022653,0.09844559585492228,0.21243523316062177,0.39896373056994816,0.5129533678756477,0.6424870466321243,0.8497409326424871,artifacts/train70_models/Chopin_Op030No2_reference21_train70_hmm.npz,70,21,filter_map,4,Chopin_Op030No2,Chopin_Op030No2_Milkina-1970_pid9099-19__Chopin_Op030No2_Smith-1975_pid9054-19
hmm_train70,Chopin_Op030No2_Milkina-1970_pid9099-19,Chopin_Op030No2_Sofronitsky-1960_pid5667291-15,193,-0.19449245512436278,0.22305258788903976,0.1360314217687062,0.34589402390768226,1.495963859410431,0.7437144408163248,0.09844559585492228,0.16062176165803108,0.36787564766839376,0.43005181347150256,0.6010362694300518,0.8704663212435233,artifacts/train70_models/Chopin_Op030No2_reference21_train70_hmm.npz,70,21,filter_map,4,Chopin_Op030No2,Chopin_Op030No2_Milkina-1970_pid9099-19__Chopin_Op030No2_Sofronitsky-1960_pid5667291-15
hmm_train70,Chopin_Op030No2_Milkina-1970_pid9099-19,Chopin_Op030No2_Uninsky-1959_pid9061-19,193,-0.10070963593105518,0.17840672476589842,0.07741384126983952,0.2918165825817136,1.6974831337868537,0.5641432970520694,0.10880829015544041,0.19689119170984457,0.44559585492227977,0.538860103626943,0.6683937823834197,0.9222797927461139,artifacts/train70_models/Chopin_Op030No2_reference21_train70_hmm.npz,70,21,filter_map,4,Chopin_Op030No2,Chopin_Op030No2_Milkina-1970_pid9099-19__Chopin_Op030No2_Uninsky-1959_pid9061-19
hmm_train70,Chopin_Op030No2_Milkina-1970_pid9099-19,Chopin_Op030No2_Yaroshinskiy-2005_pid9081-10,193,-5.240711909802264,5.637639392560479,4.752902634920638,7.48107768178538,18.32308344671202,14.254638893424076,0.010362694300518135,0.02072538860103627,0.04145077720207254,0.05181347150259067,0.09326424870466321,0.23316062176165803,artifacts/train70_models/Chopin_Op030No2_reference21_train70_hmm.npz,70,21,filter_map,4,Chopin_Op030No2,Chopin_Op030No2_Milkina-1970_pid9099-19__Chopin_Op030No2_Yaroshinskiy-2005_pid9081-10
hmm_train70,Chopin_Op030No2_Mohovich-1999_pid9104-19,Chopin_Op030No2_Olejniczac-1990_pid9100b-19,193,-0.1921728029090735,0.2189553641159389,0.15460317460318151,0.3361355473635754,1.6227666439909285,0.7025646621314665,0.11398963730569948,0.21761658031088082,0.34196891191709844,0.41450777202072536,0.5854922279792746,0.8911917098445595,artifacts/train70_models/Chopin_Op030No2_reference22_train70_hmm.npz,70,22,filter_map,4,Chopin_Op030No2,Chopin_Op030No2_Mohovich-1999_pid9104-19__Chopin_Op030No2_Olejniczac-1990_pid9100b-19
hmm_train70,Chopin_Op030No2_Mohovich-1999_pid9104-19,Chopin_Op030No2_Poblocka-1999_pid9093-19,193,0.05506592498208338,0.29972553246860073,0.10092858049885223,0.6336316818697991,3.123900299319729,1.8563673469387738,0.11917098445595854,0.21243523316062177,0.38341968911917096,0.49222797927461137,0.6424870466321243,0.8808290155440415,artifacts/train70_models/Chopin_Op030No2_reference22_train70_hmm.npz,70,22,filter_map,4,Chopin_Op030No2,Chopin_Op030No2_Mohovich-1999_pid9104-19__Chopin_Op030No2_Poblocka-1999_pid9093-19
hmm_train70,Chopin_Op030No2_Mohovich-1999_pid9104-19,Chopin_Op030No2_Rangell-2001_pid9094-19,193,-0.10199481011126296,0.13942760599438467,0.05015887074830516,0.2270364954409272,0.9279352176870503,0.5319139573696128,0.15025906735751296,0.30569948186528495,0.49740932642487046,0.5906735751295337,0.7461139896373057,0.9378238341968912,artifacts/train70_models/Chopin_Op030No2_reference22_train70_hmm.npz,70,22,filter_map,4,Chopin_Op030No2,Chopin_Op030No2_Mohovich-1999_pid9104-19__Chopin_Op030No2_Rangell-2001_pid9094-19
hmm_train70,Chopin_Op030No2_Mohovich-1999_pid9104-19,Chopin_Op030No2_Rubinstein-1939_pid9049-19,193,-0.21128833612961687,0.2623275827076951,0.1640137460317561,0.42983273445050113,2.386145265306121,0.8376146530612276,0.06217616580310881,0.12953367875647667,0.30569948186528495,0.39378238341968913,0.5492227979274611,0.8549222797927462,artifacts/train70_models/Chopin_Op030No2_reference22_train70_hmm.npz,70,22,filter_map,4,Chopin_Op030No2,Chopin_Op030No2_Mohovich-1999_pid9104-19__Chopin_Op030No2_Rubinstein-1939_pid9049-19
hmm_train70,Chopin_Op030No2_Mohovich-1999_pid9104-19,Chopin_Op030No2_Rubinstein-1952_pid9075-19,193,-0.0810821438793145,0.23868021921445542,0.11099521541950974,0.39536597503630205,1.4650792244897985,0.877596641269842,0.12953367875647667,0.20725388601036268,0.38860103626943004,0.48704663212435234,0.6010362694300518,0.8601036269430051,artifacts/train70_models/Chopin_Op030No2_reference22_train70_hmm.npz,70,22,filter_map,4,Chopin_Op030No2,Chopin_Op030No2_Mohovich-1999_pid9104-19__Chopin_Op030No2_Rubinstein-1952_pid9075-19
hmm_train70,Chopin_Op030No2_Mohovich-1999_pid9104-19,Chopin_Op030No2_Rubinstein-1966_pid9059-19,193,-0.10211270187867975,0.14980416886962128,0.039319727891157896,0.2858435855569992,1.4073696145124615,0.7546303555555453,0.19170984455958548,0.32642487046632124,0.5440414507772021,0.6735751295336787,0.7616580310880829,0.917098445595855,artifacts/train70_models/Chopin_Op030No2_reference22_train70_hmm.npz,70,22,filter_map,4,Chopin_Op030No2,Chopin_Op030No2_Mohovich-1999_pid9104-19__Chopin_Op030No2_Rubinstein-1966_pid9059-19
hmm_train70,Chopin_Op030No2_Mohovich-1999_pid9104-19,Chopin_Op030No2_Shebanova-2002_pid9072-19,193,-0.10420097659582064,0.17355577339536862,0.06117899773242641,0.29223942581135115,1.2313606848072567,0.5594513315192705,0.13989637305699482,0.22279792746113988,0.44041450777202074,0.5647668393782384,0.6787564766839378,0.927461139896373,artifacts/train70_models/Chopin_Op030No2_reference22_train70_hmm.npz,70,22,filter_map,4,Chopin_Op030No2,Chopin_Op030No2_Mohovich-1999_pid9104-19__Chopin_Op030No2_Shebanova-2002_pid9072-19
hmm_train70,Chopin_Op030No2_Mohovich-1999_pid9104-19,Chopin_Op030No2_Smith-1975_pid9054-19,193,-0.23556393627295388,0.28710423082255254,0.1810649160997997,0.48821272114252645,2.1246033151927435,1.1670318965985844,0.07772020725388601,0.18134715025906736,0.35233160621761656,0.42487046632124353,0.5492227979274611,0.8393782383419689,artifacts/train70_models/Chopin_Op030No2_reference22_train70_hmm.npz,70,22,filter_map,4,Chopin_Op030No2,Chopin_Op030No2_Mohovich-1999_pid9104-19__Chopin_Op030No2_Smith-1975_pid9054-19
hmm_train70,Chopin_Op030No2_Mohovich-1999_pid9104-19,Chopin_Op030No2_Sofronitsky-1960_pid5667291-15,193,-0.18236723843596186,0.21779908449943025,0.14113411111111063,0.36320018925456715,2.692698820861679,0.6868846780045373,0.14507772020725387,0.23316062176165803,0.38341968911917096,0.47668393782383417,0.5803108808290155,0.8963730569948186,artifacts/train70_models/Chopin_Op030No2_reference22_train70_hmm.npz,70,22,filter_map,4,Chopin_Op030No2,Chopin_Op030No2_Mohovich-1999_pid9104-19__Chopin_Op030No2_Sofronitsky-1960_pid5667291-15
hmm_train70,Chopin_Op030No2_Mohovich-1999_pid9104-19,Chopin_Op030No2_Uninsky-1959_pid9061-19,193,-0.12285795483651067,0.18158041791500595,0.07117871655330532,0.34220040141436,2.7209074784580523,0.6108572834467119,0.10362694300518134,0.24352331606217617,0.43005181347150256,0.533678756476684,0.694300518134715,0.9222797927461139,artifacts/train70_models/Chopin_Op030No2_reference22_train70_hmm.npz,70,22,filter_map,4,Chopin_Op030No2,Chopin_Op030No2_Mohovich-1999_pid9104-19__Chopin_Op030No2_Uninsky-1959_pid9061-19
hmm_train70,Chopin_Op030No2_Mohovich-1999_pid9104-19,Chopin_Op030No2_Yaroshinskiy-2005_pid9081-10,193,-6.436404065571645,6.718068443093294,4.252653482993193,9.037581475997612,22.77809537868481,15.736517147392284,0.02072538860103627,0.02072538860103627,0.03626943005181347,0.05181347150259067,0.06735751295336788,0.17098445595854922,artifacts/train70_models/Chopin_Op030No2_reference22_train70_hmm.npz,70,22,filter_map,4,Chopin_Op030No2,Chopin_Op030No2_Mohovich-1999_pid9104-19__Chopin_Op030No2_Yaroshinskiy-2005_pid9081-10
hmm_train70,Chopin_Op030No2_Olejniczac-1990_pid9100b-19,Chopin_Op030No2_Poblocka-1999_pid9093-19,193,-0.023581703934770163,0.12069643188467048,0.03750517913832141,0.24955001553527242,1.3648981428571432,0.6093017777777752,0.16580310880829016,0.2694300518134715,0.6062176165803109,0.7409326424870466,0.844559585492228,0.9326424870466321,artifacts/train70_models/Chopin_Op030No2_reference23_train70_hmm.npz,70,23,filter_map,4,Chopin_Op030No2,Chopin_Op030No2_Olejniczac-1990_pid9100b-19__Chopin_Op030No2_Poblocka-1999_pid9093-19
hmm_train70,Chopin_Op030No2_Olejniczac-1990_pid9100b-19,Chopin_Op030No2_Rangell-2001_pid9094-19,193,-0.02682332675384556,0.10703389858188662,0.041224489795919084,0.19040173226379994,0.8391837959183661,0.45188684625850184,0.12953367875647667,0.27979274611398963,0.5544041450777202,0.7202072538860104,0.844559585492228,0.9533678756476683,artifacts/train70_models/Chopin_Op030No2_reference23_train70_hmm.npz,70,23,filter_map,4,Chopin_Op030No2,Chopin_Op030No2_Olejniczac-1990_pid9100b-19__Chopin_Op030No2_Rangell-2001_pid9094-19
hmm_train70,Chopin_Op030No2_Olejniczac-1990_pid9100b-19,Chopin_Op030No2_Rubinstein-1939_pid9049-19,193,-0.09928743572662306,0.14593441983010785,0.048571428571428044,0.2627676845904045,1.2487983696145122,0.6526350049886627,0.14507772020725387,0.29533678756476683,0.5025906735751295,0.6424870466321243,0.7979274611398963,0.9222797927461139,artifacts/train70_models/Chopin_Op030No2_reference23_train70_hmm.npz,70,23,filter_map,4,Chopin_Op030No2,Chopin_Op030No2_Olejniczac-1990_pid9100b-19__Chopin_Op030No2_Rubinstein-1939_pid9049-19
hmm_train70,Chopin_Op030No2_Olejniczac-1990_pid9100b-19,Chopin_Op030No2_Rubinstein-1952_pid9075-19,193,-0.057236035388248445,0.14763795572944127,0.037073986394574376,0.3263002654440988,1.8088888888888874,0.6561362258503417,0.20207253886010362,0.3160621761658031,0.5699481865284974,0.6632124352331606,0.8290155440414507,0.9222797927461139,artifacts/train70_models/Chopin_Op030No2_reference23_train70_hmm.npz,70,23,filter_map,4,Chopin_Op030No2,Chopin_Op030No2_Olejniczac-1990_pid9100b-19__Chopin_Op030No2_Rubinstein-1952_pid9075-19
hmm_train70,Chopin_Op030No2_Olejniczac-1990_pid9100b-19,Chopin_Op030No2_Rubinstein-1966_pid9059-19,193,-0.1253092334895957,0.1756030759343461,0.03666680725623905,0.3592268979679232,2.1707256235827543,0.7372971927437629,0.18134715025906736,0.33678756476683935,0.5440414507772021,0.6580310880829016,0.7461139896373057,0.8911917098445595,artifacts/train70_models/Chopin_Op030No2_reference23_train70_hmm.npz,70,23,filter_map,4,Chopin_Op030No2,Chopin_Op030No2_Olejniczac-1990_pid9100b-19__Chopin_Op030No2_Rubinstein-1966_pid9059-19
hmm_train70,Chopin_Op030No2_Olejniczac-1990_pid9100b-19,Chopin_Op030No2_Shebanova-2002_pid9072-19,193,-0.05538164112415404,0.12343800513435244,0.047981410430836036,0.2292342290915173,1.2261905192743754,0.4527996199546677,0.16062176165803108,0.3005181347150259,0.5129533678756477,0.6424870466321243,0.8186528497409327,0.9585492227979274,artifacts/train70_models/Chopin_Op030No2_reference23_train70_hmm.npz,70,23,filter_map,4,Chopin_Op030No2,Chopin_Op030No2_Olejniczac-1990_pid9100b-19__Chopin_Op030No2_Shebanova-2002_pid9072-19
hmm_train70,Chopin_Op030No2_Olejniczac-1990_pid9100b-19,Chopin_Op030No2_Smith-1975_pid9054-19,193,-0.18433409704745643,0.2658359415365474,0.060748158730156376,0.5375368305891663,2.213152068027213,1.5470029047618925,0.13989637305699482,0.2694300518134715,0.47668393782383417,0.5647668393782384,0.7305699481865285,0.844559585492228,artifacts/train70_models/Chopin_Op030No2_reference23_train70_hmm.npz,70,23,filter_map,4,Chopin_Op030No2,Chopin_Op030No2_Olejniczac-1990_pid9100b-19__Chopin_Op030No2_Smith-1975_pid9054-19
hmm_train70,Chopin_Op030No2_Olejniczac-1990_pid9100b-19,Chopin_Op030No2_Sofronitsky-1960_pid5667291-15,193,-0.056706119875929856,0.10671680997027497,0.04959234467120055,0.16506093523797521,0.6269721043084431,0.4031070839002236,0.11917098445595854,0.26424870466321243,0.5025906735751295,0.6476683937823834,0.8186528497409327,0.9844559585492227,artifacts/train70_models/Chopin_Op030No2_reference23_train70_hmm.npz,70,23,filter_map,4,Chopin_Op030No2,Chopin_Op030No2_Olejniczac-1990_pid9100b-19__Chopin_Op030No2_Sofronitsky-1960_pid5667291-15
hmm_train70,Chopin_Op030No2_Olejniczac-1990_pid9100b-19,Chopin_Op030No2_Uninsky-1959_pid9061-19,193,-0.07171743515091286,0.12399271128969339,0.04213137868480743,0.262831945877479,2.0674245668924414,0.4519275782312917,0.15025906735751296,0.29533678756476683,0.5233160621761658,0.6528497409326425,0.8601036269430051,0.9585492227979274,artifacts/train70_models/Chopin_Op030No2_reference23_train70_hmm.npz,70,23,filter_map,4,Chopin_Op030No2,Chopin_Op030No2_Olejniczac-1990_pid9100b-19__Chopin_Op030No2_Uninsky-1959_pid9061-19
hmm_train70,Chopin_Op030No2_Olejniczac-1990_pid9100b-19,Chopin_Op030No2_Yaroshinskiy-2005_pid9081-10,193,-6.781463550150975,9.319339840329913,5.908639315192744,12.074451992959615,22.62349220408163,21.008335741496598,0.010362694300518135,0.015544041450777202,0.025906735751295335,0.04145077720207254,0.05699481865284974,0.11398963730569948,artifacts/train70_models/Chopin_Op030No2_reference23_train70_hmm.npz,70,23,filter_map,4,Chopin_Op030No2,Chopin_Op030No2_Olejniczac-1990_pid9100b-19__Chopin_Op030No2_Yaroshinskiy-2005_pid9081-10
hmm_train70,Chopin_Op030No2_Poblocka-1999_pid9093-19,Chopin_Op030No2_Olejniczac-1990_pid9100b-19,193,-0.14572905374032125,0.1713551753903626,0.09761918820861837,0.2648930237891358,1.1797278911564604,0.5116916943310648,0.10362694300518134,0.16580310880829016,0.39378238341968913,0.5129533678756477,0.6994818652849741,0.9378238341968912,artifacts/train70_models/Chopin_Op030No2_reference24_train70_hmm.npz,70,24,filter_map,4,Chopin_Op030No2,Chopin_Op030No2_Poblocka-1999_pid9093-19__Chopin_Op030No2_Olejniczac-1990_pid9100b-19
hmm_train70,Chopin_Op030No2_Poblocka-1999_pid9093-19,Chopin_Op030No2_Rangell-2001_pid9094-19,193,-0.05906541921915616,0.10391803649266196,0.041519414965989654,0.17781896380080578,0.9346034149659914,0.37913752018138613,0.16580310880829016,0.31088082901554404,0.5544041450777202,0.694300518134715,0.8393782383419689,0.9740932642487047,artifacts/train70_models/Chopin_Op030No2_reference24_train70_hmm.npz,70,24,filter_map,4,Chopin_Op030No2,Chopin_Op030No2_Poblocka-1999_pid9093-19__Chopin_Op030No2_Rangell-2001_pid9094-19
hmm_train70,Chopin_Op030No2_Poblocka-1999_pid9093-19,Chopin_Op030No2_Rubinstein-1939_pid9049-19,193,-0.1246239463184229,0.14608412716036262,0.05088435374149469,0.2706605455359131,1.3206346349206335,0.5264037687074826,0.12435233160621761,0.2538860103626943,0.49740932642487046,0.6269430051813472,0.7616580310880829,0.9326424870466321,artifacts/train70_models/Chopin_Op030No2_reference24_train70_hmm.npz,70,24,filter_map,4,Chopin_Op030No2,Chopin_Op030No2_Poblocka-1999_pid9093-19__Chopin_Op030No2_Rubinstein-1939_pid9049-19
hmm_train70,Chopin_Op030No2_Poblocka-1999_pid9093-19,Chopin_Op030No2_Rubinstein-1952_pid9075-19,193,-0.08440782413967057,0.12742066466932012,0.0290924081632582,0.2587198750616077,1.373573628117768,0.6314241768707501,0.19689119170984457,0.35233160621761656,0.6321243523316062,0.7098445595854922,0.8031088082901554,0.927461139896373,artifacts/train70_models/Chopin_Op030No2_reference24_train70_hmm.npz,70,24,filter_map,4,Chopin_Op030No2,Chopin_Op030No2_Poblocka-1999_pid9093-19__Chopin_Op030No2_Rubinstein-1952_pid9075-19
hmm_train70,Chopin_Op030No2_Poblocka-1999_pid9093-19,Chopin_Op030No2_Rubinstein-1966_pid9059-19,193,-0.12885161462996272,0.19606430040064346,0.061269981859410905,0.35021142473478667,1.6698410340136078,0.7823900789115553,0.08808290155440414,0.24352331606217617,0.45595854922279794,0.5854922279792746,0.7046632124352331,0.8704663212435233,artifacts/train70_models/Chopin_Op030No2_reference24_train70_hmm.npz,70,24,filter_map,4,Chopin_Op030No2,Chopin_Op030No2_Poblocka-1999_pid9093-19__Chopin_Op030No2_Rubinstein-1966_pid9059-19
hmm_train70,Chopin_Op030No2_Poblocka-1999_pid9093-19,Chopin_Op030No2_Shebanova-2002_pid9072-19,193,-0.17312005577291448,0.2038616905408117,0.061133646258497265,0.3646870061511917,1.47124730612245,0.9326712979591867,0.13471502590673576,0.20725388601036268,0.46632124352331605,0.5803108808290155,0.6839378238341969,0.8704663212435233,artifacts/train70_models/Chopin_Op030No2_reference24_train70_hmm.npz,70,24,filter_map,4,Chopin_Op030No2,Chopin_Op030No2_Poblocka-1999_pid9093-19__Chopin_Op030No2_Shebanova-2002_pid9072-19
hmm_train70,Chopin_Op030No2_Poblocka-1999_pid9093-19,Chopin_Op030No2_Smith-1975_pid9054-19,193,-0.17717097052154226,0.20717216467519745,0.046553287981858205,0.41569154392603413,2.4915194149659925,0.9813422938775481,0.13471502590673576,0.23316062176165803,0.5233160621761658,0.6113989637305699,0.7253886010362695,0.8704663212435233,artifacts/train70_models/Chopin_Op030No2_reference24_train70_hmm.npz,70,24,filter_map,4,Chopin_Op030No2,Chopin_Op030No2_Poblocka-1999_pid9093-19__Chopin_Op030No2_Smith-1975_pid9054-19
hmm_train70,Chopin_Op030No2_Poblocka-1999_pid9093-19,Chopin_Op030No2_Sofronitsky-1960_pid5667291-15,193,-0.16866430659241127,0.19471820470433407,0.06553302040816256,0.33055496765953546,1.4136509342403514,0.8050484167800451,0.11398963730569948,0.22797927461139897,0.43005181347150256,0.538860103626943,0.6735751295336787,0.9015544041450777,artifacts/train70_models/Chopin_Op030No2_reference24_train70_hmm.npz,70,24,filter_map,4,Chopin_Op030No2,Chopin_Op030No2_Poblocka-1999_pid9093-19__Chopin_Op030No2_Sofronitsky-1960_pid5667291-15
hmm_train70,Chopin_Op030No2_Poblocka-1999_pid9093-19,Chopin_Op030No2_Uninsky-1959_pid9061-19,193,-0.0943046239704858,0.13629311468283298,0.05428571428571516,0.21472880581292492,0.7846257097505713,0.5065762167800443,0.11398963730569948,0.23316062176165803,0.48186528497409326,0.6113989637305699,0.7409326424870466,0.9430051813471503,artifacts/train70_models/Chopin_Op030No2_reference24_train70_hmm.npz,70,24,filter_map,4,Chopin_Op030No2,Chopin_Op030No2_Poblocka-1999_pid9093-19__Chopin_Op030No2_Uninsky-1959_pid9061-19
hmm_train70,Chopin_Op030No2_Poblocka-1999_pid9093-19,Chopin_Op030No2_Yaroshinskiy-2005_pid9081-10,193,-1.688860764043096,4.535025763937357,2.676100190476184,6.242736734046245,14.72052154195012,13.768975397732424,0.010362694300518135,0.031088082901554404,0.05699481865284974,0.07253886010362694,0.09844559585492228,0.16062176165803108,artifacts/train70_models/Chopin_Op030No2_reference24_train70_hmm.npz,70,24,filter_map,4,Chopin_Op030No2,Chopin_Op030No2_Poblocka-1999_pid9093-19__Chopin_Op030No2_Yaroshinskiy-2005_pid9081-10
hmm_train70,Chopin_Op030No2_Rangell-2001_pid9094-19,Chopin_Op030No2_Olejniczac-1990_pid9100b-19,193,-0.208357975691141,0.227259193483958,0.14886635374149648,0.3509824095030233,1.3085941043083906,0.8984899319727864,0.06217616580310881,0.12953367875647667,0.32642487046632124,0.44041450777202074,0.5854922279792746,0.8704663212435233,artifacts/train70_models/Chopin_Op030No2_reference25_train70_hmm.npz,70,25,filter_map,4,Chopin_Op030No2,Chopin_Op030No2_Rangell-2001_pid9094-19__Chopin_Op030No2_Olejniczac-1990_pid9100b-19
hmm_train70,Chopin_Op030No2_Rangell-2001_pid9094-19,Chopin_Op030No2_Poblocka-1999_pid9093-19,193,-0.05163818514210642,0.1173656548118384,0.03848072562357885,0.21808665395550883,1.0332884648526033,0.506671827664372,0.12435233160621761,0.29015544041450775,0.5647668393782384,0.689119170984456,0.8290155440414507,0.9481865284974094,artifacts/train70_models/Chopin_Op030No2_reference25_train70_hmm.npz,70,25,filter_map,4,Chopin_Op030No2,Chopin_Op030No2_Rangell-2001_pid9094-19__Chopin_Op030No2_Poblocka-1999_pid9093-19
hmm_train70,Chopin_Op030No2_Rangell-2001_pid9094-19,Chopin_Op030No2_Rubinstein-1939_pid9049-19,193,-0.11741657377838899,0.1300625831776577,0.04544189569160473,0.23490295798025873,1.520907512471652,0.4736871310657572,0.12435233160621761,0.22797927461139897,0.533678756476684,0.6424870466321243,0.8031088082901554,0.9585492227979274,artifacts/train70_models/Chopin_Op030No2_reference25_train70_hmm.npz,70,25,filter_map,4,Chopin_Op030No2,Chopin_Op030No2_Rangell-2001_pid9094-19__Chopin_Op030No2_Rubinstein-1939_pid9049-19
hmm_train70,Chopin_Op030No2_Rangell-2001_pid9094-19,Chopin_Op030No2_Rubinstein-1952_pid9075-19,193,-0.04055488085251349,0.11253931498125974,0.032765596371788774,0.20457280555951862,1.0361908639455777,0.5023990308389988,0.18652849740932642,0.35233160621761656,0.6269430051813472,0.7098445595854922,0.7927461139896373,0.9481865284974094,artifacts/train70_models/Chopin_Op030No2_reference25_train70_hmm.npz,70,25,filter_map,4,Chopin_Op030No2,Chopin_Op030No2_Rangell-2001_pid9094-19__Chopin_Op030No2_Rubinstein-1952_pid9075-19
hmm_train70,Chopin_Op030No2_Rangell-2001_pid9094-19,Chopin_Op030No2_Rubinstein-1966_pid9059-19,193,-0.12137559471526067,0.21473721185952843,0.05968253968254089,0.4498304232232538,3.003635950112958,0.9187255392290228,0.07253886010362694,0.22279792746113988,0.47668393782383417,0.5803108808290155,0.7357512953367875,0.8756476683937824,artifacts/train70_models/Chopin_Op030No2_reference25_train70_hmm.npz,70,25,filter_map,4,Chopin_Op030No2,Chopin_Op030No2_Rangell-2001_pid9094-19__Chopin_Op030No2_Rubinstein-1966_pid9059-19
hmm_train70,Chopin_Op030No2_Rangell-2001_pid9094-19,Chopin_Op030No2_Shebanova-2002_pid9072-19,193,-0.15141353678051492,0.19374410837357436,0.06374165306122492,0.33954691170501866,1.3924270068027056,0.7767073469387751,0.10880829015544041,0.20725388601036268,0.44041450777202074,0.5647668393782384,0.689119170984456,0.9015544041450777,artifacts/train70_models/Chopin_Op030No2_reference25_train70_hmm.npz,70,25,filter_map,4,Chopin_Op030No2,Chopin_Op030No2_Rangell-2001_pid9094-19__Chopin_Op030No2_Shebanova-2002_pid9072-19
hmm_train70,Chopin_Op030No2_Rangell-2001_pid9094-19,Chopin_Op030No2_Smith-1975_pid9054-19,193,-0.14700098397424632,0.2039408574835804,0.07412529705213444,0.35931094026942506,1.6428119342403562,0.8996370476190474,0.15025906735751296,0.2538860103626943,0.46632124352331605,0.5440414507772021,0.7098445595854922,0.8963730569948186,artifacts/train70_models/Chopin_Op030No2_reference25_train70_hmm.npz,70,25,filter_map,4,Chopin_Op030No2,Chopin_Op030No2_Rangell-2001_pid9094-19__Chopin_Op030No2_Smith-1975_pid9054-19
hmm_train70,Chopin_Op030No2_Rangell-2001_pid9094-19,Chopin_Op030No2_Sofronitsky-1960_pid5667291-15,193,-0.17898080837239858,0.19146829214103553,0.0833343922902472,0.3426081533647699,2.1491384625850287,0.7347536362811723,0.12953367875647667,0.22797927461139897,0.44041450777202074,0.5129533678756477,0.689119170984456,0.9067357512953368,artifacts/train70_models/Chopin_Op030No2_reference25_train70_hmm.npz,70,25,filter_map,4,Chopin_Op030No2,Chopin_Op030No2_Rangell-2001_pid9094-19__Chopin_Op030No2_Sofronitsky-1960_pid5667291-15
hmm_train70,Chopin_Op030No2_Rangell-2001_pid9094-19,Chopin_Op030No2_Uninsky-1959_pid9061-19,193,-0.13741793915147932,0.16201095744480762,0.04331065759636488,0.3366260602747792,2.1491384625850287,0.7473425442176879,0.13989637305699482,0.24870466321243523,0.533678756476684,0.6683937823834197,0.7772020725388601,0.927461139896373,artifacts/train70_models/Chopin_Op030No2_reference25_train70_hmm.npz,70,25,filter_map,4,Chopin_Op030No2,Chopin_Op030No2_Rangell-2001_pid9094-19__Chopin_Op030No2_Uninsky-1959_pid9061-19
hmm_train70,Chopin_Op030No2_Rangell-2001_pid9094-19,Chopin_Op030No2_Yaroshinskiy-2005_pid9081-10,193,-14.064002255530884,14.091044650911146,10.85401374603174,16.91990821629342,32.983946061224486,31.653156603174605,0.015544041450777202,0.02072538860103627,0.02072538860103627,0.02072538860103627,0.02072538860103627,0.06735751295336788,artifacts/train70_models/Chopin_Op030No2_reference25_train70_hmm.npz,70,25,filter_map,4,Chopin_Op030No2,Chopin_Op030No2_Rangell-2001_pid9094-19__Chopin_Op030No2_Yaroshinskiy-2005_pid9081-10
hmm_train70,Chopin_Op030No2_Rubinstein-1939_pid9049-19,Chopin_Op030No2_Olejniczac-1990_pid9100b-19,193,-0.1254435793357075,0.17622171640055123,0.07238325850342164,0.28473706666123105,1.6552603492063582,0.6009974802721066,0.08808290155440414,0.19689119170984457,0.42487046632124353,0.5699481865284974,0.6528497409326425,0.917098445595855,artifacts/train70_models/Chopin_Op030No2_reference26_train70_hmm.npz,70,26,filter_map,4,Chopin_Op030No2,Chopin_Op030No2_Rubinstein-1939_pid9049-19__Chopin_Op030No2_Olejniczac-1990_pid9100b-19
hmm_train70,Chopin_Op030No2_Rubinstein-1939_pid9049-19,Chopin_Op030No2_Poblocka-1999_pid9093-19,193,-0.03512508869385336,0.08828553417221649,0.033718820861677656,0.1647204550782642,0.9359639841269853,0.4311656253968257,0.13989637305699482,0.3005181347150259,0.6217616580310881,0.7512953367875648,0.8756476683937824,0.9740932642487047,artifacts/train70_models/Chopin_Op030No2_reference26_train70_hmm.npz,70,26,filter_map,4,Chopin_Op030No2,Chopin_Op030No2_Rubinstein-1939_pid9049-19__Chopin_Op030No2_Poblocka-1999_pid9093-19
hmm_train70,Chopin_Op030No2_Rubinstein-1939_pid9049-19,Chopin_Op030No2_Rangell-2001_pid9094-19,193,-0.030545137746290228,0.08828934192191666,0.032585174603177336,0.17633522040891342,1.4556913446711945,0.330018554195014,0.17098445595854922,0.3316062176165803,0.6528497409326425,0.7616580310880829,0.844559585492228,0.9792746113989638,artifacts/train70_models/Chopin_Op030No2_reference26_train70_hmm.npz,70,26,filter_map,4,Chopin_Op030No2,Chopin_Op030No2_Rubinstein-1939_pid9049-19__Chopin_Op030No2_Rangell-2001_pid9094-19
hmm_train70,Chopin_Op030No2_Rubinstein-1939_pid9049-19,Chopin_Op030No2_Rubinstein-1952_pid9075-19,193,-0.016551825244087093,0.0816302561535841,0.025034580498854098,0.19071782413652097,1.8272106190476194,0.3240044879818547,0.19689119170984457,0.35233160621761656,0.694300518134715,0.7979274611398963,0.8963730569948186,0.9792746113989638,artifacts/train70_models/Chopin_Op030No2_reference26_train70_hmm.npz,70,26,filter_map,4,Chopin_Op030No2,Chopin_Op030No2_Rubinstein-1939_pid9049-19__Chopin_Op030No2_Rubinstein-1952_pid9075-19
hmm_train70,Chopin_Op030No2_Rubinstein-1939_pid9049-19,Chopin_Op030No2_Rubinstein-1966_pid9059-19,193,-0.10916222768554915,0.17936279554239667,0.06498866213151899,0.3176328234760171,1.5394332471655332,0.700943232199546,0.10880829015544041,0.18134715025906736,0.41450777202072536,0.6113989637305699,0.7202072538860104,0.8963730569948186,artifacts/train70_models/Chopin_Op030No2_reference26_train70_hmm.npz,70,26,filter_map,4,Chopin_Op030No2,Chopin_Op030No2_Rubinstein-1939_pid9049-19__Chopin_Op030No2_Rubinstein-1966_pid9059-19
hmm_train70,Chopin_Op030No2_Rubinstein-1939_pid9049-19,Chopin_Op030No2_Shebanova-2002_pid9072-19,193,-0.095378200439417,0.15641100421792226,0.0469160997732434,0.2724006215326488,1.535782453514739,0.5281905324263038,0.17616580310880828,0.27979274611398963,0.5077720207253886,0.5906735751295337,0.7046632124352331,0.9326424870466321,artifacts/train70_models/Chopin_Op030No2_reference26_train70_hmm.npz,70,26,filter_map,4,Chopin_Op030No2,Chopin_Op030No2_Rubinstein-1939_pid9049-19__Chopin_Op030No2_Shebanova-2002_pid9072-19
hmm_train70,Chopin_Op030No2_Rubinstein-1939_pid9049-19,Chopin_Op030No2_Smith-1975_pid9054-19,193,-0.13824750022910817,0.18428502535452873,0.06768707482993364,0.3438968553881195,1.8151700680272143,0.6942132925170057,0.11398963730569948,0.20725388601036268,0.41968911917098445,0.5854922279792746,0.7150259067357513,0.9119170984455959,artifacts/train70_models/Chopin_Op030No2_reference26_train70_hmm.npz,70,26,filter_map,4,Chopin_Op030No2,Chopin_Op030No2_Rubinstein-1939_pid9049-19__Chopin_Op030No2_Smith-1975_pid9054-19
hmm_train70,Chopin_Op030No2_Rubinstein-1939_pid9049-19,Chopin_Op030No2_Sofronitsky-1960_pid5667291-15,193,-0.09612064020772366,0.16582724563815196,0.07346887981859496,0.2716520065835025,1.4435148798185935,0.5317960594104316,0.08290155440414508,0.23834196891191708,0.43523316062176165,0.538860103626943,0.694300518134715,0.9326424870466321,artifacts/train70_models/Chopin_Op030No2_reference26_train70_hmm.npz,70,26,filter_map,4,Chopin_Op030No2,Chopin_Op030No2_Rubinstein-1939_pid9049-19__Chopin_Op030No2_Sofronitsky-1960_pid5667291-15
hmm_train70,Chopin_Op030No2_Rubinstein-1939_pid9049-19,Chopin_Op030No2_Uninsky-1959_pid9061-19,193,-0.02487000787188831,0.16233888985231368,0.07671243990928645,0.2749927624652375,1.4473242630385492,0.6072153977324414,0.10362694300518134,0.22279792746113988,0.43005181347150256,0.5699481865284974,0.7202072538860104,0.927461139896373,artifacts/train70_models/Chopin_Op030No2_reference26_train70_hmm.npz,70,26,filter_map,4,Chopin_Op030No2,Chopin_Op030No2_Rubinstein-1939_pid9049-19__Chopin_Op030No2_Uninsky-1959_pid9061-19
hmm_train70,Chopin_Op030No2_Rubinstein-1939_pid9049-19,Chopin_Op030No2_Yaroshinskiy-2005_pid9081-10,193,-0.384824216970379,3.478171842761976,2.7102266167800444,4.586874855738709,11.201360544217692,9.46534707936508,0.02072538860103627,0.031088082901554404,0.05181347150259067,0.07253886010362694,0.09844559585492228,0.21761658031088082,artifacts/train70_models/Chopin_Op030No2_reference26_train70_hmm.npz,70,26,filter_map,4,Chopin_Op030No2,Chopin_Op030No2_Rubinstein-1939_pid9049-19__Chopin_Op030No2_Yaroshinskiy-2005_pid9081-10
hmm_train70,Chopin_Op030No2_Rubinstein-1952_pid9075-19,Chopin_Op030No2_Olejniczac-1990_pid9100b-19,193,-0.21764970523891916,0.23269274162583972,0.1036943174603806,0.41186623206742007,2.9504057732426077,0.7631679147392151,0.08808290155440414,0.22279792746113988,0.37305699481865284,0.46632124352331605,0.5958549222797928,0.8911917098445595,artifacts/train70_models/Chopin_Op030No2_reference27_train70_hmm.npz,70,27,filter_map,4,Chopin_Op030No2,Chopin_Op030No2_Rubinstein-1952_pid9075-19__Chopin_Op030No2_Olejniczac-1990_pid9100b-19
hmm_train70,Chopin_Op030No2_Rubinstein-1952_pid9075-19,Chopin_Op030No2_Poblocka-1999_pid9093-19,193,-0.1129753702724601,0.13362889885211388,0.03575963718820763,0.24730977571482954,1.2097280317460246,0.6137143555555544,0.18652849740932642,0.34196891191709844,0.5906735751295337,0.6735751295336787,0.7772020725388601,0.9326424870466321,artifacts/train70_models/Chopin_Op030No2_reference27_train70_hmm.npz,70,27,filter_map,4,Chopin_Op030No2,Chopin_Op030No2_Rubinstein-1952_pid9075-19__Chopin_Op030No2_Poblocka-1999_pid9093-19
hmm_train70,Chopin_Op030No2_Rubinstein-1952_pid9075-19,Chopin_Op030No2_Rangell-2001_pid9094-19,193,-0.12148198779269972,0.1452527675560739,0.03421768707483075,0.27987399652320455,1.431654941043078,0.6714535990929674,0.16580310880829016,0.32642487046632124,0.5958549222797928,0.6735751295336787,0.7668393782383419,0.9067357512953368,artifacts/train70_models/Chopin_Op030No2_reference27_train70_hmm.npz,70,27,filter_map,4,Chopin_Op030No2,Chopin_Op030No2_Rubinstein-1952_pid9075-19__Chopin_Op030No2_Rangell-2001_pid9094-19
hmm_train70,Chopin_Op030No2_Rubinstein-1952_pid9075-19,Chopin_Op030No2_Rubinstein-1939_pid9049-19,193,-0.11527524481571604,0.12364214155299508,0.04176744217689077,0.21551317208247123,1.1614515850340155,0.5397597777777713,0.11398963730569948,0.29015544041450775,0.538860103626943,0.6424870466321243,0.8238341968911918,0.9430051813471503,artifacts/train70_models/Chopin_Op030No2_reference27_train70_hmm.npz,70,27,filter_map,4,Chopin_Op030No2,Chopin_Op030No2_Rubinstein-1952_pid9075-19__Chopin_Op030No2_Rubinstein-1939_pid9049-19
hmm_train70,Chopin_Op030No2_Rubinstein-1952_pid9075-19,Chopin_Op030No2_Rubinstein-1966_pid9059-19,193,-0.12368216495717506,0.1786497870830554,0.07183642857142658,0.31667586001638953,1.7853062630385494,0.6141961560090338,0.14507772020725387,0.2694300518134715,0.46632124352331605,0.5595854922279793,0.7098445595854922,0.9222797927461139,artifacts/train70_models/Chopin_Op030No2_reference27_train70_hmm.npz,70,27,filter_map,4,Chopin_Op030No2,Chopin_Op030No2_Rubinstein-1952_pid9075-19__Chopin_Op030No2_Rubinstein-1966_pid9059-19
hmm_train70,Chopin_Op030No2_Rubinstein-1952_pid9075-19,Chopin_Op030No2_Shebanova-2002_pid9072-19,193,-0.17368198060225934,0.1951146453420764,0.038321854875285055,0.398565034437427,3.369886761904766,0.7408438752834432,0.10880829015544041,0.30569948186528495,0.5492227979274611,0.6321243523316062,0.6787564766839378,0.8911917098445595,artifacts/train70_models/Chopin_Op030No2_reference27_train70_hmm.npz,70,27,filter_map,4,Chopin_Op030No2,Chopin_Op030No2_Rubinstein-1952_pid9075-19__Chopin_Op030No2_Shebanova-2002_pid9072-19
hmm_train70,Chopin_Op030No2_Rubinstein-1952_pid9075-19,Chopin_Op030No2_Smith-1975_pid9054-19,193,-0.21366307278559202,0.22787266408186907,0.07614512471654677,0.4117532881946539,2.46546499319728,0.7700501455782272,0.15025906735751296,0.2694300518134715,0.44559585492227977,0.5129533678756477,0.6321243523316062,0.8601036269430051,artifacts/train70_models/Chopin_Op030No2_reference27_train70_hmm.npz,70,27,filter_map,4,Chopin_Op030No2,Chopin_Op030No2_Rubinstein-1952_pid9075-19__Chopin_Op030No2_Smith-1975_pid9054-19
hmm_train70,Chopin_Op030No2_Rubinstein-1952_pid9075-19,Chopin_Op030No2_Sofronitsky-1960_pid5667291-15,193,-0.20333400625051307,0.21731053289156635,0.09993273696147753,0.38898657024572125,2.9698867619047604,0.7253198684807262,0.13471502590673576,0.21761658031088082,0.40414507772020725,0.5025906735751295,0.6269430051813472,0.8963730569948186,artifacts/train70_models/Chopin_Op030No2_reference27_train70_hmm.npz,70,27,filter_map,4,Chopin_Op030No2,Chopin_Op030No2_Rubinstein-1952_pid9075-19__Chopin_Op030No2_Sofronitsky-1960_pid5667291-15
hmm_train70,Chopin_Op030No2_Rubinstein-1952_pid9075-19,Chopin_Op030No2_Uninsky-1959_pid9061-19,193,-0.14244350122777993,0.2286906050544581,0.10802741496598856,0.3500717910825794,1.4807709750566858,0.7754058113378718,0.05181347150259067,0.15544041450777202,0.37305699481865284,0.47668393782383417,0.616580310880829,0.8497409326424871,artifacts/train70_models/Chopin_Op030No2_reference27_train70_hmm.npz,70,27,filter_map,4,Chopin_Op030No2,Chopin_Op030No2_Rubinstein-1952_pid9075-19__Chopin_Op030No2_Uninsky-1959_pid9061-19
hmm_train70,Chopin_Op030No2_Rubinstein-1952_pid9075-19,Chopin_Op030No2_Yaroshinskiy-2005_pid9081-10,193,-8.267349835324799,8.464936461386623,3.3164173741496583,12.460776296009982,27.86985887301538,24.575073817687077,0.015544041450777202,0.046632124352331605,0.08290155440414508,0.10362694300518134,0.13989637305699482,0.24352331606217617,artifacts/train70_models/Chopin_Op030No2_reference27_train70_hmm.npz,70,27,filter_map,4,Chopin_Op030No2,Chopin_Op030No2_Rubinstein-1952_pid9075-19__Chopin_Op030No2_Yaroshinskiy-2005_pid9081-10
hmm_train70,Chopin_Op030No2_Rubinstein-1966_pid9059-19,Chopin_Op030No2_Olejniczac-1990_pid9100b-19,193,-0.21613281269606316,0.2313713630232756,0.15374149659864145,0.350832295096575,1.486394698412699,0.7208117632653055,0.09326424870466321,0.21761658031088082,0.33678756476683935,0.41450777202072536,0.5595854922279793,0.8808290155440415,artifacts/train70_models/Chopin_Op030No2_reference28_train70_hmm.npz,70,28,filter_map,4,Chopin_Op030No2,Chopin_Op030No2_Rubinstein-1966_pid9059-19__Chopin_Op030No2_Olejniczac-1990_pid9100b-19
hmm_train70,Chopin_Op030No2_Rubinstein-1966_pid9059-19,Chopin_Op030No2_Poblocka-1999_pid9093-19,193,0.0047684280662182495,0.2698785164193483,0.062199687074826926,0.6010115533391683,2.666485120181406,0.9986484244897976,0.13471502590673576,0.2694300518134715,0.46632124352331605,0.5751295336787565,0.6632124352331606,0.9067357512953368,artifacts/train70_models/Chopin_Op030No2_reference28_train70_hmm.npz,70,28,filter_map,4,Chopin_Op030No2,Chopin_Op030No2_Rubinstein-1966_pid9059-19__Chopin_Op030No2_Poblocka-1999_pid9093-19
hmm_train70,Chopin_Op030No2_Rubinstein-1966_pid9059-19,Chopin_Op030No2_Rangell-2001_pid9094-19,193,-0.0981649484567565,0.1252974416599127,0.040362952380949224,0.22037539823489405,1.1511792789115631,0.4441678848072583,0.11917098445595854,0.3005181347150259,0.5803108808290155,0.689119170984456,0.7512953367875648,0.9689119170984456,artifacts/train70_models/Chopin_Op030No2_reference28_train70_hmm.npz,70,28,filter_map,4,Chopin_Op030No2,Chopin_Op030No2_Rubinstein-1966_pid9059-19__Chopin_Op030No2_Rangell-2001_pid9094-19
hmm_train70,Chopin_Op030No2_Rubinstein-1966_pid9059-19,Chopin_Op030No2_Rubinstein-1939_pid9049-19,193,-0.21926707947082333,0.2360647944614803,0.1408390022675743,0.3750144417963769,1.5983219954648575,0.8399321133786817,0.08290155440414508,0.17616580310880828,0.33678756476683935,0.43523316062176165,0.5751295336787565,0.9015544041450777,artifacts/train70_models/Chopin_Op030No2_reference28_train70_hmm.npz,70,28,filter_map,4,Chopin_Op030No2,Chopin_Op030No2_Rubinstein-1966_pid9059-19__Chopin_Op030No2_Rubinstein-1939_pid9049-19
hmm_train70,Chopin_Op030No2_Rubinstein-1966_pid9059-19,Chopin_Op030No2_Rubinstein-1952_pid9075-19,193,-0.12759197309459447,0.1626492014615889,0.055576544217682766,0.2582521997775699,0.9909978730158713,0.5925942448979604,0.14507772020725387,0.2694300518134715,0.47668393782383417,0.5854922279792746,0.6528497409326425,0.9378238341968912,artifacts/train70_models/Chopin_Op030No2_reference28_train70_hmm.npz,70,28,filter_map,4,Chopin_Op030No2,Chopin_Op030No2_Rubinstein-1966_pid9059-19__Chopin_Op030No2_Rubinstein-1952_pid9075-19
hmm_train70,Chopin_Op030No2_Rubinstein-1966_pid9059-19,Chopin_Op030No2_Shebanova-2002_pid9072-19,193,-0.17026738319645757,0.20676686527322602,0.05514727437641653,0.3373550590749138,1.578956768707485,0.7289252544217686,0.12435233160621761,0.24870466321243523,0.45595854922279794,0.5595854922279793,0.6113989637305699,0.8808290155440415,artifacts/train70_models/Chopin_Op030No2_reference28_train70_hmm.npz,70,28,filter_map,4,Chopin_Op030No2,Chopin_Op030No2_Rubinstein-1966_pid9059-19__Chopin_Op030No2_Shebanova-2002_pid9072-19
hmm_train70,Chopin_Op030No2_Rubinstein-1966_pid9059-19,Chopin_Op030No2_Smith-1975_pid9054-19,193,-0.2282127177164492,0.25357226629304747,0.1077552426303825,0.4588846337292656,2.9059638594104307,0.9311203219954668,0.11398963730569948,0.19689119170984457,0.41968911917098445,0.48704663212435234,0.6062176165803109,0.8704663212435233,artifacts/train70_models/Chopin_Op030No2_reference28_train70_hmm.npz,70,28,filter_map,4,Chopin_Op030No2,Chopin_Op030No2_Rubinstein-1966_pid9059-19__Chopin_Op030No2_Smith-1975_pid9054-19
hmm_train70,Chopin_Op030No2_Rubinstein-1966_pid9059-19,Chopin_Op030No2_Sofronitsky-1960_pid5667291-15,193,-0.14946596671483714,0.18184627975749787,0.09392257823129313,0.2739171666486599,0.884195151927436,0.5679593242630371,0.12435233160621761,0.22279792746113988,0.39896373056994816,0.5233160621761658,0.6476683937823834,0.917098445595855,artifacts/train70_models/Chopin_Op030No2_reference28_train70_hmm.npz,70,28,filter_map,4,Chopin_Op030No2,Chopin_Op030No2_Rubinstein-1966_pid9059-19__Chopin_Op030No2_Sofronitsky-1960_pid5667291-15
hmm_train70,Chopin_Op030No2_Rubinstein-1966_pid9059-19,Chopin_Op030No2_Uninsky-1959_pid9061-19,193,-0.12136946837733233,0.17348705473899512,0.07598541043082463,0.27387766352573184,1.1643537414965976,0.5680722185941046,0.14507772020725387,0.25906735751295334,0.44041450777202074,0.5492227979274611,0.6528497409326425,0.927461139896373,artifacts/train70_models/Chopin_Op030No2_reference28_train70_hmm.npz,70,28,filter_map,4,Chopin_Op030No2,Chopin_Op030No2_Rubinstein-1966_pid9059-19__Chopin_Op030No2_Uninsky-1959_pid9061-19
hmm_train70,Chopin_Op030No2_Rubinstein-1966_pid9059-19,Chopin_Op030No2_Yaroshinskiy-2005_pid9081-10,193,-2.1975404113355155,4.843892102052563,3.9989094557822114,6.0664337975040565,14.612267573696144,12.444898099773237,0.010362694300518135,0.015544041450777202,0.025906735751295335,0.025906735751295335,0.025906735751295335,0.09844559585492228,artifacts/train70_models/Chopin_Op030No2_reference28_train70_hmm.npz,70,28,filter_map,4,Chopin_Op030No2,Chopin_Op030No2_Rubinstein-1966_pid9059-19__Chopin_Op030No2_Yaroshinskiy-2005_pid9081-10
hmm_train70,Chopin_Op030No2_Shebanova-2002_pid9072-19,Chopin_Op030No2_Olejniczac-1990_pid9100b-19,193,-0.1561784206877917,0.1737828396132204,0.06904677551022331,0.31699744036765126,2.0139230430838992,0.5665715691609957,0.15025906735751296,0.26424870466321243,0.44041450777202074,0.5647668393782384,0.6994818652849741,0.9222797927461139,artifacts/train70_models/Chopin_Op030No2_reference29_train70_hmm.npz,70,29,filter_map,4,Chopin_Op030No2,Chopin_Op030No2_Shebanova-2002_pid9072-19__Chopin_Op030No2_Olejniczac-1990_pid9100b-19
hmm_train70,Chopin_Op030No2_Shebanova-2002_pid9072-19,Chopin_Op030No2_Poblocka-1999_pid9093-19,193,-0.07630489361202142,0.14132890211836005,0.04405912471654716,0.25446439427873335,1.2799998979591862,0.6043267378684816,0.13989637305699482,0.2538860103626943,0.5233160621761658,0.6735751295336787,0.7616580310880829,0.927461139896373,artifacts/train70_models/Chopin_Op030No2_reference29_train70_hmm.npz,70,29,filter_map,4,Chopin_Op030No2,Chopin_Op030No2_Shebanova-2002_pid9072-19__Chopin_Op030No2_Poblocka-1999_pid9093-19
hmm_train70,Chopin_Op030No2_Shebanova-2002_pid9072-19,Chopin_Op030No2_Rangell-2001_pid9094-19,193,-0.07824420177881376,0.12523170827018312,0.044988662131515866,0.24346888040987957,1.6747391269841287,0.47484789569160896,0.09326424870466321,0.24352331606217617,0.538860103626943,0.7150259067357513,0.8134715025906736,0.9481865284974094,artifacts/train70_models/Chopin_Op030No2_reference29_train70_hmm.npz,70,29,filter_map,4,Chopin_Op030No2,Chopin_Op030No2_Shebanova-2002_pid9072-19__Chopin_Op030No2_Rangell-2001_pid9094-19
hmm_train70,Chopin_Op030No2_Shebanova-2002_pid9072-19,Chopin_Op030No2_Rubinstein-1939_pid9049-19,193,-0.14470788734975726,0.16346602551901424,0.05943310657596612,0.32376068662964763,2.9286166780045377,0.5814603346938748,0.12435233160621761,0.2538860103626943,0.43523316062176165,0.5699481865284974,0.7461139896373057,0.9378238341968912,artifacts/train70_models/Chopin_Op030No2_reference29_train70_hmm.npz,70,29,filter_map,4,Chopin_Op030No2,Chopin_Op030No2_Shebanova-2002_pid9072-19__Chopin_Op030No2_Rubinstein-1939_pid9049-19
hmm_train70,Chopin_Op030No2_Shebanova-2002_pid9072-19,Chopin_Op030No2_Rubinstein-1952_pid9075-19,193,-0.25806348479080915,0.3045021668957752,0.040158870748300046,0.9031886682805653,4.943424176870742,1.7804990068027102,0.13989637305699482,0.31088082901554404,0.5699481865284974,0.689119170984456,0.772020725388601,0.8963730569948186,artifacts/train70_models/Chopin_Op030No2_reference29_train70_hmm.npz,70,29,filter_map,4,Chopin_Op030No2,Chopin_Op030No2_Shebanova-2002_pid9072-19__Chopin_Op030No2_Rubinstein-1952_pid9075-19
hmm_train70,Chopin_Op030No2_Shebanova-2002_pid9072-19,Chopin_Op030No2_Rubinstein-1966_pid9059-19,193,-0.09482641869044761,0.15494529489032277,0.0348293628117915,0.31831881022633746,1.7502268979591804,0.6924038340136018,0.18134715025906736,0.35233160621761656,0.5699481865284974,0.6683937823834197,0.7668393782383419,0.9326424870466321,artifacts/train70_models/Chopin_Op030No2_reference29_train70_hmm.npz,70,29,filter_map,4,Chopin_Op030No2,Chopin_Op030No2_Shebanova-2002_pid9072-19__Chopin_Op030No2_Rubinstein-1966_pid9059-19
hmm_train70,Chopin_Op030No2_Shebanova-2002_pid9072-19,Chopin_Op030No2_Smith-1975_pid9054-19,193,-0.2553162231504,0.2797002823657962,0.05657582312925413,0.6598388247412814,4.341043224489802,1.1557912993197288,0.10880829015544041,0.23316062176165803,0.47150259067357514,0.5803108808290155,0.6994818652849741,0.8497409326424871,artifacts/train70_models/Chopin_Op030No2_reference29_train70_hmm.npz,70,29,filter_map,4,Chopin_Op030No2,Chopin_Op030No2_Shebanova-2002_pid9072-19__Chopin_Op030No2_Smith-1975_pid9054-19
hmm_train70,Chopin_Op030No2_Shebanova-2002_pid9072-19,Chopin_Op030No2_Sofronitsky-1960_pid5667291-15,193,-0.12768456540129072,0.14843996617438007,0.07047626757370296,0.23771073931481007,0.8276869591836729,0.5670256349206316,0.13471502590673576,0.23834196891191708,0.43523316062176165,0.5595854922279793,0.7512953367875648,0.9430051813471503,artifacts/train70_models/Chopin_Op030No2_reference29_train70_hmm.npz,70,29,filter_map,4,Chopin_Op030No2,Chopin_Op030No2_Shebanova-2002_pid9072-19__Chopin_Op030No2_Sofronitsky-1960_pid5667291-15
hmm_train70,Chopin_Op030No2_Shebanova-2002_pid9072-19,Chopin_Op030No2_Uninsky-1959_pid9061-19,193,-0.05219338431262026,0.1922281531023473,0.04743764172335618,0.3528239386372568,1.5146937369614477,0.8880589850340074,0.12953367875647667,0.2694300518134715,0.5077720207253886,0.6113989637305699,0.7150259067357513,0.8911917098445595,artifacts/train70_models/Chopin_Op030No2_reference29_train70_hmm.npz,70,29,filter_map,4,Chopin_Op030No2,Chopin_Op030No2_Shebanova-2002_pid9072-19__Chopin_Op030No2_Uninsky-1959_pid9061-19
hmm_train70,Chopin_Op030No2_Shebanova-2002_pid9072-19,Chopin_Op030No2_Yaroshinskiy-2005_pid9081-10,193,-2.0161153398305807,2.3869559602058468,1.9398864807256224,3.2343595274876322,8.897256235827662,7.012435514739229,0.010362694300518135,0.015544041450777202,0.046632124352331605,0.06217616580310881,0.14507772020725387,0.2849740932642487,artifacts/train70_models/Chopin_Op030No2_reference29_train70_hmm.npz,70,29,filter_map,4,Chopin_Op030No2,Chopin_Op030No2_Shebanova-2002_pid9072-19__Chopin_Op030No2_Yaroshinskiy-2005_pid9081-10
hmm_train70,Chopin_Op030No2_Smith-1975_pid9054-19,Chopin_Op030No2_Olejniczac-1990_pid9100b-19,193,-0.25154911188655255,0.31810158163852903,0.09868492970521459,0.6039714390529438,3.2998867619047623,1.4835829070294775,0.07253886010362694,0.16580310880829016,0.3626943005181347,0.5129533678756477,0.6528497409326425,0.7979274611398963,artifacts/train70_models/Chopin_Op030No2_reference30_train70_hmm.npz,70,30,filter_map,4,Chopin_Op030No2,Chopin_Op030No2_Smith-1975_pid9054-19__Chopin_Op030No2_Olejniczac-1990_pid9100b-19
hmm_train70,Chopin_Op030No2_Smith-1975_pid9054-19,Chopin_Op030No2_Poblocka-1999_pid9093-19,193,-0.02494246388918176,0.1735534044740523,0.04353777097504974,0.38444034913566577,2.185578517006803,0.6559500825396799,0.16062176165803108,0.27461139896373055,0.538860103626943,0.6528497409326425,0.7512953367875648,0.927461139896373,artifacts/train70_models/Chopin_Op030No2_reference30_train70_hmm.npz,70,30,filter_map,4,Chopin_Op030No2,Chopin_Op030No2_Smith-1975_pid9054-19__Chopin_Op030No2_Poblocka-1999_pid9093-19
hmm_train70,Chopin_Op030No2_Smith-1975_pid9054-19,Chopin_Op030No2_Rangell-2001_pid9094-19,193,-0.013447384911823063,0.11693104007613227,0.04267615873016162,0.2233660743394317,1.6488213265306086,0.4176246539682394,0.15544041450777202,0.27979274611398963,0.5595854922279793,0.7202072538860104,0.7772020725388601,0.9585492227979274,artifacts/train70_models/Chopin_Op030No2_reference30_train70_hmm.npz,70,30,filter_map,4,Chopin_Op030No2,Chopin_Op030No2_Smith-1975_pid9054-19__Chopin_Op030No2_Rangell-2001_pid9094-19
hmm_train70,Chopin_Op030No2_Smith-1975_pid9054-19,Chopin_Op030No2_Rubinstein-1939_pid9049-19,193,-0.11303554453490956,0.13918011697390364,0.06494317006802763,0.2362176520029287,1.2572563764172315,0.5656235564625844,0.07253886010362694,0.20207253886010362,0.44559585492227977,0.616580310880829,0.7564766839378239,0.9378238341968912,artifacts/train70_models/Chopin_Op030No2_reference30_train70_hmm.npz,70,30,filter_map,4,Chopin_Op030No2,Chopin_Op030No2_Smith-1975_pid9054-19__Chopin_Op030No2_Rubinstein-1939_pid9049-19
hmm_train70,Chopin_Op030No2_Smith-1975_pid9054-19,Chopin_Op030No2_Rubinstein-1952_pid9075-19,193,-0.07296867698236525,0.10833739334766783,0.03426317913832477,0.1893520560888732,1.170113603174599,0.38499316916099874,0.19170984455958548,0.29533678756476683,0.5906735751295337,0.6735751295336787,0.7772020725388601,0.9740932642487047,artifacts/train70_models/Chopin_Op030No2_reference30_train70_hmm.npz,70,30,filter_map,4,Chopin_Op030No2,Chopin_Op030No2_Smith-1975_pid9054-19__Chopin_Op030No2_Rubinstein-1952_pid9075-19
hmm_train70,Chopin_Op030No2_Smith-1975_pid9054-19,Chopin_Op030No2_Rubinstein-1966_pid9059-19,193,-0.08165510087765619,0.1430051738394833,0.043265446712017486,0.24576359742698325,1.1599752154194327,0.5089435546485243,0.10880829015544041,0.26424870466321243,0.533678756476684,0.6373056994818653,0.7461139896373057,0.9481865284974094,artifacts/train70_models/Chopin_Op030No2_reference30_train70_hmm.npz,70,30,filter_map,4,Chopin_Op030No2,Chopin_Op030No2_Smith-1975_pid9054-19__Chopin_Op030No2_Rubinstein-1966_pid9059-19
hmm_train70,Chopin_Op030No2_Smith-1975_pid9054-19,Chopin_Op030No2_Shebanova-2002_pid9072-19,193,-0.03784879691703135,0.2463845207195203,0.06911620861678536,0.6120911577357262,4.17306108390023,0.7129570566893441,0.13989637305699482,0.23834196891191708,0.47668393782383417,0.538860103626943,0.6476683937823834,0.9015544041450777,artifacts/train70_models/Chopin_Op030No2_reference30_train70_hmm.npz,70,30,filter_map,4,Chopin_Op030No2,Chopin_Op030No2_Smith-1975_pid9054-19__Chopin_Op030No2_Shebanova-2002_pid9072-19
hmm_train70,Chopin_Op030No2_Smith-1975_pid9054-19,Chopin_Op030No2_Sofronitsky-1960_pid5667291-15,193,-0.18544850976936608,0.24280529799208214,0.14732752607710253,0.39256191276698643,1.7480273514739224,0.7809661269841264,0.09326424870466321,0.13989637305699482,0.3316062176165803,0.45077720207253885,0.5958549222797928,0.8497409326424871,artifacts/train70_models/Chopin_Op030No2_reference30_train70_hmm.npz,70,30,filter_map,4,Chopin_Op030No2,Chopin_Op030No2_Smith-1975_pid9054-19__Chopin_Op030No2_Sofronitsky-1960_pid5667291-15
hmm_train70,Chopin_Op030No2_Smith-1975_pid9054-19,Chopin_Op030No2_Uninsky-1959_pid9061-19,193,-0.0825825098751068,0.15450595658712535,0.06299235374149958,0.2438617254663102,0.8484580498866237,0.5882541088435338,0.09844559585492228,0.18134715025906736,0.41968911917098445,0.6010362694300518,0.7046632124352331,0.9326424870466321,artifacts/train70_models/Chopin_Op030No2_reference30_train70_hmm.npz,70,30,filter_map,4,Chopin_Op030No2,Chopin_Op030No2_Smith-1975_pid9054-19__Chopin_Op030No2_Uninsky-1959_pid9061-19
hmm_train70,Chopin_Op030No2_Smith-1975_pid9054-19,Chopin_Op030No2_Yaroshinskiy-2005_pid9081-10,193,-0.48522422503025237,2.7951555372387342,2.2146713424036264,3.7736246408500675,9.732108702947848,8.579940986848067,0.025906735751295335,0.05181347150259067,0.06735751295336788,0.07772020725388601,0.10880829015544041,0.19689119170984457,artifacts/train70_models/Chopin_Op030No2_reference30_train70_hmm.npz,70,30,filter_map,4,Chopin_Op030No2,Chopin_Op030No2_Smith-1975_pid9054-19__Chopin_Op030No2_Yaroshinskiy-2005_pid9081-10
hmm_train70,Chopin_Op030No2_Sofronitsky-1960_pid5667291-15,Chopin_Op030No2_Olejniczac-1990_pid9100b-19,193,-0.07886720665468411,0.12426511902999644,0.04634775736962382,0.22284674654995576,1.303219770975062,0.4800930299320056,0.14507772020725387,0.2849740932642487,0.5129533678756477,0.6580310880829016,0.7927461139896373,0.9533678756476683,artifacts/train70_models/Chopin_Op030No2_reference31_train70_hmm.npz,70,31,filter_map,4,Chopin_Op030No2,Chopin_Op030No2_Sofronitsky-1960_pid5667291-15__Chopin_Op030No2_Olejniczac-1990_pid9100b-19
hmm_train70,Chopin_Op030No2_Sofronitsky-1960_pid5667291-15,Chopin_Op030No2_Poblocka-1999_pid9093-19,193,-0.027887356831505953,0.11406718797363528,0.03573621541949379,0.20409790517485923,0.8333108412698422,0.4845490253968294,0.21243523316062177,0.3626943005181347,0.5958549222797928,0.7046632124352331,0.7823834196891192,0.9481865284974094,artifacts/train70_models/Chopin_Op030No2_reference31_train70_hmm.npz,70,31,filter_map,4,Chopin_Op030No2,Chopin_Op030No2_Sofronitsky-1960_pid5667291-15__Chopin_Op030No2_Poblocka-1999_pid9093-19
hmm_train70,Chopin_Op030No2_Sofronitsky-1960_pid5667291-15,Chopin_Op030No2_Rangell-2001_pid9094-19,193,-0.03441676246871835,0.07787922195199311,0.025716015873030074,0.1542133722025897,0.7400683514739228,0.41835809297052273,0.16580310880829016,0.37823834196891193,0.7202072538860104,0.844559585492228,0.8652849740932642,0.9792746113989638,artifacts/train70_models/Chopin_Op030No2_reference31_train70_hmm.npz,70,31,filter_map,4,Chopin_Op030No2,Chopin_Op030No2_Sofronitsky-1960_pid5667291-15__Chopin_Op030No2_Rangell-2001_pid9094-19
hmm_train70,Chopin_Op030No2_Sofronitsky-1960_pid5667291-15,Chopin_Op030No2_Rubinstein-1939_pid9049-19,193,-0.09403588225065473,0.13563661421874398,0.04061256916099687,0.2355011143086249,1.19675769614512,0.5155507523809517,0.12435233160621761,0.27461139896373055,0.5544041450777202,0.6735751295336787,0.7305699481865285,0.927461139896373,artifacts/train70_models/Chopin_Op030No2_reference31_train70_hmm.npz,70,31,filter_map,4,Chopin_Op030No2,Chopin_Op030No2_Sofronitsky-1960_pid5667291-15__Chopin_Op030No2_Rubinstein-1939_pid9049-19
hmm_train70,Chopin_Op030No2_Sofronitsky-1960_pid5667291-15,Chopin_Op030No2_Rubinstein-1952_pid9075-19,193,-0.0513538882661862,0.09786511928847395,0.027415208616787368,0.17760898420391544,0.8648297482993215,0.4080365523809559,0.22279792746113988,0.39896373056994816,0.6424870466321243,0.7305699481865285,0.8031088082901554,0.9740932642487047,artifacts/train70_models/Chopin_Op030No2_reference31_train70_hmm.npz,70,31,filter_map,4,Chopin_Op030No2,Chopin_Op030No2_Sofronitsky-1960_pid5667291-15__Chopin_Op030No2_Rubinstein-1952_pid9075-19
hmm_train70,Chopin_Op030No2_Sofronitsky-1960_pid5667291-15,Chopin_Op030No2_Rubinstein-1966_pid9059-19,193,-0.11146192044693623,0.15894133724577986,0.04737007936507931,0.2994183013164218,1.5963493696145115,0.6630337560090716,0.16062176165803108,0.29015544041450775,0.5077720207253886,0.6632124352331606,0.7564766839378239,0.917098445595855,artifacts/train70_models/Chopin_Op030No2_reference31_train70_hmm.npz,70,31,filter_map,4,Chopin_Op030No2,Chopin_Op030No2_Sofronitsky-1960_pid5667291-15__Chopin_Op030No2_Rubinstein-1966_pid9059-19
hmm_train70,Chopin_Op030No2_Sofronitsky-1960_pid5667291-15,Chopin_Op030No2_Shebanova-2002_pid9072-19,193,-0.08809605359933316,0.1350879002502564,0.050566709750565764,0.21559475537429743,0.893968058956915,0.4389520566893429,0.15544041450777202,0.24352331606217617,0.49740932642487046,0.6113989637305699,0.7253886010362695,0.9689119170984456,artifacts/train70_models/Chopin_Op030No2_reference31_train70_hmm.npz,70,31,filter_map,4,Chopin_Op030No2,Chopin_Op030No2_Sofronitsky-1960_pid5667291-15__Chopin_Op030No2_Shebanova-2002_pid9072-19
hmm_train70,Chopin_Op030No2_Sofronitsky-1960_pid5667291-15,Chopin_Op030No2_Smith-1975_pid9054-19,193,-0.10187861688578782,0.18918159720606836,0.05070262358276523,0.3632934698868402,1.9968939183673484,0.8082806018140519,0.12435233160621761,0.25906735751295334,0.49222797927461137,0.6010362694300518,0.7253886010362695,0.8911917098445595,artifacts/train70_models/Chopin_Op030No2_reference31_train70_hmm.npz,70,31,filter_map,4,Chopin_Op030No2,Chopin_Op030No2_Sofronitsky-1960_pid5667291-15__Chopin_Op030No2_Smith-1975_pid9054-19
hmm_train70,Chopin_Op030No2_Sofronitsky-1960_pid5667291-15,Chopin_Op030No2_Uninsky-1959_pid9061-19,193,-0.055843472524758894,0.11955860680506959,0.04419482766440552,0.20770704830027742,0.8760771201814066,0.4427664766439927,0.11917098445595854,0.24352331606217617,0.5129533678756477,0.689119170984456,0.8186528497409327,0.9533678756476683,artifacts/train70_models/Chopin_Op030No2_reference31_train70_hmm.npz,70,31,filter_map,4,Chopin_Op030No2,Chopin_Op030No2_Sofronitsky-1960_pid5667291-15__Chopin_Op030No2_Uninsky-1959_pid9061-19
hmm_train70,Chopin_Op030No2_Sofronitsky-1960_pid5667291-15,Chopin_Op030No2_Yaroshinskiy-2005_pid9081-10,193,-1.1659373686040828,3.508703823740196,3.5059865782312922,4.2337189279766045,10.222358092970524,7.366050070294783,0.010362694300518135,0.02072538860103627,0.031088082901554404,0.046632124352331605,0.06217616580310881,0.12435233160621761,artifacts/train70_models/Chopin_Op030No2_reference31_train70_hmm.npz,70,31,filter_map,4,Chopin_Op030No2,Chopin_Op030No2_Sofronitsky-1960_pid5667291-15__Chopin_Op030No2_Yaroshinskiy-2005_pid9081-10
hmm_train70,Chopin_Op030No2_Uninsky-1959_pid9061-19,Chopin_Op030No2_Olejniczac-1990_pid9100b-19,193,-0.19500557771433372,0.23158814122402133,0.1668935646258518,0.34050264859332424,1.3678459455782312,0.7373242929705242,0.10880829015544041,0.16062176165803108,0.3160621761658031,0.40932642487046633,0.5803108808290155,0.8860103626943006,artifacts/train70_models/Chopin_Op030No2_reference32_train70_hmm.npz,70,32,filter_map,4,Chopin_Op030No2,Chopin_Op030No2_Uninsky-1959_pid9061-19__Chopin_Op030No2_Olejniczac-1990_pid9100b-19
hmm_train70,Chopin_Op030No2_Uninsky-1959_pid9061-19,Chopin_Op030No2_Poblocka-1999_pid9093-19,193,-0.11279551202519032,0.14652479286360529,0.04063473922902361,0.2577403878386147,1.506032031746031,0.5436645396825351,0.13989637305699482,0.26424870466321243,0.538860103626943,0.6321243523316062,0.7253886010362695,0.9378238341968912,artifacts/train70_models/Chopin_Op030No2_reference32_train70_hmm.npz,70,32,filter_map,4,Chopin_Op030No2,Chopin_Op030No2_Uninsky-1959_pid9061-19__Chopin_Op030No2_Poblocka-1999_pid9093-19
hmm_train70,Chopin_Op030No2_Uninsky-1959_pid9061-19,Chopin_Op030No2_Rangell-2001_pid9094-19,193,-0.11632616085674365,0.1402759731063414,0.041904659863945426,0.23101671460577636,0.9997280317460309,0.5499228743764291,0.16062176165803108,0.26424870466321243,0.533678756476684,0.6062176165803109,0.7512953367875648,0.9326424870466321,artifacts/train70_models/Chopin_Op030No2_reference32_train70_hmm.npz,70,32,filter_map,4,Chopin_Op030No2,Chopin_Op030No2_Uninsky-1959_pid9061-19__Chopin_Op030No2_Rangell-2001_pid9094-19
hmm_train70,Chopin_Op030No2_Uninsky-1959_pid9061-19,Chopin_Op030No2_Rubinstein-1939_pid9049-19,193,-0.27790467344588676,0.29934250625638664,0.15995480952381058,0.5021615312995974,2.6494785986394547,1.0670297061224459,0.046632124352331605,0.11398963730569948,0.2694300518134715,0.38341968911917096,0.5492227979274611,0.844559585492228,artifacts/train70_models/Chopin_Op030No2_reference32_train70_hmm.npz,70,32,filter_map,4,Chopin_Op030No2,Chopin_Op030No2_Uninsky-1959_pid9061-19__Chopin_Op030No2_Rubinstein-1939_pid9049-19
hmm_train70,Chopin_Op030No2_Uninsky-1959_pid9061-19,Chopin_Op030No2_Rubinstein-1952_pid9075-19,193,-0.14731857442458787,0.20903200527533825,0.09063478004535597,0.3391730436513054,1.6850568299319697,0.6947076235827654,0.11917098445595854,0.21761658031088082,0.42487046632124353,0.5181347150259067,0.6373056994818653,0.8911917098445595,artifacts/train70_models/Chopin_Op030No2_reference32_train70_hmm.npz,70,32,filter_map,4,Chopin_Op030No2,Chopin_Op030No2_Uninsky-1959_pid9061-19__Chopin_Op030No2_Rubinstein-1952_pid9075-19
hmm_train70,Chopin_Op030No2_Uninsky-1959_pid9061-19,Chopin_Op030No2_Rubinstein-1966_pid9059-19,193,-0.12566469049381343,0.235219345575881,0.08362807709750797,0.412365974214528,1.8468706077097536,0.7831381260770922,0.12435233160621761,0.24352331606217617,0.41968911917098445,0.533678756476684,0.6476683937823834,0.8601036269430051,artifacts/train70_models/Chopin_Op030No2_reference32_train70_hmm.npz,70,32,filter_map,4,Chopin_Op030No2,Chopin_Op030No2_Uninsky-1959_pid9061-19__Chopin_Op030No2_Rubinstein-1966_pid9059-19
hmm_train70,Chopin_Op030No2_Uninsky-1959_pid9061-19,Chopin_Op030No2_Shebanova-2002_pid9072-19,193,-0.2574192290719383,0.3057608536886221,0.17678018594104827,0.47608690536350173,1.9799550362811686,1.1054649931972789,0.11398963730569948,0.23834196891191708,0.35233160621761656,0.43005181347150256,0.5181347150259067,0.7823834196891192,artifacts/train70_models/Chopin_Op030No2_reference32_train70_hmm.npz,70,32,filter_map,4,Chopin_Op030No2,Chopin_Op030No2_Uninsky-1959_pid9061-19__Chopin_Op030No2_Shebanova-2002_pid9072-19
hmm_train70,Chopin_Op030No2_Uninsky-1959_pid9061-19,Chopin_Op030No2_Smith-1975_pid9054-19,193,-0.3342355215302019,0.37749824581438873,0.10253968253968249,0.7428671060223099,4.591020265306128,1.4995193587301572,0.11398963730569948,0.19170984455958548,0.40932642487046633,0.49740932642487046,0.5854922279792746,0.7772020725388601,artifacts/train70_models/Chopin_Op030No2_reference32_train70_hmm.npz,70,32,filter_map,4,Chopin_Op030No2,Chopin_Op030No2_Uninsky-1959_pid9061-19__Chopin_Op030No2_Smith-1975_pid9054-19
hmm_train70,Chopin_Op030No2_Uninsky-1959_pid9061-19,Chopin_Op030No2_Sofronitsky-1960_pid5667291-15,193,-0.17876389491616948,0.21089930005991972,0.1337198798185959,0.315745423264394,1.3910659002267574,0.6532051673469332,0.11398963730569948,0.20725388601036268,0.39378238341968913,0.45077720207253885,0.5906735751295337,0.8808290155440415,artifacts/train70_models/Chopin_Op030No2_reference32_train70_hmm.npz,70,32,filter_map,4,Chopin_Op030No2,Chopin_Op030No2_Uninsky-1959_pid9061-19__Chopin_Op030No2_Sofronitsky-1960_pid5667291-15
hmm_train70,Chopin_Op030No2_Uninsky-1959_pid9061-19,Chopin_Op030No2_Yaroshinskiy-2005_pid9081-10,193,-9.969835562922237,10.143842427490515,8.864013746031745,13.3057772089398,28.382131659863937,24.160172549206315,0.015544041450777202,0.04145077720207254,0.04145077720207254,0.05181347150259067,0.06735751295336788,0.15025906735751296,artifacts/train70_models/Chopin_Op030No2_reference32_train70_hmm.npz,70,32,filter_map,4,Chopin_Op030No2,Chopin_Op030No2_Uninsky-1959_pid9061-19__Chopin_Op030No2_Yaroshinskiy-2005_pid9081-10
hmm_train70,Chopin_Op030No2_Yaroshinskiy-2005_pid9081-10,Chopin_Op030No2_Olejniczac-1990_pid9100b-19,193,-22.1505855601142,22.153246495764453,19.570861818594107,28.65343680067607,55.98063432879819,51.564081773242634,0.0,0.0,0.0051813471502590676,0.015544041450777202,0.025906735751295335,0.11917098445595854,artifacts/train70_models/Chopin_Op030No2_reference33_train70_hmm.npz,70,33,filter_map,4,Chopin_Op030No2,Chopin_Op030No2_Yaroshinskiy-2005_pid9081-10__Chopin_Op030No2_Olejniczac-1990_pid9100b-19
hmm_train70,Chopin_Op030No2_Yaroshinskiy-2005_pid9081-10,Chopin_Op030No2_Poblocka-1999_pid9093-19,193,-21.43724598037903,21.501717407258585,19.756621455782316,28.31221326581005,55.99455745578232,51.74984141043084,0.0051813471502590676,0.0051813471502590676,0.031088082901554404,0.046632124352331605,0.05699481865284974,0.17098445595854922,artifacts/train70_models/Chopin_Op030No2_reference33_train70_hmm.npz,70,33,filter_map,4,Chopin_Op030No2,Chopin_Op030No2_Yaroshinskiy-2005_pid9081-10__Chopin_Op030No2_Poblocka-1999_pid9093-19
hmm_train70,Chopin_Op030No2_Yaroshinskiy-2005_pid9081-10,Chopin_Op030No2_Rangell-2001_pid9094-19,193,-18.296751483474907,18.302246515021206,14.29142832653061,24.596312604882662,48.0533329659864,42.43246265124718,0.010362694300518135,0.010362694300518135,0.05181347150259067,0.06735751295336788,0.08290155440414508,0.18134715025906736,artifacts/train70_models/Chopin_Op030No2_reference33_train70_hmm.npz,70,33,filter_map,4,Chopin_Op030No2,Chopin_Op030No2_Yaroshinskiy-2005_pid9081-10__Chopin_Op030No2_Rangell-2001_pid9094-19
hmm_train70,Chopin_Op030No2_Yaroshinskiy-2005_pid9081-10,Chopin_Op030No2_Rubinstein-1939_pid9049-19,193,-19.821257663459164,19.821379855462737,21.149818734693877,24.991676707940503,41.52859424489795,40.241278995918364,0.0051813471502590676,0.010362694300518135,0.015544041450777202,0.025906735751295335,0.046632124352331605,0.11917098445595854,artifacts/train70_models/Chopin_Op030No2_reference33_train70_hmm.npz,70,33,filter_map,4,Chopin_Op030No2,Chopin_Op030No2_Yaroshinskiy-2005_pid9081-10__Chopin_Op030No2_Rubinstein-1939_pid9049-19
hmm_train70,Chopin_Op030No2_Yaroshinskiy-2005_pid9081-10,Chopin_Op030No2_Rubinstein-1952_pid9075-19,193,-12.40965384085862,12.426421679261685,16.546621455782315,15.116301216910824,26.155737102040817,22.569306178684798,0.0051813471502590676,0.010362694300518135,0.03626943005181347,0.05699481865284974,0.08808290155440414,0.17616580310880828,artifacts/train70_models/Chopin_Op030No2_reference33_train70_hmm.npz,70,33,filter_map,4,Chopin_Op030No2,Chopin_Op030No2_Yaroshinskiy-2005_pid9081-10__Chopin_Op030No2_Rubinstein-1952_pid9075-19
hmm_train70,Chopin_Op030No2_Yaroshinskiy-2005_pid9081-10,Chopin_Op030No2_Rubinstein-1966_pid9059-19,193,-16.511665970110347,16.5118212915771,19.617301727891157,20.398680377355124,37.68517020861679,32.8081588707483,0.010362694300518135,0.015544041450777202,0.03626943005181347,0.046632124352331605,0.07253886010362694,0.17098445595854922,artifacts/train70_models/Chopin_Op030No2_reference33_train70_hmm.npz,70,33,filter_map,4,Chopin_Op030No2,Chopin_Op030No2_Yaroshinskiy-2005_pid9081-10__Chopin_Op030No2_Rubinstein-1966_pid9059-19
hmm_train70,Chopin_Op030No2_Yaroshinskiy-2005_pid9081-10,Chopin_Op030No2_Shebanova-2002_pid9072-19,193,-21.072277220248374,21.07260336962626,19.72179175736962,27.467253699185594,55.83201777324264,46.08824957369614,0.0051813471502590676,0.0051813471502590676,0.010362694300518135,0.02072538860103627,0.04145077720207254,0.11398963730569948,artifacts/train70_models/Chopin_Op030No2_reference33_train70_hmm.npz,70,33,filter_map,4,Chopin_Op030No2,Chopin_Op030No2_Yaroshinskiy-2005_pid9081-10__Chopin_Op030No2_Shebanova-2002_pid9072-19
hmm_train70,Chopin_Op030No2_Yaroshinskiy-2005_pid9081-10,Chopin_Op030No2_Smith-1975_pid9054-19,193,-18.41621427079295,18.41621427079295,12.4423357414966,24.55469948325666,41.82238109297053,40.97955555555556,0.0,0.0,0.0,0.0,0.02072538860103627,0.12435233160621761,artifacts/train70_models/Chopin_Op030No2_reference33_train70_hmm.npz,70,33,filter_map,4,Chopin_Op030No2,Chopin_Op030No2_Yaroshinskiy-2005_pid9081-10__Chopin_Op030No2_Smith-1975_pid9054-19
hmm_train70,Chopin_Op030No2_Yaroshinskiy-2005_pid9081-10,Chopin_Op030No2_Sofronitsky-1960_pid5667291-15,193,-24.45656446260853,24.45656446260853,22.035260911564627,29.24541439191724,55.95682524263039,51.74055342857143,0.0,0.0,0.0,0.0,0.0051813471502590676,0.046632124352331605,artifacts/train70_models/Chopin_Op030No2_reference33_train70_hmm.npz,70,33,filter_map,4,Chopin_Op030No2,Chopin_Op030No2_Yaroshinskiy-2005_pid9081-10__Chopin_Op030No2_Sofronitsky-1960_pid5667291-15
hmm_train70,Chopin_Op030No2_Yaroshinskiy-2005_pid9081-10,Chopin_Op030No2_Uninsky-1959_pid9061-19,193,-21.816654562640256,22.2489760231457,24.322448734693875,28.526026345302665,55.991292435374156,51.763773383219956,0.015544041450777202,0.02072538860103627,0.025906735751295335,0.04145077720207254,0.05699481865284974,0.11398963730569948,artifacts/train70_models/Chopin_Op030No2_reference33_train70_hmm.npz,70,33,filter_map,4,Chopin_Op030No2,Chopin_Op030No2_Yaroshinskiy-2005_pid9081-10__Chopin_Op030No2_Uninsky-1959_pid9061-19
