method_name,reference_id,query_id,num_beats_used,mean_error_s,mean_abs_error_s,median_abs_error_s,rmse_s,max_abs_error_s,p95_abs_error_s,within_10ms,within_20ms,within_50ms,within_100ms,within_200ms,within_500ms,distance_metric,step_pattern,local_cost_shape,total_cost,normalized_cost,piece,pair_id
offline_dtw,Chopin_Op030No2_Ashkenazy-1981_pid9058-19,Chopin_Op030No2_Olejniczac-1990_pid9100b-19,193,-0.007449451858118413,0.05355452631207923,0.030498795918369126,0.08021735191556337,0.37074842857143153,0.1724486757369674,0.18652849740932642,0.35233160621761656,0.6269430051813472,0.8497409326424871,0.9689119170984456,1.0,cosine,"{'transitions': ((1, 1), (1, 2), (2, 1)), 'weights': (2.0, 3.0, 3.0)}","(2990, 3235)",935.4126608807474,0.42192722637832536,Chopin_Op030No2,Chopin_Op030No2_Ashkenazy-1981_pid9058-19__Chopin_Op030No2_Olejniczac-1990_pid9100b-19
offline_dtw,Chopin_Op030No2_Ashkenazy-1981_pid9058-19,Chopin_Op030No2_Poblocka-1999_pid9093-19,193,0.02523183098351653,0.06210900378908055,0.031666736961454944,0.12056546481322832,0.828390022675741,0.24077095011338037,0.17616580310880828,0.33678756476683935,0.6683937823834197,0.8549222797927462,0.9378238341968912,0.9844559585492227,cosine,"{'transitions': ((1, 1), (1, 2), (2, 1)), 'weights': (2.0, 3.0, 3.0)}","(2990, 3732)",1022.6410228293353,0.4246848101450728,Chopin_Op030No2,Chopin_Op030No2_Ashkenazy-1981_pid9058-19__Chopin_Op030No2_Poblocka-1999_pid9093-19
offline_dtw,Chopin_Op030No2_Ashkenazy-1981_pid9058-19,Chopin_Op030No2_Rangell-2001_pid9094-19,193,0.019227773407117683,0.056474045081244637,0.027811861678003424,0.13047220900021575,1.335147558956912,0.16538995238095128,0.19170984455958548,0.35233160621761656,0.7098445595854922,0.8911917098445595,0.9585492227979274,0.9896373056994818,cosine,"{'transitions': ((1, 1), (1, 2), (2, 1)), 'weights': (2.0, 3.0, 3.0)}","(2990, 3908)",1159.045611854588,0.47697350282081813,Chopin_Op030No2,Chopin_Op030No2_Ashkenazy-1981_pid9058-19__Chopin_Op030No2_Rangell-2001_pid9094-19
offline_dtw,Chopin_Op030No2_Ashkenazy-1981_pid9058-19,Chopin_Op030No2_Rubinstein-1939_pid9049-19,193,0.0024737711454184768,0.0509597967819246,0.025816396825398158,0.09865140330314866,0.6388436780045268,0.15389791700680278,0.20207253886010362,0.35751295336787564,0.7409326424870466,0.9067357512953368,0.9585492227979274,0.9896373056994818,cosine,"{'transitions': ((1, 1), (1, 2), (2, 1)), 'weights': (2.0, 3.0, 3.0)}","(2990, 3516)",1092.3584489279401,0.4720650168227917,Chopin_Op030No2,Chopin_Op030No2_Ashkenazy-1981_pid9058-19__Chopin_Op030No2_Rubinstein-1939_pid9049-19
offline_dtw,Chopin_Op030No2_Ashkenazy-1981_pid9058-19,Chopin_Op030No2_Rubinstein-1952_pid9075-19,193,0.040380089733648296,0.059564243940408025,0.025374188208616033,0.17515217635889363,1.7017693083900127,0.15287080453514537,0.22279792746113988,0.42487046632124353,0.7512953367875648,0.8963730569948186,0.9637305699481865,0.9792746113989638,cosine,"{'transitions': ((1, 1), (1, 2), (2, 1)), 'weights': (2.0, 3.0, 3.0)}","(2990, 3748)",1044.6115943345746,0.4365280377495088,Chopin_Op030No2,Chopin_Op030No2_Ashkenazy-1981_pid9058-19__Chopin_Op030No2_Rubinstein-1952_pid9075-19
offline_dtw,Chopin_Op030No2_Ashkenazy-1981_pid9058-19,Chopin_Op030No2_Rubinstein-1966_pid9059-19,193,0.011888223385382063,0.042659370671930756,0.026960639455785085,0.07324119505853456,0.6095238344671401,0.11528331111110907,0.18652849740932642,0.35233160621761656,0.7668393782383419,0.9222797927461139,0.9792746113989638,0.9948186528497409,cosine,"{'transitions': ((1, 1), (1, 2), (2, 1)), 'weights': (2.0, 3.0, 3.0)}","(2990, 4007)",1139.5052185410038,0.46227392232900766,Chopin_Op030No2,Chopin_Op030No2_Ashkenazy-1981_pid9058-19__Chopin_Op030No2_Rubinstein-1966_pid9059-19
offline_dtw,Chopin_Op030No2_Ashkenazy-1981_pid9058-19,Chopin_Op030No2_Shebanova-2002_pid9072-19,193,0.01658142129874423,0.038173559902717744,0.025555555555555998,0.05605537183870596,0.2352152789115607,0.11630154512471688,0.21243523316062177,0.39378238341968913,0.7512953367875648,0.9067357512953368,0.9844559585492227,1.0,cosine,"{'transitions': ((1, 1), (1, 2), (2, 1)), 'weights': (2.0, 3.0, 3.0)}","(2990, 3361)",795.3531992641208,0.3492987260711993,Chopin_Op030No2,Chopin_Op030No2_Ashkenazy-1981_pid9058-19__Chopin_Op030No2_Shebanova-2002_pid9072-19
offline_dtw,Chopin_Op030No2_Ashkenazy-1981_pid9058-19,Chopin_Op030No2_Smith-1975_pid9054-19,193,0.02306935668464288,0.06047798889123869,0.0417005396825445,0.08868282739106947,0.4321995464852648,0.17045797959183623,0.08290155440414508,0.22279792746113988,0.5906735751295337,0.8341968911917098,0.9689119170984456,1.0,cosine,"{'transitions': ((1, 1), (1, 2), (2, 1)), 'weights': (2.0, 3.0, 3.0)}","(2990, 3004)",1184.689368300005,0.5554099241912822,Chopin_Op030No2,Chopin_Op030No2_Ashkenazy-1981_pid9058-19__Chopin_Op030No2_Smith-1975_pid9054-19
offline_dtw,Chopin_Op030No2_Ashkenazy-1981_pid9058-19,Chopin_Op030No2_Sofronitsky-1960_pid5667291-15,193,0.02270561009481529,0.05313606563039704,0.030408395691608803,0.08555774742398671,0.4976643514739223,0.18931281065759742,0.21243523316062177,0.34196891191709844,0.7150259067357513,0.8186528497409327,0.9533678756476683,1.0,cosine,"{'transitions': ((1, 1), (1, 2), (2, 1)), 'weights': (2.0, 3.0, 3.0)}","(2990, 2931)",689.4550366496999,0.3249081228320923,Chopin_Op030No2,Chopin_Op030No2_Ashkenazy-1981_pid9058-19__Chopin_Op030No2_Sofronitsky-1960_pid5667291-15
offline_dtw,Chopin_Op030No2_Ashkenazy-1981_pid9058-19,Chopin_Op030No2_Uninsky-1959_pid9061-19,193,0.011666378978534547,0.053033710490759535,0.02993190249432942,0.11147256194204971,1.229932469387748,0.1569069047619025,0.19689119170984457,0.36787564766839376,0.694300518134715,0.8601036269430051,0.9792746113989638,0.9948186528497409,cosine,"{'transitions': ((1, 1), (1, 2), (2, 1)), 'weights': (2.0, 3.0, 3.0)}","(2990, 3878)",1157.3189133201968,0.48101367968420483,Chopin_Op030No2,Chopin_Op030No2_Ashkenazy-1981_pid9058-19__Chopin_Op030No2_Uninsky-1959_pid9061-19
offline_dtw,Chopin_Op030No2_Ashkenazy-1981_pid9058-19,Chopin_Op030No2_Yaroshinskiy-2005_pid9081-10,193,1.9353244185847054,2.175194121027341,0.5829480317460334,3.3952355374135257,7.603922832199537,6.899791472562352,0.010362694300518135,0.031088082901554404,0.07253886010362694,0.11917098445595854,0.23316062176165803,0.47150259067357514,cosine,"{'transitions': ((1, 1), (1, 2), (2, 1)), 'weights': (2.0, 3.0, 3.0)}","(2990, 3381)",3245.606772684508,1.4705966346554182,Chopin_Op030No2,Chopin_Op030No2_Ashkenazy-1981_pid9058-19__Chopin_Op030No2_Yaroshinskiy-2005_pid9081-10
offline_dtw,Chopin_Op030No2_Ashkenazy-1982_pid50848-03,Chopin_Op030No2_Olejniczac-1990_pid9100b-19,193,-0.006363485025789639,0.05507921870924565,0.033106575963728346,0.08408840765401436,0.44100900000000004,0.1787572290249513,0.15025906735751296,0.33678756476683935,0.6424870466321243,0.8341968911917098,0.9689119170984456,1.0,cosine,"{'transitions': ((1, 1), (1, 2), (2, 1)), 'weights': (2.0, 3.0, 3.0)}","(2990, 3235)",945.8462030386637,0.42682590389831393,Chopin_Op030No2,Chopin_Op030No2_Ashkenazy-1982_pid50848-03__Chopin_Op030No2_Olejniczac-1990_pid9100b-19
offline_dtw,Chopin_Op030No2_Ashkenazy-1982_pid50848-03,Chopin_Op030No2_Poblocka-1999_pid9093-19,193,0.025814705186047376,0.06294884376652214,0.03079379138322036,0.12174987103552996,0.8222902494331095,0.25207480498865803,0.19170984455958548,0.34196891191709844,0.6787564766839378,0.8549222797927462,0.9430051813471503,0.9844559585492227,cosine,"{'transitions': ((1, 1), (1, 2), (2, 1)), 'weights': (2.0, 3.0, 3.0)}","(2990, 3732)",1036.5406854826344,0.4306359308195407,Chopin_Op030No2,Chopin_Op030No2_Ashkenazy-1982_pid50848-03__Chopin_Op030No2_Poblocka-1999_pid9093-19
offline_dtw,Chopin_Op030No2_Ashkenazy-1982_pid50848-03,Chopin_Op030No2_Rangell-2001_pid9094-19,193,0.024422634051202506,0.06136261094074977,0.028367346938772187,0.14062529419501757,1.3467577857142814,0.23500899999999966,0.18134715025906736,0.37305699481865284,0.6994818652849741,0.8808290155440415,0.9326424870466321,0.9844559585492227,cosine,"{'transitions': ((1, 1), (1, 2), (2, 1)), 'weights': (2.0, 3.0, 3.0)}","(2990, 3908)",1216.9224753396581,0.5001736437894198,Chopin_Op030No2,Chopin_Op030No2_Ashkenazy-1982_pid50848-03__Chopin_Op030No2_Rangell-2001_pid9094-19
offline_dtw,Chopin_Op030No2_Ashkenazy-1982_pid50848-03,Chopin_Op030No2_Rubinstein-1939_pid9049-19,193,0.005507741843196659,0.05391422310927768,0.02645131746031737,0.10784014559340065,0.7360089999999999,0.18376414421768456,0.19170984455958548,0.40932642487046633,0.7409326424870466,0.8808290155440415,0.9481865284974094,0.9896373056994818,cosine,"{'transitions': ((1, 1), (1, 2), (2, 1)), 'weights': (2.0, 3.0, 3.0)}","(2990, 3516)",1140.117550610383,0.4924913825530812,Chopin_Op030No2,Chopin_Op030No2_Ashkenazy-1982_pid50848-03__Chopin_Op030No2_Rubinstein-1939_pid9049-19
offline_dtw,Chopin_Op030No2_Ashkenazy-1982_pid50848-03,Chopin_Op030No2_Rubinstein-1952_pid9075-19,193,0.04373363572544713,0.062317535306004944,0.027324122448987964,0.18878338930154379,1.8294793083900132,0.1567661931972772,0.23316062176165803,0.39378238341968913,0.7461139896373057,0.8911917098445595,0.9637305699481865,0.9792746113989638,cosine,"{'transitions': ((1, 1), (1, 2), (2, 1)), 'weights': (2.0, 3.0, 3.0)}","(2990, 3748)",1058.5745012420323,0.44273295744125146,Chopin_Op030No2,Chopin_Op030No2_Ashkenazy-1982_pid50848-03__Chopin_Op030No2_Rubinstein-1952_pid9075-19
offline_dtw,Chopin_Op030No2_Ashkenazy-1982_pid50848-03,Chopin_Op030No2_Rubinstein-1966_pid9059-19,193,0.012098535170890504,0.04219082858082795,0.02680282539682466,0.07353943315005985,0.6211340612245024,0.1184148956916097,0.16062176165803108,0.37305699481865284,0.7823834196891192,0.9326424870466321,0.9792746113989638,0.9948186528497409,cosine,"{'transitions': ((1, 1), (1, 2), (2, 1)), 'weights': (2.0, 3.0, 3.0)}","(2990, 4007)",1139.2591552296046,0.46330181180545127,Chopin_Op030No2,Chopin_Op030No2_Ashkenazy-1982_pid50848-03__Chopin_Op030No2_Rubinstein-1966_pid9059-19
offline_dtw,Chopin_Op030No2_Ashkenazy-1982_pid50848-03,Chopin_Op030No2_Shebanova-2002_pid9072-19,193,0.01679290868609982,0.03815558690211849,0.02374156689342044,0.05674779049890234,0.22911550566893268,0.11981649206349178,0.23834196891191708,0.42487046632124353,0.7668393782383419,0.9015544041450777,0.9844559585492227,1.0,cosine,"{'transitions': ((1, 1), (1, 2), (2, 1)), 'weights': (2.0, 3.0, 3.0)}","(2990, 3361)",798.8922456235359,0.35162510810895065,Chopin_Op030No2,Chopin_Op030No2_Ashkenazy-1982_pid50848-03__Chopin_Op030No2_Shebanova-2002_pid9072-19
offline_dtw,Chopin_Op030No2_Ashkenazy-1982_pid50848-03,Chopin_Op030No2_Smith-1975_pid9054-19,193,0.02393362043988583,0.06140747008682528,0.0421996167800458,0.09015114030775638,0.40707497052154906,0.1672471795918383,0.09326424870466321,0.21243523316062177,0.6113989637305699,0.8341968911917098,0.9637305699481865,1.0,cosine,"{'transitions': ((1, 1), (1, 2), (2, 1)), 'weights': (2.0, 3.0, 3.0)}","(2990, 3004)",1200.2971807300673,0.5622000846510854,Chopin_Op030No2,Chopin_Op030No2_Ashkenazy-1982_pid50848-03__Chopin_Op030No2_Smith-1975_pid9054-19
offline_dtw,Chopin_Op030No2_Ashkenazy-1982_pid50848-03,Chopin_Op030No2_Sofronitsky-1960_pid5667291-15,193,0.02075320578525037,0.051581030465381206,0.02650816893424235,0.08549603739136785,0.49156457823129074,0.18576415215419484,0.20207253886010362,0.38341968911917096,0.7305699481865285,0.8393782383419689,0.9689119170984456,1.0,cosine,"{'transitions': ((1, 1), (1, 2), (2, 1)), 'weights': (2.0, 3.0, 3.0)}","(2990, 2931)",712.8853460801745,0.33547545697890563,Chopin_Op030No2,Chopin_Op030No2_Ashkenazy-1982_pid50848-03__Chopin_Op030No2_Sofronitsky-1960_pid5667291-15
offline_dtw,Chopin_Op030No2_Ashkenazy-1982_pid50848-03,Chopin_Op030No2_Uninsky-1959_pid9061-19,193,0.01644132654236152,0.05772616163218303,0.03306083900226753,0.11828071134916084,1.2415426961451246,0.18422219682539004,0.20207253886010362,0.34196891191709844,0.694300518134715,0.8393782383419689,0.9689119170984456,0.9948186528497409,cosine,"{'transitions': ((1, 1), (1, 2), (2, 1)), 'weights': (2.0, 3.0, 3.0)}","(2990, 3878)",1194.762115848209,0.49678258455226987,Chopin_Op030No2,Chopin_Op030No2_Ashkenazy-1982_pid50848-03__Chopin_Op030No2_Uninsky-1959_pid9061-19
offline_dtw,Chopin_Op030No2_Ashkenazy-1982_pid50848-03,Chopin_Op030No2_Yaroshinskiy-2005_pid9081-10,193,1.9368846370707182,2.176586329926099,0.5768482585034054,3.3949668358185985,7.597823058956905,6.910439998639466,0.010362694300518135,0.025906735751295335,0.06735751295336788,0.10880829015544041,0.21761658031088082,0.47668393782383417,cosine,"{'transitions': ((1, 1), (1, 2), (2, 1)), 'weights': (2.0, 3.0, 3.0)}","(2990, 3381)",3250.121981405541,1.4713091812609964,Chopin_Op030No2,Chopin_Op030No2_Ashkenazy-1982_pid50848-03__Chopin_Op030No2_Yaroshinskiy-2005_pid9081-10
offline_dtw,Chopin_Op030No2_Biret-1990_pid9062-19,Chopin_Op030No2_Olejniczac-1990_pid9100b-19,193,-0.008298586062058586,0.061112971667077985,0.03642864172335436,0.10157006051543135,0.6513378412698501,0.18785718503401372,0.16062176165803108,0.3316062176165803,0.6113989637305699,0.8341968911917098,0.9585492227979274,0.9948186528497409,cosine,"{'transitions': ((1, 1), (1, 2), (2, 1)), 'weights': (2.0, 3.0, 3.0)}","(3700, 3235)",890.5849768606948,0.3617323220392749,Chopin_Op030No2,Chopin_Op030No2_Biret-1990_pid9062-19__Chopin_Op030No2_Olejniczac-1990_pid9100b-19
offline_dtw,Chopin_Op030No2_Biret-1990_pid9062-19,Chopin_Op030No2_Poblocka-1999_pid9093-19,193,0.02142130897747754,0.0492659159822832,0.029705215419504327,0.0807185453375628,0.5430613650793639,0.1631834902494331,0.17098445595854922,0.33678756476683935,0.7046632124352331,0.9015544041450777,0.9637305699481865,0.9948186528497409,cosine,"{'transitions': ((1, 1), (1, 2), (2, 1)), 'weights': (2.0, 3.0, 3.0)}","(3700, 3732)",830.4441561406237,0.3117282868395735,Chopin_Op030No2,Chopin_Op030No2_Biret-1990_pid9062-19__Chopin_Op030No2_Poblocka-1999_pid9093-19
offline_dtw,Chopin_Op030No2_Biret-1990_pid9062-19,Chopin_Op030No2_Rangell-2001_pid9094-19,193,-0.044121105183696746,0.11683493283634727,0.04238109297054393,0.3169472074704705,2.136179208616781,0.39070315578231163,0.09844559585492228,0.21761658031088082,0.5906735751295337,0.8238341968911918,0.9015544041450777,0.9585492227979274,cosine,"{'transitions': ((1, 1), (1, 2), (2, 1)), 'weights': (2.0, 3.0, 3.0)}","(3700, 3908)",1015.8135087285225,0.3762272254550083,Chopin_Op030No2,Chopin_Op030No2_Biret-1990_pid9062-19__Chopin_Op030No2_Rangell-2001_pid9094-19
offline_dtw,Chopin_Op030No2_Biret-1990_pid9062-19,Chopin_Op030No2_Rubinstein-1939_pid9049-19,193,-0.00022855623112824703,0.05468687977747263,0.031428430839003596,0.08845180472122648,0.40381055328798254,0.21052824625850272,0.19170984455958548,0.35751295336787564,0.6528497409326425,0.8652849740932642,0.9481865284974094,1.0,cosine,"{'transitions': ((1, 1), (1, 2), (2, 1)), 'weights': (2.0, 3.0, 3.0)}","(3700, 3516)",822.4151030829257,0.3157063735443093,Chopin_Op030No2,Chopin_Op030No2_Biret-1990_pid9062-19__Chopin_Op030No2_Rubinstein-1939_pid9049-19
offline_dtw,Chopin_Op030No2_Biret-1990_pid9062-19,Chopin_Op030No2_Rubinstein-1952_pid9075-19,193,0.027891486553170478,0.054787041415530716,0.03154209070294556,0.11305945124885314,0.9580504773242637,0.18794557709750578,0.16580310880829016,0.3626943005181347,0.6994818652849741,0.9015544041450777,0.9481865284974094,0.9896373056994818,cosine,"{'transitions': ((1, 1), (1, 2), (2, 1)), 'weights': (2.0, 3.0, 3.0)}","(3700, 3748)",873.9850098990358,0.3258706226320044,Chopin_Op030No2,Chopin_Op030No2_Biret-1990_pid9062-19__Chopin_Op030No2_Rubinstein-1952_pid9075-19
offline_dtw,Chopin_Op030No2_Biret-1990_pid9062-19,Chopin_Op030No2_Rubinstein-1966_pid9059-19,193,0.021250962426421608,0.0516694574154364,0.03242630385487644,0.07325358148542259,0.3180043945578177,0.1520548390022666,0.16062176165803108,0.3160621761658031,0.6373056994818653,0.8549222797927462,0.9844559585492227,1.0,cosine,"{'transitions': ((1, 1), (1, 2), (2, 1)), 'weights': (2.0, 3.0, 3.0)}","(3700, 4007)",1170.6825145018115,0.4272563921539458,Chopin_Op030No2,Chopin_Op030No2_Biret-1990_pid9062-19__Chopin_Op030No2_Rubinstein-1966_pid9059-19
offline_dtw,Chopin_Op030No2_Biret-1990_pid9062-19,Chopin_Op030No2_Shebanova-2002_pid9072-19,193,0.015499399539435656,0.06251068566493945,0.03809537868480106,0.09091107150479796,0.35712032199546684,0.19579601678003625,0.12435233160621761,0.26424870466321243,0.6062176165803109,0.7979274611398963,0.9481865284974094,1.0,cosine,"{'transitions': ((1, 1), (1, 2), (2, 1)), 'weights': (2.0, 3.0, 3.0)}","(3700, 3361)",1030.613903900462,0.40800233725275614,Chopin_Op030No2,Chopin_Op030No2_Biret-1990_pid9062-19__Chopin_Op030No2_Shebanova-2002_pid9072-19
offline_dtw,Chopin_Op030No2_Biret-1990_pid9062-19,Chopin_Op030No2_Smith-1975_pid9054-19,193,0.01582606470221939,0.04941339538025902,0.03396850113378491,0.07509803900548147,0.42386602380952354,0.16032648027211016,0.19689119170984457,0.35233160621761656,0.6632124352331606,0.8704663212435233,0.9740932642487047,1.0,cosine,"{'transitions': ((1, 1), (1, 2), (2, 1)), 'weights': (2.0, 3.0, 3.0)}","(3700, 3004)",1020.2853579187041,0.42923237607013215,Chopin_Op030No2,Chopin_Op030No2_Biret-1990_pid9062-19__Chopin_Op030No2_Smith-1975_pid9054-19
offline_dtw,Chopin_Op030No2_Biret-1990_pid9062-19,Chopin_Op030No2_Sofronitsky-1960_pid5667291-15,193,0.0066056552994259755,0.05793205897454029,0.04176847505669201,0.08002899167524537,0.34253952154195133,0.16323838185940992,0.13471502590673576,0.23316062176165803,0.5699481865284974,0.8290155440414507,0.9844559585492227,1.0,cosine,"{'transitions': ((1, 1), (1, 2), (2, 1)), 'weights': (2.0, 3.0, 3.0)}","(3700, 2931)",865.4184730853723,0.3690483893754253,Chopin_Op030No2,Chopin_Op030No2_Biret-1990_pid9062-19__Chopin_Op030No2_Sofronitsky-1960_pid5667291-15
offline_dtw,Chopin_Op030No2_Biret-1990_pid9062-19,Chopin_Op030No2_Uninsky-1959_pid9061-19,193,0.009625722263344388,0.05614503483604186,0.030385628117926444,0.0976228095482696,0.6759190748299346,0.19766885578231266,0.16062176165803108,0.31088082901554404,0.689119170984456,0.8652849740932642,0.9481865284974094,0.9948186528497409,cosine,"{'transitions': ((1, 1), (1, 2), (2, 1)), 'weights': (2.0, 3.0, 3.0)}","(3700, 3878)",1020.8533416667423,0.3772554847253297,Chopin_Op030No2,Chopin_Op030No2_Biret-1990_pid9062-19__Chopin_Op030No2_Uninsky-1959_pid9061-19
offline_dtw,Chopin_Op030No2_Biret-1990_pid9062-19,Chopin_Op030No2_Yaroshinskiy-2005_pid9081-10,193,-1.0185162175167128,1.1618002869773123,1.003526147392293,1.4131829980396973,3.0489339931972808,2.564530595011338,0.015544041450777202,0.03626943005181347,0.046632124352331605,0.07253886010362694,0.12953367875647667,0.27979274611398963,cosine,"{'transitions': ((1, 1), (1, 2), (2, 1)), 'weights': (2.0, 3.0, 3.0)}","(3700, 3381)",3306.7654764248086,1.341487008691606,Chopin_Op030No2,Chopin_Op030No2_Biret-1990_pid9062-19__Chopin_Op030No2_Yaroshinskiy-2005_pid9081-10
offline_dtw,Chopin_Op030No2_Blet-2003_pid9103-10,Chopin_Op030No2_Olejniczac-1990_pid9100b-19,193,-0.009485850886468803,0.0652727353811993,0.040952240362813086,0.09683628664758132,0.35600849886621333,0.24105235283446785,0.16062176165803108,0.2849740932642487,0.5699481865284974,0.7979274611398963,0.9326424870466321,1.0,cosine,"{'transitions': ((1, 1), (1, 2), (2, 1)), 'weights': (2.0, 3.0, 3.0)}","(4033, 3235)",1075.7245627841096,0.4198768785261942,Chopin_Op030No2,Chopin_Op030No2_Blet-2003_pid9103-10__Chopin_Op030No2_Olejniczac-1990_pid9100b-19
offline_dtw,Chopin_Op030No2_Blet-2003_pid9103-10,Chopin_Op030No2_Poblocka-1999_pid9093-19,193,-0.005975456639996555,0.0632255394828057,0.03494338095238447,0.11825277595470922,1.090340206349211,0.20053510839002264,0.16580310880829016,0.29015544041450775,0.6321243523316062,0.8290155440414507,0.9430051813471503,0.9948186528497409,cosine,"{'transitions': ((1, 1), (1, 2), (2, 1)), 'weights': (2.0, 3.0, 3.0)}","(4033, 3732)",1214.3869653606255,0.4438548850002286,Chopin_Op030No2,Chopin_Op030No2_Blet-2003_pid9103-10__Chopin_Op030No2_Poblocka-1999_pid9093-19
offline_dtw,Chopin_Op030No2_Blet-2003_pid9103-10,Chopin_Op030No2_Rangell-2001_pid9094-19,193,0.015747701079740564,0.06030008281931052,0.03340150113378115,0.09590754881929425,0.5090930714285662,0.23182777959184475,0.16062176165803108,0.30569948186528495,0.6062176165803109,0.8497409326424871,0.927461139896373,0.9948186528497409,cosine,"{'transitions': ((1, 1), (1, 2), (2, 1)), 'weights': (2.0, 3.0, 3.0)}","(4033, 3908)",1278.825158316841,0.4554220649276499,Chopin_Op030No2,Chopin_Op030No2_Blet-2003_pid9103-10__Chopin_Op030No2_Rangell-2001_pid9094-19
offline_dtw,Chopin_Op030No2_Blet-2003_pid9103-10,Chopin_Op030No2_Rubinstein-1939_pid9049-19,193,-0.010883580651604585,0.0731216180019502,0.03965986394557852,0.13453933505722213,1.1542172970521278,0.25459869569160803,0.11917098445595854,0.30569948186528495,0.5958549222797928,0.7979274611398963,0.9067357512953368,0.9948186528497409,cosine,"{'transitions': ((1, 1), (1, 2), (2, 1)), 'weights': (2.0, 3.0, 3.0)}","(4033, 3516)",1265.3155747127623,0.4769376459527939,Chopin_Op030No2,Chopin_Op030No2_Blet-2003_pid9103-10__Chopin_Op030No2_Rubinstein-1939_pid9049-19
offline_dtw,Chopin_Op030No2_Blet-2003_pid9103-10,Chopin_Op030No2_Rubinstein-1952_pid9075-19,193,0.06102611535253054,0.11560668380858338,0.035668698412699484,0.30876177779687436,2.110499006802712,0.367337720634918,0.17616580310880828,0.3160621761658031,0.5854922279792746,0.7616580310880829,0.9067357512953368,0.9637305699481865,cosine,"{'transitions': ((1, 1), (1, 2), (2, 1)), 'weights': (2.0, 3.0, 3.0)}","(4033, 3748)",1415.4460884195823,0.5163976973438826,Chopin_Op030No2,Chopin_Op030No2_Blet-2003_pid9103-10__Chopin_Op030No2_Rubinstein-1952_pid9075-19
offline_dtw,Chopin_Op030No2_Blet-2003_pid9103-10,Chopin_Op030No2_Rubinstein-1966_pid9059-19,193,0.013178126408421562,0.07066810409690594,0.045238095238090636,0.10866333044832624,0.6052152607709758,0.22165777369614817,0.15025906735751296,0.25906735751295334,0.5595854922279793,0.7875647668393783,0.917098445595855,0.9948186528497409,cosine,"{'transitions': ((1, 1), (1, 2), (2, 1)), 'weights': (2.0, 3.0, 3.0)}","(4033, 4007)",1290.1704267378716,0.45428536152741955,Chopin_Op030No2,Chopin_Op030No2_Blet-2003_pid9103-10__Chopin_Op030No2_Rubinstein-1966_pid9059-19
offline_dtw,Chopin_Op030No2_Blet-2003_pid9103-10,Chopin_Op030No2_Shebanova-2002_pid9072-19,193,0.011554271439145319,0.07074884568749776,0.03947859863946235,0.13192094426977755,1.1395233106575944,0.2531154040816385,0.16062176165803108,0.29015544041450775,0.6062176165803109,0.8238341968911918,0.9222797927461139,0.9896373056994818,cosine,"{'transitions': ((1, 1), (1, 2), (2, 1)), 'weights': (2.0, 3.0, 3.0)}","(4033, 3361)",1025.1039777890996,0.39141045352772036,Chopin_Op030No2,Chopin_Op030No2_Blet-2003_pid9103-10__Chopin_Op030No2_Shebanova-2002_pid9072-19
offline_dtw,Chopin_Op030No2_Blet-2003_pid9103-10,Chopin_Op030No2_Smith-1975_pid9054-19,193,0.0419828188349607,0.08139119346633296,0.060283376417235246,0.1197654197507458,0.6581189841269719,0.2699863945578157,0.11917098445595854,0.21761658031088082,0.46632124352331605,0.7512953367875648,0.8963730569948186,0.9948186528497409,cosine,"{'transitions': ((1, 1), (1, 2), (2, 1)), 'weights': (2.0, 3.0, 3.0)}","(4033, 3004)",1388.1227505957668,0.5638191513386542,Chopin_Op030No2,Chopin_Op030No2_Blet-2003_pid9103-10__Chopin_Op030No2_Smith-1975_pid9054-19
offline_dtw,Chopin_Op030No2_Blet-2003_pid9103-10,Chopin_Op030No2_Sofronitsky-1960_pid5667291-15,193,0.012696937048394455,0.09505443764172375,0.04721137414965426,0.15813907413956968,0.6550788571428683,0.3511468843537381,0.11398963730569948,0.27461139896373055,0.5077720207253886,0.7202072538860104,0.8601036269430051,0.9689119170984456,cosine,"{'transitions': ((1, 1), (1, 2), (2, 1)), 'weights': (2.0, 3.0, 3.0)}","(4033, 2931)",1176.1143022803558,0.4818165924950249,Chopin_Op030No2,Chopin_Op030No2_Blet-2003_pid9103-10__Chopin_Op030No2_Sofronitsky-1960_pid5667291-15
offline_dtw,Chopin_Op030No2_Blet-2003_pid9103-10,Chopin_Op030No2_Uninsky-1959_pid9061-19,193,0.009871455547331466,0.07653586111404831,0.04439911564625909,0.11359269717409987,0.4470749705215482,0.26294743945577886,0.17616580310880828,0.25906735751295334,0.5492227979274611,0.7461139896373057,0.917098445595855,1.0,cosine,"{'transitions': ((1, 1), (1, 2), (2, 1)), 'weights': (2.0, 3.0, 3.0)}","(4033, 3878)",1135.1454688313715,0.4097998082423724,Chopin_Op030No2,Chopin_Op030No2_Blet-2003_pid9103-10__Chopin_Op030No2_Uninsky-1959_pid9061-19
offline_dtw,Chopin_Op030No2_Blet-2003_pid9103-10,Chopin_Op030No2_Yaroshinskiy-2005_pid9081-10,193,3.538612112562123,3.5889026289814714,1.3449888027210903,5.365095053301016,11.288900156462589,10.703274432653066,0.031088082901554404,0.07772020725388601,0.12953367875647667,0.22279792746113988,0.2694300518134715,0.47150259067357514,cosine,"{'transitions': ((1, 1), (1, 2), (2, 1)), 'weights': (2.0, 3.0, 3.0)}","(4033, 3381)",3526.519052213046,1.372720534142875,Chopin_Op030No2,Chopin_Op030No2_Blet-2003_pid9103-10__Chopin_Op030No2_Yaroshinskiy-2005_pid9081-10
offline_dtw,Chopin_Op030No2_Brailowsky-1960_pid9060-19,Chopin_Op030No2_Olejniczac-1990_pid9100b-19,193,-0.015971489425822605,0.05969677450565695,0.03943317687075165,0.08677079479024419,0.42546451587301704,0.18392713922903137,0.09844559585492228,0.23316062176165803,0.6062176165803109,0.8393782383419689,0.9689119170984456,1.0,cosine,"{'transitions': ((1, 1), (1, 2), (2, 1)), 'weights': (2.0, 3.0, 3.0)}","(3134, 3235)",993.228939876078,0.4375457884916643,Chopin_Op030No2,Chopin_Op030No2_Brailowsky-1960_pid9060-19__Chopin_Op030No2_Olejniczac-1990_pid9100b-19
offline_dtw,Chopin_Op030No2_Brailowsky-1960_pid9060-19,Chopin_Op030No2_Poblocka-1999_pid9093-19,193,-0.006630652039053673,0.03875009430991805,0.02682553741496463,0.058666719064116225,0.31259644217686855,0.12357830158730096,0.19689119170984457,0.3626943005181347,0.7875647668393783,0.9222797927461139,0.9844559585492227,1.0,cosine,"{'transitions': ((1, 1), (1, 2), (2, 1)), 'weights': (2.0, 3.0, 3.0)}","(3134, 3732)",890.6446905678303,0.36412293154858144,Chopin_Op030No2,Chopin_Op030No2_Brailowsky-1960_pid9060-19__Chopin_Op030No2_Poblocka-1999_pid9093-19
offline_dtw,Chopin_Op030No2_Brailowsky-1960_pid9060-19,Chopin_Op030No2_Rangell-2001_pid9094-19,193,-0.05769891843784139,0.09984099572333191,0.02750573922902433,0.2793310916205575,1.8289229727891154,0.380008999999998,0.18652849740932642,0.35233160621761656,0.6994818652849741,0.8341968911917098,0.9067357512953368,0.9585492227979274,cosine,"{'transitions': ((1, 1), (1, 2), (2, 1)), 'weights': (2.0, 3.0, 3.0)}","(3134, 3908)",1205.610851360786,0.4867221846430303,Chopin_Op030No2,Chopin_Op030No2_Brailowsky-1960_pid9060-19__Chopin_Op030No2_Rangell-2001_pid9094-19
offline_dtw,Chopin_Op030No2_Brailowsky-1960_pid9060-19,Chopin_Op030No2_Rubinstein-1939_pid9049-19,193,-0.02383463489126237,0.0491110343484547,0.026961521541949196,0.08732508541707677,0.6460089999999999,0.20737196099772534,0.15025906735751296,0.35751295336787564,0.7564766839378239,0.8911917098445595,0.9481865284974094,0.9948186528497409,cosine,"{'transitions': ((1, 1), (1, 2), (2, 1)), 'weights': (2.0, 3.0, 3.0)}","(3134, 3516)",991.8768583085273,0.4186901048157566,Chopin_Op030No2,Chopin_Op030No2_Brailowsky-1960_pid9060-19__Chopin_Op030No2_Rubinstein-1939_pid9049-19
offline_dtw,Chopin_Op030No2_Brailowsky-1960_pid9060-19,Chopin_Op030No2_Rubinstein-1952_pid9075-19,193,0.008989808437018722,0.047882505040357834,0.02907062131519922,0.09140680228539974,0.6880725068027118,0.14290705079365154,0.17098445595854922,0.32642487046632124,0.7461139896373057,0.9119170984455959,0.9740932642487047,0.9896373056994818,cosine,"{'transitions': ((1, 1), (1, 2), (2, 1)), 'weights': (2.0, 3.0, 3.0)}","(3134, 3748)",1188.2462622036687,0.486388154811162,Chopin_Op030No2,Chopin_Op030No2_Brailowsky-1960_pid9060-19__Chopin_Op030No2_Rubinstein-1952_pid9075-19
offline_dtw,Chopin_Op030No2_Brailowsky-1960_pid9060-19,Chopin_Op030No2_Rubinstein-1966_pid9059-19,193,0.008477671436795836,0.0519033391491314,0.031859480725621836,0.0827788054677432,0.4149434512471615,0.1951247446711929,0.17616580310880828,0.35751295336787564,0.7046632124352331,0.8704663212435233,0.9481865284974094,1.0,cosine,"{'transitions': ((1, 1), (1, 2), (2, 1)), 'weights': (2.0, 3.0, 3.0)}","(3134, 4007)",1322.7544364143846,0.5242784131646392,Chopin_Op030No2,Chopin_Op030No2_Brailowsky-1960_pid9060-19__Chopin_Op030No2_Rubinstein-1966_pid9059-19
offline_dtw,Chopin_Op030No2_Brailowsky-1960_pid9060-19,Chopin_Op030No2_Shebanova-2002_pid9072-19,193,0.008014899897782837,0.04357321175378657,0.027324263038547514,0.071333423337226,0.3609978730158723,0.1402111154195026,0.16062176165803108,0.3471502590673575,0.7772020725388601,0.9015544041450777,0.9740932642487047,1.0,cosine,"{'transitions': ((1, 1), (1, 2), (2, 1)), 'weights': (2.0, 3.0, 3.0)}","(3134, 3361)",1170.546574225476,0.5028121023305309,Chopin_Op030No2,Chopin_Op030No2_Brailowsky-1960_pid9060-19__Chopin_Op030No2_Shebanova-2002_pid9072-19
offline_dtw,Chopin_Op030No2_Brailowsky-1960_pid9060-19,Chopin_Op030No2_Smith-1975_pid9054-19,193,0.0124588219367199,0.06560918299789649,0.03517006802721312,0.10289002719051675,0.3707823832199537,0.28171887709751214,0.16062176165803108,0.29533678756476683,0.6476683937823834,0.7772020725388601,0.927461139896373,1.0,cosine,"{'transitions': ((1, 1), (1, 2), (2, 1)), 'weights': (2.0, 3.0, 3.0)}","(3134, 3004)",1158.3773166060917,0.5318536807190504,Chopin_Op030No2,Chopin_Op030No2_Brailowsky-1960_pid9060-19__Chopin_Op030No2_Smith-1975_pid9054-19
offline_dtw,Chopin_Op030No2_Brailowsky-1960_pid9060-19,Chopin_Op030No2_Sofronitsky-1960_pid5667291-15,193,0.0005470276573499582,0.05429766088611589,0.03052177437642456,0.08544142922627918,0.3519269297052219,0.19703655578231288,0.19689119170984457,0.35751295336787564,0.6580310880829016,0.8341968911917098,0.9481865284974094,1.0,cosine,"{'transitions': ((1, 1), (1, 2), (2, 1)), 'weights': (2.0, 3.0, 3.0)}","(3134, 2931)",1032.7029876304596,0.4794349988999348,Chopin_Op030No2,Chopin_Op030No2_Brailowsky-1960_pid9060-19__Chopin_Op030No2_Sofronitsky-1960_pid5667291-15
offline_dtw,Chopin_Op030No2_Brailowsky-1960_pid9060-19,Chopin_Op030No2_Uninsky-1959_pid9061-19,193,-0.00409819511707929,0.051296730064736874,0.02773249659863808,0.08303640533167729,0.3843536598639332,0.20740141678004156,0.23316062176165803,0.41450777202072536,0.7409326424870466,0.8497409326424871,0.9378238341968912,1.0,cosine,"{'transitions': ((1, 1), (1, 2), (2, 1)), 'weights': (2.0, 3.0, 3.0)}","(3134, 3878)",1140.4515788008528,0.45746152378694455,Chopin_Op030No2,Chopin_Op030No2_Brailowsky-1960_pid9060-19__Chopin_Op030No2_Uninsky-1959_pid9061-19
offline_dtw,Chopin_Op030No2_Brailowsky-1960_pid9060-19,Chopin_Op030No2_Yaroshinskiy-2005_pid9081-10,193,-0.3495756220495102,0.5590686134961756,0.3816327936507946,0.7595355353966321,1.942222292517009,1.5583311360544208,0.04145077720207254,0.07772020725388601,0.15025906735751296,0.22279792746113988,0.3471502590673575,0.5958549222797928,cosine,"{'transitions': ((1, 1), (1, 2), (2, 1)), 'weights': (2.0, 3.0, 3.0)}","(3134, 3381)",3305.3638838531847,1.4736352580709695,Chopin_Op030No2,Chopin_Op030No2_Brailowsky-1960_pid9060-19__Chopin_Op030No2_Yaroshinskiy-2005_pid9081-10
offline_dtw,Chopin_Op030No2_Chiu-1999_pid9048-19,Chopin_Op030No2_Olejniczac-1990_pid9100b-19,193,-0.00552355684795465,0.051407690681799977,0.028799306122451185,0.08547683250633378,0.5314966689342384,0.1704036000000002,0.20207253886010362,0.37823834196891193,0.6787564766839378,0.8497409326424871,0.9637305699481865,0.9948186528497409,cosine,"{'transitions': ((1, 1), (1, 2), (2, 1)), 'weights': (2.0, 3.0, 3.0)}","(3951, 3235)",939.2841117828302,0.3708188360769168,Chopin_Op030No2,Chopin_Op030No2_Chiu-1999_pid9048-19__Chopin_Op030No2_Olejniczac-1990_pid9100b-19
offline_dtw,Chopin_Op030No2_Chiu-1999_pid9048-19,Chopin_Op030No2_Poblocka-1999_pid9093-19,193,0.008476125603609809,0.047064120786484066,0.028911106575957746,0.08626355523077295,0.6536168503401427,0.13535609297051954,0.20725388601036268,0.37823834196891193,0.7098445595854922,0.9067357512953368,0.9740932642487047,0.9896373056994818,cosine,"{'transitions': ((1, 1), (1, 2), (2, 1)), 'weights': (2.0, 3.0, 3.0)}","(3951, 3732)",878.505076002273,0.3179533391249631,Chopin_Op030No2,Chopin_Op030No2_Chiu-1999_pid9048-19__Chopin_Op030No2_Poblocka-1999_pid9093-19
offline_dtw,Chopin_Op030No2_Chiu-1999_pid9048-19,Chopin_Op030No2_Rangell-2001_pid9094-19,193,0.028320493056290228,0.05839073397130894,0.027312995464853884,0.1503764287429135,1.7995470215419402,0.1766712331065775,0.17098445595854922,0.38341968911917096,0.689119170984456,0.8601036269430051,0.9740932642487047,0.9948186528497409,cosine,"{'transitions': ((1, 1), (1, 2), (2, 1)), 'weights': (2.0, 3.0, 3.0)}","(3951, 3908)",943.4286593159184,0.33669830810703727,Chopin_Op030No2,Chopin_Op030No2_Chiu-1999_pid9048-19__Chopin_Op030No2_Rangell-2001_pid9094-19
offline_dtw,Chopin_Op030No2_Chiu-1999_pid9048-19,Chopin_Op030No2_Rubinstein-1939_pid9049-19,193,-0.00681390205374,0.05322717942617413,0.032199894557827236,0.08430917776100552,0.4065759637188222,0.1916530752834404,0.16580310880829016,0.34196891191709844,0.6839378238341969,0.8601036269430051,0.9637305699481865,1.0,cosine,"{'transitions': ((1, 1), (1, 2), (2, 1)), 'weights': (2.0, 3.0, 3.0)}","(3951, 3516)",1026.587452667402,0.38593513258173007,Chopin_Op030No2,Chopin_Op030No2_Chiu-1999_pid9048-19__Chopin_Op030No2_Rubinstein-1939_pid9049-19
offline_dtw,Chopin_Op030No2_Chiu-1999_pid9048-19,Chopin_Op030No2_Rubinstein-1952_pid9075-19,193,0.037350584605172106,0.07640865390128403,0.027210982993196353,0.2081639847478088,2.189388725623573,0.22051252789115197,0.18134715025906736,0.39896373056994816,0.6580310880829016,0.8186528497409327,0.9430051813471503,0.9792746113989638,cosine,"{'transitions': ((1, 1), (1, 2), (2, 1)), 'weights': (2.0, 3.0, 3.0)}","(3951, 3748)",1169.5626894199595,0.4271594921183198,Chopin_Op030No2,Chopin_Op030No2_Chiu-1999_pid9048-19__Chopin_Op030No2_Rubinstein-1952_pid9075-19
offline_dtw,Chopin_Op030No2_Chiu-1999_pid9048-19,Chopin_Op030No2_Rubinstein-1966_pid9059-19,193,0.02527813656550726,0.06622308891121284,0.03428564399092693,0.14520078812877127,1.2596829342403737,0.19291170521542467,0.16062176165803108,0.3316062176165803,0.6373056994818653,0.844559585492228,0.9481865284974094,0.9896373056994818,cosine,"{'transitions': ((1, 1), (1, 2), (2, 1)), 'weights': (2.0, 3.0, 3.0)}","(3951, 4007)",1207.9060100593156,0.42501970797301747,Chopin_Op030No2,Chopin_Op030No2_Chiu-1999_pid9048-19__Chopin_Op030No2_Rubinstein-1966_pid9059-19
offline_dtw,Chopin_Op030No2_Chiu-1999_pid9048-19,Chopin_Op030No2_Shebanova-2002_pid9072-19,193,0.014916848566024161,0.061417262051625364,0.03494362811791163,0.1182484699275726,0.952018,0.2685078380952375,0.19170984455958548,0.33678756476683935,0.6580310880829016,0.8860103626943006,0.9378238341968912,0.9896373056994818,cosine,"{'transitions': ((1, 1), (1, 2), (2, 1)), 'weights': (2.0, 3.0, 3.0)}","(3951, 3361)",827.8551158116519,0.31670050337094563,Chopin_Op030No2,Chopin_Op030No2_Chiu-1999_pid9048-19__Chopin_Op030No2_Shebanova-2002_pid9072-19
offline_dtw,Chopin_Op030No2_Chiu-1999_pid9048-19,Chopin_Op030No2_Smith-1975_pid9054-19,193,0.031520460523069393,0.062292380652779394,0.03811805442177274,0.09348570462996317,0.412834537414966,0.21696359138321664,0.16580310880829016,0.27979274611398963,0.6010362694300518,0.8082901554404145,0.9430051813471503,1.0,cosine,"{'transitions': ((1, 1), (1, 2), (2, 1)), 'weights': (2.0, 3.0, 3.0)}","(3951, 3004)",1078.8427390164659,0.44016431620418844,Chopin_Op030No2,Chopin_Op030No2_Chiu-1999_pid9048-19__Chopin_Op030No2_Smith-1975_pid9054-19
offline_dtw,Chopin_Op030No2_Chiu-1999_pid9048-19,Chopin_Op030No2_Sofronitsky-1960_pid5667291-15,193,0.022093900767216294,0.06776537008447638,0.040113611111110004,0.10446523419244157,0.8010883038548826,0.19018089795918414,0.11398963730569948,0.2849740932642487,0.5803108808290155,0.7150259067357513,0.9533678756476683,0.9948186528497409,cosine,"{'transitions': ((1, 1), (1, 2), (2, 1)), 'weights': (2.0, 3.0, 3.0)}","(3951, 2931)",1073.5713457167662,0.44546528867915614,Chopin_Op030No2,Chopin_Op030No2_Chiu-1999_pid9048-19__Chopin_Op030No2_Sofronitsky-1960_pid5667291-15
offline_dtw,Chopin_Op030No2_Chiu-1999_pid9048-19,Chopin_Op030No2_Uninsky-1959_pid9061-19,193,0.016504962720149372,0.055245592847156265,0.032902634920645824,0.1216204112045871,1.3625401201814071,0.15622223628117524,0.19689119170984457,0.34196891191709844,0.6528497409326425,0.8652849740932642,0.9689119170984456,0.9948186528497409,cosine,"{'transitions': ((1, 1), (1, 2), (2, 1)), 'weights': (2.0, 3.0, 3.0)}","(3951, 3878)",1189.358193064657,0.42968142813029514,Chopin_Op030No2,Chopin_Op030No2_Chiu-1999_pid9048-19__Chopin_Op030No2_Uninsky-1959_pid9061-19
offline_dtw,Chopin_Op030No2_Chiu-1999_pid9048-19,Chopin_Op030No2_Yaroshinskiy-2005_pid9081-10,193,2.129565045633453,2.5061480501920985,1.0514510113378748,3.753059551290915,8.72761897732427,7.983764236054426,0.02072538860103627,0.05181347150259067,0.10362694300518134,0.12953367875647667,0.18134715025906736,0.36787564766839376,cosine,"{'transitions': ((1, 1), (1, 2), (2, 1)), 'weights': (2.0, 3.0, 3.0)}","(3951, 3381)",3463.433799697822,1.3684052942306686,Chopin_Op030No2,Chopin_Op030No2_Chiu-1999_pid9048-19__Chopin_Op030No2_Yaroshinskiy-2005_pid9081-10
offline_dtw,Chopin_Op030No2_Clidat-1994_pid9067-19,Chopin_Op030No2_Olejniczac-1990_pid9100b-19,193,-0.03036218037197599,0.07239068056583586,0.040929156462595984,0.11278751052305598,0.5456235124716642,0.2517369895691589,0.13471502590673576,0.31088082901554404,0.5699481865284974,0.7823834196891192,0.9015544041450777,0.9948186528497409,cosine,"{'transitions': ((1, 1), (1, 2), (2, 1)), 'weights': (2.0, 3.0, 3.0)}","(3760, 3235)",1149.8469520095189,0.4670377546748655,Chopin_Op030No2,Chopin_Op030No2_Clidat-1994_pid9067-19__Chopin_Op030No2_Olejniczac-1990_pid9100b-19
offline_dtw,Chopin_Op030No2_Clidat-1994_pid9067-19,Chopin_Op030No2_Poblocka-1999_pid9093-19,193,-0.010675211136958582,0.045006800811861876,0.02312911111111049,0.07425133528461526,0.28936492743763864,0.18892077641723218,0.24870466321243523,0.44559585492227977,0.7512953367875648,0.8497409326424871,0.9533678756476683,1.0,cosine,"{'transitions': ((1, 1), (1, 2), (2, 1)), 'weights': (2.0, 3.0, 3.0)}","(3760, 3732)",921.7691770931855,0.34420058890708943,Chopin_Op030No2,Chopin_Op030No2_Clidat-1994_pid9067-19__Chopin_Op030No2_Poblocka-1999_pid9093-19
offline_dtw,Chopin_Op030No2_Clidat-1994_pid9067-19,Chopin_Op030No2_Rangell-2001_pid9094-19,193,-0.08740378932125546,0.11820005497985021,0.027641582766440465,0.34344989703912404,2.1609411133786836,0.47202047845803596,0.19170984455958548,0.39378238341968913,0.7253886010362695,0.8186528497409327,0.8963730569948186,0.9481865284974094,cosine,"{'transitions': ((1, 1), (1, 2), (2, 1)), 'weights': (2.0, 3.0, 3.0)}","(3760, 3908)",1141.2150054043977,0.4204918958748702,Chopin_Op030No2,Chopin_Op030No2_Clidat-1994_pid9067-19__Chopin_Op030No2_Rangell-2001_pid9094-19
offline_dtw,Chopin_Op030No2_Clidat-1994_pid9067-19,Chopin_Op030No2_Rubinstein-1939_pid9049-19,193,-0.024681746125738875,0.06149024090326935,0.03092977551020404,0.11399296711530889,0.7623582063492063,0.2186530049886592,0.15025906735751296,0.31088082901554404,0.6580310880829016,0.8549222797927462,0.9378238341968912,0.9896373056994818,cosine,"{'transitions': ((1, 1), (1, 2), (2, 1)), 'weights': (2.0, 3.0, 3.0)}","(3760, 3516)",978.980357332951,0.3772563997429484,Chopin_Op030No2,Chopin_Op030No2_Clidat-1994_pid9067-19__Chopin_Op030No2_Rubinstein-1939_pid9049-19
offline_dtw,Chopin_Op030No2_Clidat-1994_pid9067-19,Chopin_Op030No2_Rubinstein-1952_pid9075-19,193,0.00365700593328882,0.049700131401783455,0.02682553741499305,0.08784508439945271,0.6851756666666677,0.16258518639456263,0.23316062176165803,0.39896373056994816,0.7046632124352331,0.8704663212435233,0.9740932642487047,0.9948186528497409,cosine,"{'transitions': ((1, 1), (1, 2), (2, 1)), 'weights': (2.0, 3.0, 3.0)}","(3760, 3748)",1208.651197703241,0.4542093941011804,Chopin_Op030No2,Chopin_Op030No2_Clidat-1994_pid9067-19__Chopin_Op030No2_Rubinstein-1952_pid9075-19
offline_dtw,Chopin_Op030No2_Clidat-1994_pid9067-19,Chopin_Op030No2_Rubinstein-1966_pid9059-19,193,0.0030710560078950435,0.06132369391279838,0.03329939002266258,0.1023094587912626,0.5527777074829956,0.2164330081632677,0.18652849740932642,0.3471502590673575,0.6528497409326425,0.8238341968911918,0.9326424870466321,0.9896373056994818,cosine,"{'transitions': ((1, 1), (1, 2), (2, 1)), 'weights': (2.0, 3.0, 3.0)}","(3760, 4007)",1408.8038982376318,0.5151019737614742,Chopin_Op030No2,Chopin_Op030No2_Clidat-1994_pid9067-19__Chopin_Op030No2_Rubinstein-1966_pid9059-19
offline_dtw,Chopin_Op030No2_Clidat-1994_pid9067-19,Chopin_Op030No2_Shebanova-2002_pid9072-19,193,-0.012994837392643175,0.05566528345846103,0.02981873469386187,0.09549999986135886,0.5749884047619034,0.16983659410430482,0.17098445595854922,0.34196891191709844,0.6787564766839378,0.8290155440414507,0.9533678756476683,0.9896373056994818,cosine,"{'transitions': ((1, 1), (1, 2), (2, 1)), 'weights': (2.0, 3.0, 3.0)}","(3760, 3361)",1356.9596018942614,0.5371969920404835,Chopin_Op030No2,Chopin_Op030No2_Clidat-1994_pid9067-19__Chopin_Op030No2_Shebanova-2002_pid9072-19
offline_dtw,Chopin_Op030No2_Clidat-1994_pid9067-19,Chopin_Op030No2_Smith-1975_pid9054-19,193,0.003926020737137748,0.05313125872663394,0.0341951519274204,0.07846842080323123,0.36659880498866215,0.1656010476190545,0.15025906735751296,0.32642487046632124,0.6373056994818653,0.8601036269430051,0.9637305699481865,1.0,cosine,"{'transitions': ((1, 1), (1, 2), (2, 1)), 'weights': (2.0, 3.0, 3.0)}","(3760, 3004)",1133.1811280978266,0.47592655526998173,Chopin_Op030No2,Chopin_Op030No2_Clidat-1994_pid9067-19__Chopin_Op030No2_Smith-1975_pid9054-19
offline_dtw,Chopin_Op030No2_Clidat-1994_pid9067-19,Chopin_Op030No2_Sofronitsky-1960_pid5667291-15,193,-0.009719693043365235,0.05943644261158651,0.030907488662123228,0.09468301683620159,0.5376185396825548,0.20196350022676465,0.21243523316062177,0.33678756476683935,0.6476683937823834,0.8031088082901554,0.9481865284974094,0.9948186528497409,cosine,"{'transitions': ((1, 1), (1, 2), (2, 1)), 'weights': (2.0, 3.0, 3.0)}","(3760, 2931)",1283.1127105143719,0.540941277619887,Chopin_Op030No2,Chopin_Op030No2_Clidat-1994_pid9067-19__Chopin_Op030No2_Sofronitsky-1960_pid5667291-15
offline_dtw,Chopin_Op030No2_Clidat-1994_pid9067-19,Chopin_Op030No2_Uninsky-1959_pid9061-19,193,-0.00679246862406431,0.05666891179960767,0.030294925170068154,0.0969135554715172,0.47604297278911556,0.23253500680272182,0.21243523316062177,0.37305699481865284,0.6994818652849741,0.8549222797927462,0.9430051813471503,1.0,cosine,"{'transitions': ((1, 1), (1, 2), (2, 1)), 'weights': (2.0, 3.0, 3.0)}","(3760, 3878)",1226.18204181736,0.4516324279253628,Chopin_Op030No2,Chopin_Op030No2_Clidat-1994_pid9067-19__Chopin_Op030No2_Uninsky-1959_pid9061-19
offline_dtw,Chopin_Op030No2_Clidat-1994_pid9067-19,Chopin_Op030No2_Yaroshinskiy-2005_pid9081-10,193,-1.3374118203212195,1.4371254345987097,1.6596485963718948,1.699250864193277,3.489795663265305,2.7130338730158683,0.010362694300518135,0.015544041450777202,0.046632124352331605,0.07253886010362694,0.15025906735751296,0.26424870466321243,cosine,"{'transitions': ((1, 1), (1, 2), (2, 1)), 'weights': (2.0, 3.0, 3.0)}","(3760, 3381)",3458.5135932837393,1.397944055490598,Chopin_Op030No2,Chopin_Op030No2_Clidat-1994_pid9067-19__Chopin_Op030No2_Yaroshinskiy-2005_pid9081-10
offline_dtw,Chopin_Op030No2_Cortot-1951_pid9066-19,Chopin_Op030No2_Olejniczac-1990_pid9100b-19,193,-0.055297425786895,0.08750474652520733,0.04761834013605437,0.14169138517261037,0.9444677086167843,0.2659499727891129,0.10362694300518134,0.23834196891191708,0.5181347150259067,0.7305699481865285,0.8808290155440415,0.9844559585492227,cosine,"{'transitions': ((1, 1), (1, 2), (2, 1)), 'weights': (2.0, 3.0, 3.0)}","(3789, 3235)",1508.860963221952,0.6116177394495144,Chopin_Op030No2,Chopin_Op030No2_Cortot-1951_pid9066-19__Chopin_Op030No2_Olejniczac-1990_pid9100b-19
offline_dtw,Chopin_Op030No2_Cortot-1951_pid9066-19,Chopin_Op030No2_Poblocka-1999_pid9093-19,193,-0.013715677922290816,0.0664149661743799,0.0297957777777782,0.1511749062299879,1.544286120181411,0.25282560634921347,0.19170984455958548,0.35233160621761656,0.6632124352331606,0.8341968911917098,0.9222797927461139,0.9896373056994818,cosine,"{'transitions': ((1, 1), (1, 2), (2, 1)), 'weights': (2.0, 3.0, 3.0)}","(3789, 3732)",1253.6665141435064,0.4723686941007937,Chopin_Op030No2,Chopin_Op030No2_Cortot-1951_pid9066-19__Chopin_Op030No2_Poblocka-1999_pid9093-19
offline_dtw,Chopin_Op030No2_Cortot-1951_pid9066-19,Chopin_Op030No2_Rangell-2001_pid9094-19,193,-0.08835892797809937,0.13910323487598816,0.03156455555555482,0.3990745831043849,3.091156697278919,0.5725238517006754,0.17098445595854922,0.33678756476683935,0.6217616580310881,0.7823834196891192,0.8808290155440415,0.9430051813471503,cosine,"{'transitions': ((1, 1), (1, 2), (2, 1)), 'weights': (2.0, 3.0, 3.0)}","(3789, 3908)",1431.122621386534,0.5292613244772685,Chopin_Op030No2,Chopin_Op030No2_Cortot-1951_pid9066-19__Chopin_Op030No2_Rangell-2001_pid9094-19
offline_dtw,Chopin_Op030No2_Cortot-1951_pid9066-19,Chopin_Op030No2_Rubinstein-1939_pid9049-19,193,-0.03001974085039914,0.06710331734282769,0.031496458049886655,0.13229941250722507,1.0500230192743771,0.21394546575963724,0.20207253886010362,0.3316062176165803,0.6580310880829016,0.8238341968911918,0.9430051813471503,0.9896373056994818,cosine,"{'transitions': ((1, 1), (1, 2), (2, 1)), 'weights': (2.0, 3.0, 3.0)}","(3789, 3516)",1193.0317567393613,0.46116418892128386,Chopin_Op030No2,Chopin_Op030No2_Cortot-1951_pid9066-19__Chopin_Op030No2_Rubinstein-1939_pid9049-19
offline_dtw,Chopin_Op030No2_Cortot-1951_pid9066-19,Chopin_Op030No2_Rubinstein-1952_pid9075-19,193,0.018105890116668428,0.06818414562405258,0.0319615215419482,0.11863246348098745,0.6554649274376416,0.24161437188209303,0.16580310880829016,0.35751295336787564,0.6424870466321243,0.7927461139896373,0.917098445595855,0.9896373056994818,cosine,"{'transitions': ((1, 1), (1, 2), (2, 1)), 'weights': (2.0, 3.0, 3.0)}","(3789, 3748)",1530.5948165902976,0.5775829496567161,Chopin_Op030No2,Chopin_Op030No2_Cortot-1951_pid9066-19__Chopin_Op030No2_Rubinstein-1952_pid9075-19
offline_dtw,Chopin_Op030No2_Cortot-1951_pid9066-19,Chopin_Op030No2_Rubinstein-1966_pid9059-19,193,-0.012627220183755387,0.07711226963566073,0.03410437868480898,0.16076398793481494,1.5354199523809484,0.2843264743764208,0.08808290155440414,0.2538860103626943,0.6373056994818653,0.7875647668393783,0.9222797927461139,0.9844559585492227,cosine,"{'transitions': ((1, 1), (1, 2), (2, 1)), 'weights': (2.0, 3.0, 3.0)}","(3789, 4007)",1621.562047517908,0.5918109662474117,Chopin_Op030No2,Chopin_Op030No2_Cortot-1951_pid9066-19__Chopin_Op030No2_Rubinstein-1966_pid9059-19
offline_dtw,Chopin_Op030No2_Cortot-1951_pid9066-19,Chopin_Op030No2_Shebanova-2002_pid9072-19,193,-0.006053556266375376,0.062282978728279065,0.03242630385486933,0.11854322576330054,1.086984443310655,0.21565104625850454,0.17616580310880828,0.32124352331606215,0.6735751295336787,0.8393782383419689,0.9326424870466321,0.9948186528497409,cosine,"{'transitions': ((1, 1), (1, 2), (2, 1)), 'weights': (2.0, 3.0, 3.0)}","(3789, 3361)",1449.8832988775227,0.5792582096993698,Chopin_Op030No2,Chopin_Op030No2_Cortot-1951_pid9066-19__Chopin_Op030No2_Shebanova-2002_pid9072-19
offline_dtw,Chopin_Op030No2_Cortot-1951_pid9066-19,Chopin_Op030No2_Smith-1975_pid9054-19,193,-0.0029613813929714873,0.08501980365514075,0.039024802721087326,0.19702752137682775,2.075386196145118,0.2243357414965954,0.11917098445595854,0.22797927461139897,0.5854922279792746,0.772020725388601,0.9067357512953368,0.9896373056994818,cosine,"{'transitions': ((1, 1), (1, 2), (2, 1)), 'weights': (2.0, 3.0, 3.0)}","(3789, 3004)",1417.493205742212,0.5978461432906841,Chopin_Op030No2,Chopin_Op030No2_Cortot-1951_pid9066-19__Chopin_Op030No2_Smith-1975_pid9054-19
offline_dtw,Chopin_Op030No2_Cortot-1951_pid9066-19,Chopin_Op030No2_Sofronitsky-1960_pid5667291-15,193,-0.02502511455946687,0.07553428030383129,0.041768596371866806,0.12072640415059702,0.803991832199543,0.24319717732426183,0.16062176165803108,0.29015544041450775,0.5699481865284974,0.7461139896373057,0.9119170984455959,0.9948186528497409,cosine,"{'transitions': ((1, 1), (1, 2), (2, 1)), 'weights': (2.0, 3.0, 3.0)}","(3789, 2931)",1486.4762664466614,0.6301298289303354,Chopin_Op030No2,Chopin_Op030No2_Cortot-1951_pid9066-19__Chopin_Op030No2_Sofronitsky-1960_pid5667291-15
offline_dtw,Chopin_Op030No2_Cortot-1951_pid9066-19,Chopin_Op030No2_Uninsky-1959_pid9061-19,193,0.001128198988403659,0.07255062900496989,0.03782319954648017,0.11404195601073991,0.41340136054421706,0.2775917242630334,0.17616580310880828,0.3316062176165803,0.5751295336787565,0.7409326424870466,0.9067357512953368,1.0,cosine,"{'transitions': ((1, 1), (1, 2), (2, 1)), 'weights': (2.0, 3.0, 3.0)}","(3789, 3878)",1350.5685325307509,0.5015107807392316,Chopin_Op030No2,Chopin_Op030No2_Cortot-1951_pid9066-19__Chopin_Op030No2_Uninsky-1959_pid9061-19
offline_dtw,Chopin_Op030No2_Cortot-1951_pid9066-19,Chopin_Op030No2_Yaroshinskiy-2005_pid9081-10,193,-0.019364649518873935,0.5983377179925504,0.4332769546485249,0.7821331682131478,2.383129911564609,1.4942836362811815,0.025906735751295335,0.06217616580310881,0.10880829015544041,0.16062176165803108,0.25906735751295334,0.5544041450777202,cosine,"{'transitions': ((1, 1), (1, 2), (2, 1)), 'weights': (2.0, 3.0, 3.0)}","(3789, 3381)",3551.419802813631,1.4349170920459116,Chopin_Op030No2,Chopin_Op030No2_Cortot-1951_pid9066-19__Chopin_Op030No2_Yaroshinskiy-2005_pid9081-10
offline_dtw,Chopin_Op030No2_Ferenczy-1956_pid9097-04,Chopin_Op030No2_Olejniczac-1990_pid9100b-19,193,-0.046198303061812045,0.0683589927919356,0.04451278571428574,0.09886288750132413,0.49918381405895695,0.21139672154195058,0.08808290155440414,0.20725388601036268,0.5492227979274611,0.8031088082901554,0.927461139896373,1.0,cosine,"{'transitions': ((1, 1), (1, 2), (2, 1)), 'weights': (2.0, 3.0, 3.0)}","(4101, 3235)",1257.4008145870753,0.48755363109231303,Chopin_Op030No2,Chopin_Op030No2_Ferenczy-1956_pid9097-04__Chopin_Op030No2_Olejniczac-1990_pid9100b-19
offline_dtw,Chopin_Op030No2_Ferenczy-1956_pid9097-04,Chopin_Op030No2_Poblocka-1999_pid9093-19,193,-0.012922726122918577,0.04662770039242001,0.02784587528344673,0.09345038262319791,0.8870978231292526,0.13235414195011302,0.20207253886010362,0.38341968911917096,0.7357512953367875,0.9119170984455959,0.9585492227979274,0.9948186528497409,cosine,"{'transitions': ((1, 1), (1, 2), (2, 1)), 'weights': (2.0, 3.0, 3.0)}","(4101, 3732)",1016.1510267787272,0.3627815161652007,Chopin_Op030No2,Chopin_Op030No2_Ferenczy-1956_pid9097-04__Chopin_Op030No2_Poblocka-1999_pid9093-19
offline_dtw,Chopin_Op030No2_Ferenczy-1956_pid9097-04,Chopin_Op030No2_Rangell-2001_pid9094-19,193,-0.015323318541233543,0.05742642944086108,0.034149800453514345,0.09950296739934437,0.7040817789115721,0.19745208435374026,0.13989637305699482,0.31088082901554404,0.6580310880829016,0.8652849740932642,0.9481865284974094,0.9948186528497409,cosine,"{'transitions': ((1, 1), (1, 2), (2, 1)), 'weights': (2.0, 3.0, 3.0)}","(4101, 3908)",1031.4709854658431,0.3612858092699976,Chopin_Op030No2,Chopin_Op030No2_Ferenczy-1956_pid9097-04__Chopin_Op030No2_Rangell-2001_pid9094-19
offline_dtw,Chopin_Op030No2_Ferenczy-1956_pid9097-04,Chopin_Op030No2_Rubinstein-1939_pid9049-19,193,-0.04056061549352027,0.06156789782406837,0.04009109070292993,0.11231361748666044,0.8580950952380704,0.20633579773242552,0.17616580310880828,0.29015544041450775,0.6062176165803109,0.8704663212435233,0.9481865284974094,0.9896373056994818,cosine,"{'transitions': ((1, 1), (1, 2), (2, 1)), 'weights': (2.0, 3.0, 3.0)}","(4101, 3516)",1058.445827296854,0.38842048708141436,Chopin_Op030No2,Chopin_Op030No2_Ferenczy-1956_pid9097-04__Chopin_Op030No2_Rubinstein-1939_pid9049-19
offline_dtw,Chopin_Op030No2_Ferenczy-1956_pid9097-04,Chopin_Op030No2_Rubinstein-1952_pid9075-19,193,-0.004442911259149207,0.05098598108397117,0.0315646439909294,0.09138694323079721,0.6951928843537303,0.15678010702947837,0.16062176165803108,0.31088082901554404,0.7357512953367875,0.8963730569948186,0.9585492227979274,0.9948186528497409,cosine,"{'transitions': ((1, 1), (1, 2), (2, 1)), 'weights': (2.0, 3.0, 3.0)}","(4101, 3748)",1085.509805179365,0.38520575059594214,Chopin_Op030No2,Chopin_Op030No2_Ferenczy-1956_pid9097-04__Chopin_Op030No2_Rubinstein-1952_pid9075-19
offline_dtw,Chopin_Op030No2_Ferenczy-1956_pid9097-04,Chopin_Op030No2_Rubinstein-1966_pid9059-19,193,-0.017039946306674082,0.053704648819803816,0.03133793877551483,0.09271696689303263,0.450861818594106,0.22408615374149365,0.19689119170984457,0.37823834196891193,0.7253886010362695,0.8808290155440415,0.9430051813471503,1.0,cosine,"{'transitions': ((1, 1), (1, 2), (2, 1)), 'weights': (2.0, 3.0, 3.0)}","(4101, 4007)",1478.4250517896,0.5113888107193358,Chopin_Op030No2,Chopin_Op030No2_Ferenczy-1956_pid9097-04__Chopin_Op030No2_Rubinstein-1966_pid9059-19
offline_dtw,Chopin_Op030No2_Ferenczy-1956_pid9097-04,Chopin_Op030No2_Shebanova-2002_pid9072-19,193,-0.008321502473183069,0.0526013634227442,0.031745891156461425,0.08049650268936155,0.34890015646258377,0.18139209070295398,0.18652849740932642,0.32642487046632124,0.689119170984456,0.8549222797927462,0.9585492227979274,1.0,cosine,"{'transitions': ((1, 1), (1, 2), (2, 1)), 'weights': (2.0, 3.0, 3.0)}","(4101, 3361)",1375.77575669266,0.5217200442520515,Chopin_Op030No2,Chopin_Op030No2_Ferenczy-1956_pid9097-04__Chopin_Op030No2_Shebanova-2002_pid9072-19
offline_dtw,Chopin_Op030No2_Ferenczy-1956_pid9097-04,Chopin_Op030No2_Smith-1975_pid9054-19,193,-0.008933632535570356,0.0915670521306966,0.04633793877550829,0.1471686006377,0.7102961020408145,0.3477097156462603,0.11917098445595854,0.21761658031088082,0.5181347150259067,0.7253886010362695,0.8756476683937824,0.9844559585492227,cosine,"{'transitions': ((1, 1), (1, 2), (2, 1)), 'weights': (2.0, 3.0, 3.0)}","(4101, 3004)",1314.618745970331,0.5303020354862167,Chopin_Op030No2,Chopin_Op030No2_Ferenczy-1956_pid9097-04__Chopin_Op030No2_Smith-1975_pid9054-19
offline_dtw,Chopin_Op030No2_Ferenczy-1956_pid9097-04,Chopin_Op030No2_Sofronitsky-1960_pid5667291-15,193,-0.02144520638445314,0.09835500165662103,0.04995540136054899,0.1604292484162746,0.7040824467120217,0.3653247709750573,0.11398963730569948,0.27979274611398963,0.5025906735751295,0.7305699481865285,0.8393782383419689,0.9740932642487047,cosine,"{'transitions': ((1, 1), (1, 2), (2, 1)), 'weights': (2.0, 3.0, 3.0)}","(4101, 2931)",1386.8693396806107,0.5649162279758089,Chopin_Op030No2,Chopin_Op030No2_Ferenczy-1956_pid9097-04__Chopin_Op030No2_Sofronitsky-1960_pid5667291-15
offline_dtw,Chopin_Op030No2_Ferenczy-1956_pid9097-04,Chopin_Op030No2_Uninsky-1959_pid9061-19,193,-0.01738061931784809,0.05422424493320658,0.03188180498867155,0.09425140699009325,0.4990480272108968,0.22366896235827477,0.15544041450777202,0.35751295336787564,0.7046632124352331,0.8704663212435233,0.9430051813471503,1.0,cosine,"{'transitions': ((1, 1), (1, 2), (2, 1)), 'weights': (2.0, 3.0, 3.0)}","(4101, 3878)",1070.9408481648425,0.3762968545905982,Chopin_Op030No2,Chopin_Op030No2_Ferenczy-1956_pid9097-04__Chopin_Op030No2_Uninsky-1959_pid9061-19
offline_dtw,Chopin_Op030No2_Ferenczy-1956_pid9097-04,Chopin_Op030No2_Yaroshinskiy-2005_pid9081-10,193,-0.3677745763220658,0.6742374146546365,0.5990469818594093,0.8226705642335184,1.60416106802721,1.4382310970521666,0.031088082901554404,0.046632124352331605,0.11398963730569948,0.14507772020725387,0.21761658031088082,0.46632124352331605,cosine,"{'transitions': ((1, 1), (1, 2), (2, 1)), 'weights': (2.0, 3.0, 3.0)}","(4101, 3381)",3857.822490778193,1.4820678028344958,Chopin_Op030No2,Chopin_Op030No2_Ferenczy-1956_pid9097-04__Chopin_Op030No2_Yaroshinskiy-2005_pid9081-10
offline_dtw,Chopin_Op030No2_Fiorentino-1961_pid9065-14,Chopin_Op030No2_Olejniczac-1990_pid9100b-19,193,-0.01958534705626641,0.053791432119652656,0.032766580498865494,0.08180760045733522,0.32036272675736654,0.18366653832199645,0.21761658031088082,0.35233160621761656,0.6683937823834197,0.8341968911917098,0.9637305699481865,1.0,cosine,"{'transitions': ((1, 1), (1, 2), (2, 1)), 'weights': (2.0, 3.0, 3.0)}","(3173, 3235)",915.7307860907806,0.3995335017848083,Chopin_Op030No2,Chopin_Op030No2_Fiorentino-1961_pid9065-14__Chopin_Op030No2_Olejniczac-1990_pid9100b-19
offline_dtw,Chopin_Op030No2_Fiorentino-1961_pid9065-14,Chopin_Op030No2_Poblocka-1999_pid9093-19,193,-0.008550021900297026,0.0446068783499587,0.027165603174609032,0.09436178980731241,0.8621312517006743,0.12039455147392311,0.22797927461139897,0.37823834196891193,0.7512953367875648,0.9378238341968912,0.9740932642487047,0.9896373056994818,cosine,"{'transitions': ((1, 1), (1, 2), (2, 1)), 'weights': (2.0, 3.0, 3.0)}","(3173, 3732)",834.9136929890634,0.33774825768165995,Chopin_Op030No2,Chopin_Op030No2_Fiorentino-1961_pid9065-14__Chopin_Op030No2_Poblocka-1999_pid9093-19
offline_dtw,Chopin_Op030No2_Fiorentino-1961_pid9065-14,Chopin_Op030No2_Rangell-2001_pid9094-19,193,-0.11958055740016175,0.1556186753139949,0.03205222448979628,0.45174373670661894,2.4438317607709763,1.1371361247165424,0.20207253886010362,0.35751295336787564,0.694300518134715,0.8601036269430051,0.9015544041450777,0.9222797927461139,cosine,"{'transitions': ((1, 1), (1, 2), (2, 1)), 'weights': (2.0, 3.0, 3.0)}","(3173, 3908)",1063.0523217221364,0.42117762350322363,Chopin_Op030No2,Chopin_Op030No2_Fiorentino-1961_pid9065-14__Chopin_Op030No2_Rangell-2001_pid9094-19
offline_dtw,Chopin_Op030No2_Fiorentino-1961_pid9065-14,Chopin_Op030No2_Rubinstein-1939_pid9049-19,193,-0.04516670592623926,0.06620429188843076,0.026065829931972928,0.16061278553902952,1.027471725623581,0.23611118140589804,0.22279792746113988,0.36787564766839376,0.7253886010362695,0.8860103626943006,0.9378238341968912,0.9689119170984456,cosine,"{'transitions': ((1, 1), (1, 2), (2, 1)), 'weights': (2.0, 3.0, 3.0)}","(3173, 3516)",768.6704666348784,0.3188181114205219,Chopin_Op030No2,Chopin_Op030No2_Fiorentino-1961_pid9065-14__Chopin_Op030No2_Rubinstein-1939_pid9049-19
offline_dtw,Chopin_Op030No2_Fiorentino-1961_pid9065-14,Chopin_Op030No2_Rubinstein-1952_pid9075-19,193,0.014300184930621752,0.04310907151668939,0.020907029478458128,0.09145793794483367,0.6722903900226669,0.12938319183673422,0.2694300518134715,0.48704663212435234,0.7668393782383419,0.927461139896373,0.9585492227979274,0.9896373056994818,cosine,"{'transitions': ((1, 1), (1, 2), (2, 1)), 'weights': (2.0, 3.0, 3.0)}","(3173, 3748)",939.1534430065243,0.3811499362851154,Chopin_Op030No2,Chopin_Op030No2_Fiorentino-1961_pid9065-14__Chopin_Op030No2_Rubinstein-1952_pid9075-19
offline_dtw,Chopin_Op030No2_Fiorentino-1961_pid9065-14,Chopin_Op030No2_Rubinstein-1966_pid9059-19,193,-0.007751821325766978,0.0525208104813599,0.03074822902494212,0.10668871684373248,0.9229249478458001,0.1538754952380968,0.18652849740932642,0.3316062176165803,0.7357512953367875,0.9015544041450777,0.9585492227979274,0.9844559585492227,cosine,"{'transitions': ((1, 1), (1, 2), (2, 1)), 'weights': (2.0, 3.0, 3.0)}","(3173, 4007)",1275.9929812717423,0.500978791233507,Chopin_Op030No2,Chopin_Op030No2_Fiorentino-1961_pid9065-14__Chopin_Op030No2_Rubinstein-1966_pid9059-19
offline_dtw,Chopin_Op030No2_Fiorentino-1961_pid9065-14,Chopin_Op030No2_Shebanova-2002_pid9072-19,193,-0.0032826909579036197,0.04727352056090082,0.029058886621314173,0.08502115412505541,0.5557592800453506,0.1302313256235854,0.21243523316062177,0.34196891191709844,0.7461139896373057,0.9067357512953368,0.9740932642487047,0.9948186528497409,cosine,"{'transitions': ((1, 1), (1, 2), (2, 1)), 'weights': (2.0, 3.0, 3.0)}","(3173, 3361)",1033.678522393785,0.43818504552513143,Chopin_Op030No2,Chopin_Op030No2_Fiorentino-1961_pid9065-14__Chopin_Op030No2_Shebanova-2002_pid9072-19
offline_dtw,Chopin_Op030No2_Fiorentino-1961_pid9065-14,Chopin_Op030No2_Smith-1975_pid9054-19,193,-0.015336116815292757,0.0682688606029631,0.032278981859413136,0.16763593396836804,1.5093311009070334,0.21098426621315552,0.16062176165803108,0.30569948186528495,0.694300518134715,0.8756476683937824,0.9430051813471503,0.9792746113989638,cosine,"{'transitions': ((1, 1), (1, 2), (2, 1)), 'weights': (2.0, 3.0, 3.0)}","(3173, 3004)",966.652440247441,0.4385900364099097,Chopin_Op030No2,Chopin_Op030No2_Fiorentino-1961_pid9065-14__Chopin_Op030No2_Smith-1975_pid9054-19
offline_dtw,Chopin_Op030No2_Fiorentino-1961_pid9065-14,Chopin_Op030No2_Sofronitsky-1960_pid5667291-15,193,-0.005062560031957213,0.04663088559914466,0.029863713151925708,0.07077644025000554,0.35038582766440385,0.1370475174603175,0.17098445595854922,0.34196891191709844,0.7046632124352331,0.8963730569948186,0.9792746113989638,1.0,cosine,"{'transitions': ((1, 1), (1, 2), (2, 1)), 'weights': (2.0, 3.0, 3.0)}","(3173, 2931)",779.5002383379294,0.35544926508797514,Chopin_Op030No2,Chopin_Op030No2_Fiorentino-1961_pid9065-14__Chopin_Op030No2_Sofronitsky-1960_pid5667291-15
offline_dtw,Chopin_Op030No2_Fiorentino-1961_pid9065-14,Chopin_Op030No2_Uninsky-1959_pid9061-19,193,-0.004512366753609535,0.052322175431485665,0.02849199319727802,0.0887067788565942,0.43961485260770417,0.20866894829932217,0.22797927461139897,0.37823834196891193,0.7150259067357513,0.8652849740932642,0.9378238341968912,1.0,cosine,"{'transitions': ((1, 1), (1, 2), (2, 1)), 'weights': (2.0, 3.0, 3.0)}","(3173, 3878)",1142.332717672851,0.45511263652304823,Chopin_Op030No2,Chopin_Op030No2_Fiorentino-1961_pid9065-14__Chopin_Op030No2_Uninsky-1959_pid9061-19
offline_dtw,Chopin_Op030No2_Fiorentino-1961_pid9065-14,Chopin_Op030No2_Yaroshinskiy-2005_pid9081-10,193,-1.0428227196609212,1.1500003323875316,1.1080724217687035,1.4714677228894006,2.9839907891156514,2.5950703814058884,0.025906735751295335,0.031088082901554404,0.06735751295336788,0.12435233160621761,0.24352331606217617,0.39896373056994816,cosine,"{'transitions': ((1, 1), (1, 2), (2, 1)), 'weights': (2.0, 3.0, 3.0)}","(3173, 3381)",3409.1745884457396,1.5018390257470218,Chopin_Op030No2,Chopin_Op030No2_Fiorentino-1961_pid9065-14__Chopin_Op030No2_Yaroshinskiy-2005_pid9081-10
offline_dtw,Chopin_Op030No2_Fliere-1977_pid9063-19,Chopin_Op030No2_Olejniczac-1990_pid9100b-19,193,-0.01692387050744347,0.04996212098621866,0.027346798185938326,0.07895071321133801,0.3988662131519334,0.17525174693878107,0.21761658031088082,0.37305699481865284,0.7046632124352331,0.844559585492228,0.9637305699481865,1.0,cosine,"{'transitions': ((1, 1), (1, 2), (2, 1)), 'weights': (2.0, 3.0, 3.0)}","(4247, 3235)",851.4626739477943,0.321306669414262,Chopin_Op030No2,Chopin_Op030No2_Fliere-1977_pid9063-19__Chopin_Op030No2_Olejniczac-1990_pid9100b-19
offline_dtw,Chopin_Op030No2_Fliere-1977_pid9063-19,Chopin_Op030No2_Poblocka-1999_pid9093-19,193,0.004704620833480752,0.03921791269253832,0.022369684807244994,0.06963280915198673,0.5594445147392264,0.14185473469387921,0.25906735751295334,0.45077720207253885,0.7875647668393783,0.9119170984455959,0.9792746113989638,0.9948186528497409,cosine,"{'transitions': ((1, 1), (1, 2), (2, 1)), 'weights': (2.0, 3.0, 3.0)}","(4247, 3732)",1131.0945787545265,0.4003874615060271,Chopin_Op030No2,Chopin_Op030No2_Fliere-1977_pid9063-19__Chopin_Op030No2_Poblocka-1999_pid9093-19
offline_dtw,Chopin_Op030No2_Fliere-1977_pid9063-19,Chopin_Op030No2_Rangell-2001_pid9094-19,193,0.0011763878432192,0.05688081710784461,0.027188349206355156,0.09591703427912741,0.4609525600907034,0.20554622993197827,0.24352331606217617,0.38860103626943004,0.694300518134715,0.8238341968911918,0.9430051813471503,1.0,cosine,"{'transitions': ((1, 1), (1, 2), (2, 1)), 'weights': (2.0, 3.0, 3.0)}","(4247, 3908)",1221.2104227920515,0.4237371349035571,Chopin_Op030No2,Chopin_Op030No2_Fliere-1977_pid9063-19__Chopin_Op030No2_Rangell-2001_pid9094-19
offline_dtw,Chopin_Op030No2_Fliere-1977_pid9063-19,Chopin_Op030No2_Rubinstein-1939_pid9049-19,193,-0.023291943721875985,0.05235710681094477,0.028662201814057653,0.11296783660727834,1.0980042800453447,0.1789795637188148,0.22279792746113988,0.35233160621761656,0.7357512953367875,0.8911917098445595,0.9740932642487047,0.9896373056994818,cosine,"{'transitions': ((1, 1), (1, 2), (2, 1)), 'weights': (2.0, 3.0, 3.0)}","(4247, 3516)",1151.6745016709872,0.41909552462554117,Chopin_Op030No2,Chopin_Op030No2_Fliere-1977_pid9063-19__Chopin_Op030No2_Rubinstein-1939_pid9049-19
offline_dtw,Chopin_Op030No2_Fliere-1977_pid9063-19,Chopin_Op030No2_Rubinstein-1952_pid9075-19,193,0.013220944133094171,0.04731632462726003,0.021530682539676604,0.09593876025208958,0.7920180000000001,0.16606822131519125,0.2849740932642487,0.46113989637305697,0.7512953367875648,0.9015544041450777,0.9585492227979274,0.9948186528497409,cosine,"{'transitions': ((1, 1), (1, 2), (2, 1)), 'weights': (2.0, 3.0, 3.0)}","(4247, 3748)",925.9312694965458,0.3210579991319507,Chopin_Op030No2,Chopin_Op030No2_Fliere-1977_pid9063-19__Chopin_Op030No2_Rubinstein-1952_pid9075-19
offline_dtw,Chopin_Op030No2_Fliere-1977_pid9063-19,Chopin_Op030No2_Rubinstein-1966_pid9059-19,193,0.02050638910624679,0.08037432376957666,0.03043069841269741,0.17280533684824873,1.393288,0.332094921541946,0.18134715025906736,0.32124352331606215,0.694300518134715,0.8134715025906736,0.8808290155440415,0.9740932642487047,cosine,"{'transitions': ((1, 1), (1, 2), (2, 1)), 'weights': (2.0, 3.0, 3.0)}","(4247, 4007)",1268.8738805448988,0.4315897552873806,Chopin_Op030No2,Chopin_Op030No2_Fliere-1977_pid9063-19__Chopin_Op030No2_Rubinstein-1966_pid9059-19
offline_dtw,Chopin_Op030No2_Fliere-1977_pid9063-19,Chopin_Op030No2_Shebanova-2002_pid9072-19,193,-0.0005258564907834643,0.06610393743023928,0.02895691609977291,0.1580794215836753,1.252018,0.24695235283445732,0.17098445595854922,0.35233160621761656,0.7512953367875648,0.8756476683937824,0.927461139896373,0.9792746113989638,cosine,"{'transitions': ((1, 1), (1, 2), (2, 1)), 'weights': (2.0, 3.0, 3.0)}","(4247, 3361)",1015.5740629999742,0.37558212389052303,Chopin_Op030No2,Chopin_Op030No2_Fliere-1977_pid9063-19__Chopin_Op030No2_Shebanova-2002_pid9072-19
offline_dtw,Chopin_Op030No2_Fliere-1977_pid9063-19,Chopin_Op030No2_Smith-1975_pid9054-19,193,0.0365421597934508,0.06266363258844099,0.03977324263037474,0.09141983953861939,0.4153062630385307,0.20915195555555205,0.09844559585492228,0.29015544041450775,0.616580310880829,0.8082901554404145,0.9430051813471503,1.0,cosine,"{'transitions': ((1, 1), (1, 2), (2, 1)), 'weights': (2.0, 3.0, 3.0)}","(4247, 3004)",1580.657358568482,0.6252600310793046,Chopin_Op030No2,Chopin_Op030No2_Fliere-1977_pid9063-19__Chopin_Op030No2_Smith-1975_pid9054-19
offline_dtw,Chopin_Op030No2_Fliere-1977_pid9063-19,Chopin_Op030No2_Sofronitsky-1960_pid5667291-15,193,0.003323958672588506,0.049011039964518076,0.024194503401368195,0.08489371333071317,0.46759628004535614,0.17556934807256386,0.23834196891191708,0.44041450777202074,0.7202072538860104,0.8704663212435233,0.9637305699481865,1.0,cosine,"{'transitions': ((1, 1), (1, 2), (2, 1)), 'weights': (2.0, 3.0, 3.0)}","(4247, 2931)",914.0037891078126,0.358432858473652,Chopin_Op030No2,Chopin_Op030No2_Fliere-1977_pid9063-19__Chopin_Op030No2_Sofronitsky-1960_pid5667291-15
offline_dtw,Chopin_Op030No2_Fliere-1977_pid9063-19,Chopin_Op030No2_Uninsky-1959_pid9061-19,193,-0.0032169502073715766,0.06928146975197676,0.03303854875283463,0.12898196837803264,0.9584587437641687,0.267088379138309,0.20207253886010362,0.33678756476683935,0.6321243523316062,0.8082901554404145,0.917098445595855,0.9896373056994818,cosine,"{'transitions': ((1, 1), (1, 2), (2, 1)), 'weights': (2.0, 3.0, 3.0)}","(4247, 3878)",1174.4275799635602,0.4056744663086564,Chopin_Op030No2,Chopin_Op030No2_Fliere-1977_pid9063-19__Chopin_Op030No2_Uninsky-1959_pid9061-19
offline_dtw,Chopin_Op030No2_Fliere-1977_pid9063-19,Chopin_Op030No2_Yaroshinskiy-2005_pid9081-10,193,-0.02750422265693769,0.42248679755148977,0.33378580952380954,0.5722663559691626,1.9511563219954624,1.1770656752834496,0.031088082901554404,0.05699481865284974,0.14507772020725387,0.22279792746113988,0.3471502590673575,0.689119170984456,cosine,"{'transitions': ((1, 1), (1, 2), (2, 1)), 'weights': (2.0, 3.0, 3.0)}","(4247, 3381)",3878.6389644183655,1.4714108362740386,Chopin_Op030No2,Chopin_Op030No2_Fliere-1977_pid9063-19__Chopin_Op030No2_Yaroshinskiy-2005_pid9081-10
offline_dtw,Chopin_Op030No2_Fou-1978_pid9071-30,Chopin_Op030No2_Olejniczac-1990_pid9100b-19,193,-0.0005705123717878101,0.054903280562310815,0.0320975578231355,0.09757595754822022,0.6775968208616661,0.17914750884352892,0.17098445595854922,0.3316062176165803,0.6994818652849741,0.8601036269430051,0.9637305699481865,0.9896373056994818,cosine,"{'transitions': ((1, 1), (1, 2), (2, 1)), 'weights': (2.0, 3.0, 3.0)}","(3477, 3235)",858.5625597465157,0.3568422941589841,Chopin_Op030No2,Chopin_Op030No2_Fou-1978_pid9071-30__Chopin_Op030No2_Olejniczac-1990_pid9100b-19
offline_dtw,Chopin_Op030No2_Fou-1978_pid9071-30,Chopin_Op030No2_Poblocka-1999_pid9093-19,193,0.017469302674092513,0.05313499685711955,0.029977104308386515,0.10081521509438585,0.792131448979589,0.1551020589569106,0.22797927461139897,0.35751295336787564,0.6994818652849741,0.8601036269430051,0.9740932642487047,0.9896373056994818,cosine,"{'transitions': ((1, 1), (1, 2), (2, 1)), 'weights': (2.0, 3.0, 3.0)}","(3477, 3732)",1033.2347362615624,0.4036073188521728,Chopin_Op030No2,Chopin_Op030No2_Fou-1978_pid9071-30__Chopin_Op030No2_Poblocka-1999_pid9093-19
offline_dtw,Chopin_Op030No2_Fou-1978_pid9071-30,Chopin_Op030No2_Rangell-2001_pid9094-19,193,-0.04318170402288663,0.1095713372634026,0.033288069160995803,0.2999443734222455,2.3273920487528272,0.383337856689341,0.16580310880829016,0.32124352331606215,0.6580310880829016,0.8031088082901554,0.8963730569948186,0.9637305699481865,cosine,"{'transitions': ((1, 1), (1, 2), (2, 1)), 'weights': (2.0, 3.0, 3.0)}","(3477, 3908)",1330.270482729235,0.5136179469997046,Chopin_Op030No2,Chopin_Op030No2_Fou-1978_pid9071-30__Chopin_Op030No2_Rangell-2001_pid9094-19
offline_dtw,Chopin_Op030No2_Fou-1978_pid9071-30,Chopin_Op030No2_Rubinstein-1939_pid9049-19,193,0.008038516660204751,0.05191876765593851,0.03283460770975122,0.08928057514223757,0.436009,0.16751485396825466,0.18134715025906736,0.3626943005181347,0.7202072538860104,0.8911917098445595,0.9533678756476683,1.0,cosine,"{'transitions': ((1, 1), (1, 2), (2, 1)), 'weights': (2.0, 3.0, 3.0)}","(3477, 3516)",1151.8577675554136,0.4640845155340103,Chopin_Op030No2,Chopin_Op030No2_Fou-1978_pid9071-30__Chopin_Op030No2_Rubinstein-1939_pid9049-19
offline_dtw,Chopin_Op030No2_Fou-1978_pid9071-30,Chopin_Op030No2_Rubinstein-1952_pid9075-19,193,0.0341294906301034,0.05684671104296602,0.03210898412697816,0.09887332435792945,0.5541951791383184,0.21461455464852672,0.21761658031088082,0.37823834196891193,0.6580310880829016,0.8497409326424871,0.9430051813471503,0.9896373056994818,cosine,"{'transitions': ((1, 1), (1, 2), (2, 1)), 'weights': (2.0, 3.0, 3.0)}","(3477, 3748)",960.3135785908112,0.37163838180758946,Chopin_Op030No2,Chopin_Op030No2_Fou-1978_pid9071-30__Chopin_Op030No2_Rubinstein-1952_pid9075-19
offline_dtw,Chopin_Op030No2_Fou-1978_pid9071-30,Chopin_Op030No2_Rubinstein-1966_pid9059-19,193,0.03225352246425373,0.05625607988791364,0.029251841269832823,0.09838336764666883,0.6555555306122329,0.19334913605442114,0.20207253886010362,0.39378238341968913,0.694300518134715,0.8497409326424871,0.9481865284974094,0.9948186528497409,cosine,"{'transitions': ((1, 1), (1, 2), (2, 1)), 'weights': (2.0, 3.0, 3.0)}","(3477, 4007)",1170.9416055769873,0.44203156118421566,Chopin_Op030No2,Chopin_Op030No2_Fou-1978_pid9071-30__Chopin_Op030No2_Rubinstein-1966_pid9059-19
offline_dtw,Chopin_Op030No2_Fou-1978_pid9071-30,Chopin_Op030No2_Shebanova-2002_pid9072-19,193,0.022418451082677985,0.05817775304595041,0.030204222222221855,0.1032888972254567,0.741178978458052,0.19769149750567155,0.19170984455958548,0.31088082901554404,0.6683937823834197,0.8497409326424871,0.9481865284974094,0.9948186528497409,cosine,"{'transitions': ((1, 1), (1, 2), (2, 1)), 'weights': (2.0, 3.0, 3.0)}","(3477, 3361)",911.7668389811745,0.3706369264151116,Chopin_Op030No2,Chopin_Op030No2_Fou-1978_pid9071-30__Chopin_Op030No2_Shebanova-2002_pid9072-19
offline_dtw,Chopin_Op030No2_Fou-1978_pid9071-30,Chopin_Op030No2_Smith-1975_pid9054-19,193,0.027126585051637078,0.07913096606276383,0.04417247619047515,0.1340732983560074,1.091031978458048,0.2325331623582765,0.12953367875647667,0.24352331606217617,0.5492227979274611,0.7512953367875648,0.9119170984455959,0.9948186528497409,cosine,"{'transitions': ((1, 1), (1, 2), (2, 1)), 'weights': (2.0, 3.0, 3.0)}","(3477, 3004)",1400.4147527624627,0.6188310882732933,Chopin_Op030No2,Chopin_Op030No2_Fou-1978_pid9071-30__Chopin_Op030No2_Smith-1975_pid9054-19
offline_dtw,Chopin_Op030No2_Fou-1978_pid9071-30,Chopin_Op030No2_Sofronitsky-1960_pid5667291-15,193,0.008709280574060611,0.066877618560032,0.03326498185941418,0.133774525908295,1.2113833265305942,0.18627431269841135,0.17098445595854922,0.3160621761658031,0.6113989637305699,0.8341968911917098,0.9533678756476683,0.9844559585492227,cosine,"{'transitions': ((1, 1), (1, 2), (2, 1)), 'weights': (2.0, 3.0, 3.0)}","(3477, 2931)",855.1631685755431,0.3740871253611299,Chopin_Op030No2,Chopin_Op030No2_Fou-1978_pid9071-30__Chopin_Op030No2_Sofronitsky-1960_pid5667291-15
offline_dtw,Chopin_Op030No2_Fou-1978_pid9071-30,Chopin_Op030No2_Uninsky-1959_pid9061-19,193,0.0181610663823397,0.05741745342074658,0.027845734693876523,0.10557057253231855,0.7882541111111152,0.21297507074830085,0.16062176165803108,0.3626943005181347,0.6994818652849741,0.8652849740932642,0.9378238341968912,0.9948186528497409,cosine,"{'transitions': ((1, 1), (1, 2), (2, 1)), 'weights': (2.0, 3.0, 3.0)}","(3477, 3878)",1205.8367590070764,0.46557403822667043,Chopin_Op030No2,Chopin_Op030No2_Fou-1978_pid9071-30__Chopin_Op030No2_Uninsky-1959_pid9061-19
offline_dtw,Chopin_Op030No2_Fou-1978_pid9071-30,Chopin_Op030No2_Yaroshinskiy-2005_pid9081-10,193,-0.09357642158072128,0.6938217218168787,0.3974603174603146,1.0457124180639514,4.142743623582774,2.0930697841269845,0.031088082901554404,0.06735751295336788,0.12435233160621761,0.17616580310880828,0.29015544041450775,0.6062176165803109,cosine,"{'transitions': ((1, 1), (1, 2), (2, 1)), 'weights': (2.0, 3.0, 3.0)}","(3477, 3381)",3505.2001260695897,1.4789873949660717,Chopin_Op030No2,Chopin_Op030No2_Fou-1978_pid9071-30__Chopin_Op030No2_Yaroshinskiy-2005_pid9081-10
offline_dtw,Chopin_Op030No2_Fou-2005_pid9092-13,Chopin_Op030No2_Olejniczac-1990_pid9100b-19,193,-0.04932898282283602,0.06734999096495299,0.04031760090703074,0.10841685167659108,0.6282089637188264,0.21200903106575594,0.09844559585492228,0.23834196891191708,0.6062176165803109,0.8082901554404145,0.9326424870466321,0.9896373056994818,cosine,"{'transitions': ((1, 1), (1, 2), (2, 1)), 'weights': (2.0, 3.0, 3.0)}","(4202, 3235)",1093.869117040443,0.41655335759346646,Chopin_Op030No2,Chopin_Op030No2_Fou-2005_pid9092-13__Chopin_Op030No2_Olejniczac-1990_pid9100b-19
offline_dtw,Chopin_Op030No2_Fou-2005_pid9092-13,Chopin_Op030No2_Poblocka-1999_pid9093-19,193,-0.024358201302973302,0.046857389335353786,0.025102111111110048,0.0907226017786002,0.6890817029478455,0.16567326621315395,0.18134715025906736,0.39896373056994816,0.7927461139896373,0.8860103626943006,0.9740932642487047,0.9896373056994818,cosine,"{'transitions': ((1, 1), (1, 2), (2, 1)), 'weights': (2.0, 3.0, 3.0)}","(4202, 3732)",1053.8102375449903,0.3715832995574719,Chopin_Op030No2,Chopin_Op030No2_Fou-2005_pid9092-13__Chopin_Op030No2_Poblocka-1999_pid9093-19
offline_dtw,Chopin_Op030No2_Fou-2005_pid9092-13,Chopin_Op030No2_Rangell-2001_pid9094-19,193,-0.011177723914091055,0.05145842787235843,0.024762045351479856,0.12735518645696212,1.374966534013609,0.1875014829931982,0.25906735751295334,0.41968911917098445,0.7564766839378239,0.8860103626943006,0.9637305699481865,0.9896373056994818,cosine,"{'transitions': ((1, 1), (1, 2), (2, 1)), 'weights': (2.0, 3.0, 3.0)}","(4202, 3908)",1025.928409009133,0.35303799346494597,Chopin_Op030No2,Chopin_Op030No2_Fou-2005_pid9092-13__Chopin_Op030No2_Rangell-2001_pid9094-19
offline_dtw,Chopin_Op030No2_Fou-2005_pid9092-13,Chopin_Op030No2_Rubinstein-1939_pid9049-19,193,-0.023989184742636883,0.06179991096542202,0.03782286848073113,0.09808869543543003,0.4695919773242707,0.20984355147391115,0.11398963730569948,0.25906735751295334,0.6424870466321243,0.8497409326424871,0.9481865284974094,1.0,cosine,"{'transitions': ((1, 1), (1, 2), (2, 1)), 'weights': (2.0, 3.0, 3.0)}","(4202, 3516)",1161.477766837719,0.4248272738982147,Chopin_Op030No2,Chopin_Op030No2_Fou-2005_pid9092-13__Chopin_Op030No2_Rubinstein-1939_pid9049-19
offline_dtw,Chopin_Op030No2_Fou-2005_pid9092-13,Chopin_Op030No2_Rubinstein-1952_pid9075-19,193,0.1804367699352625,0.24861471530201062,0.03256255102040839,0.7960623739687426,4.783402342403619,1.6365352879818644,0.15544041450777202,0.3160621761658031,0.6735751295336787,0.8134715025906736,0.8860103626943006,0.9067357512953368,cosine,"{'transitions': ((1, 1), (1, 2), (2, 1)), 'weights': (2.0, 3.0, 3.0)}","(4202, 3748)",1383.8266067390268,0.48863933853779196,Chopin_Op030No2,Chopin_Op030No2_Fou-2005_pid9092-13__Chopin_Op030No2_Rubinstein-1952_pid9075-19
offline_dtw,Chopin_Op030No2_Fou-2005_pid9092-13,Chopin_Op030No2_Rubinstein-1966_pid9059-19,193,-0.020117130655716794,0.07403150864732798,0.025079505668927027,0.21001246747390934,1.9932880000000002,0.24488914829932187,0.22279792746113988,0.39896373056994816,0.7461139896373057,0.8393782383419689,0.9378238341968912,0.9792746113989638,cosine,"{'transitions': ((1, 1), (1, 2), (2, 1)), 'weights': (2.0, 3.0, 3.0)}","(4202, 4007)",1321.3146548876036,0.4540600188617195,Chopin_Op030No2,Chopin_Op030No2_Fou-2005_pid9092-13__Chopin_Op030No2_Rubinstein-1966_pid9059-19
offline_dtw,Chopin_Op030No2_Fou-2005_pid9092-13,Chopin_Op030No2_Shebanova-2002_pid9072-19,193,-0.04237838730276268,0.08396209545545372,0.030974916099779648,0.23196384080413177,1.8520180000000002,0.2516554594104335,0.16580310880829016,0.32642487046632124,0.6839378238341969,0.844559585492228,0.9326424870466321,0.9637305699481865,cosine,"{'transitions': ((1, 1), (1, 2), (2, 1)), 'weights': (2.0, 3.0, 3.0)}","(4202, 3361)",1076.1749486108733,0.3997678115196409,Chopin_Op030No2,Chopin_Op030No2_Fou-2005_pid9092-13__Chopin_Op030No2_Shebanova-2002_pid9072-19
offline_dtw,Chopin_Op030No2_Fou-2005_pid9092-13,Chopin_Op030No2_Smith-1975_pid9054-19,193,0.033139627730193355,0.0752653268008414,0.03084034240362854,0.16833954216157215,0.9662586439909262,0.25191397278912037,0.16062176165803108,0.32124352331606215,0.6476683937823834,0.8549222797927462,0.9430051813471503,0.9637305699481865,cosine,"{'transitions': ((1, 1), (1, 2), (2, 1)), 'weights': (2.0, 3.0, 3.0)}","(4202, 3004)",1384.0145802410434,0.5425380557589351,Chopin_Op030No2,Chopin_Op030No2_Fou-2005_pid9092-13__Chopin_Op030No2_Smith-1975_pid9054-19
offline_dtw,Chopin_Op030No2_Fou-2005_pid9092-13,Chopin_Op030No2_Sofronitsky-1960_pid5667291-15,193,0.18365213665362534,0.24100152565413072,0.034035773242624856,0.6792384958849682,3.232562238095241,2.129251192743767,0.18134715025906736,0.3160621761658031,0.616580310880829,0.7875647668393783,0.8704663212435233,0.9015544041450777,cosine,"{'transitions': ((1, 1), (1, 2), (2, 1)), 'weights': (2.0, 3.0, 3.0)}","(4202, 2931)",1335.3937180841135,0.5354425493520905,Chopin_Op030No2,Chopin_Op030No2_Fou-2005_pid9092-13__Chopin_Op030No2_Sofronitsky-1960_pid5667291-15
offline_dtw,Chopin_Op030No2_Fou-2005_pid9092-13,Chopin_Op030No2_Uninsky-1959_pid9061-19,193,0.016739400385369894,0.08448336296452968,0.028526052154184356,0.26789299839251685,2.964808133786846,0.32009979047620013,0.20207253886010362,0.39378238341968913,0.7150259067357513,0.8549222797927462,0.917098445595855,0.9740932642487047,cosine,"{'transitions': ((1, 1), (1, 2), (2, 1)), 'weights': (2.0, 3.0, 3.0)}","(4202, 3878)",1208.6699979756024,0.42069961642032805,Chopin_Op030No2,Chopin_Op030No2_Fou-2005_pid9092-13__Chopin_Op030No2_Uninsky-1959_pid9061-19
offline_dtw,Chopin_Op030No2_Fou-2005_pid9092-13,Chopin_Op030No2_Yaroshinskiy-2005_pid9081-10,193,0.7122971069460602,1.0718423094298175,0.483129049886621,1.707597685056058,5.455146963718846,4.037514879818604,0.015544041450777202,0.031088082901554404,0.07772020725388601,0.14507772020725387,0.24870466321243523,0.5129533678756477,cosine,"{'transitions': ((1, 1), (1, 2), (2, 1)), 'weights': (2.0, 3.0, 3.0)}","(4202, 3381)",3536.837423348725,1.3478801156054594,Chopin_Op030No2,Chopin_Op030No2_Fou-2005_pid9092-13__Chopin_Op030No2_Yaroshinskiy-2005_pid9081-10
offline_dtw,Chopin_Op030No2_Francois-1956_pid9070b-02,Chopin_Op030No2_Olejniczac-1990_pid9100b-19,193,-0.016109406230541103,0.04591732552606568,0.030181405895689295,0.07629438585339794,0.5555554648526169,0.13541929546485107,0.16062176165803108,0.32642487046632124,0.7150259067357513,0.917098445595855,0.9689119170984456,0.9948186528497409,cosine,"{'transitions': ((1, 1), (1, 2), (2, 1)), 'weights': (2.0, 3.0, 3.0)}","(3180, 3235)",764.4184087494325,0.3316348844899924,Chopin_Op030No2,Chopin_Op030No2_Francois-1956_pid9070b-02__Chopin_Op030No2_Olejniczac-1990_pid9100b-19
offline_dtw,Chopin_Op030No2_Francois-1956_pid9070b-02,Chopin_Op030No2_Poblocka-1999_pid9093-19,193,0.007250143885188318,0.04191606649395514,0.027687074829930935,0.06543045042419957,0.35304448185940984,0.14586367800453456,0.19170984455958548,0.38341968911917096,0.7512953367875648,0.9119170984455959,0.9844559585492227,1.0,cosine,"{'transitions': ((1, 1), (1, 2), (2, 1)), 'weights': (2.0, 3.0, 3.0)}","(3180, 3732)",793.7081008160261,0.3206901417438489,Chopin_Op030No2,Chopin_Op030No2_Francois-1956_pid9070b-02__Chopin_Op030No2_Poblocka-1999_pid9093-19
offline_dtw,Chopin_Op030No2_Francois-1956_pid9070b-02,Chopin_Op030No2_Rangell-2001_pid9094-19,193,-0.01211322544147189,0.04308579907887177,0.024466979591835525,0.08423895958987966,0.6029365782312937,0.1487121086167804,0.22279792746113988,0.41968911917098445,0.7927461139896373,0.917098445595855,0.9740932642487047,0.9948186528497409,cosine,"{'transitions': ((1, 1), (1, 2), (2, 1)), 'weights': (2.0, 3.0, 3.0)}","(3180, 3908)",875.5631805761133,0.34634619484814605,Chopin_Op030No2,Chopin_Op030No2_Francois-1956_pid9070b-02__Chopin_Op030No2_Rangell-2001_pid9094-19
offline_dtw,Chopin_Op030No2_Francois-1956_pid9070b-02,Chopin_Op030No2_Rubinstein-1939_pid9049-19,193,-0.012770677340711856,0.04431922411969864,0.02689356462585124,0.07467989821117009,0.4326863809523793,0.1593446893424037,0.17616580310880828,0.3471502590673575,0.7772020725388601,0.9119170984455959,0.9637305699481865,1.0,cosine,"{'transitions': ((1, 1), (1, 2), (2, 1)), 'weights': (2.0, 3.0, 3.0)}","(3180, 3516)",803.010498932539,0.3330611774917209,Chopin_Op030No2,Chopin_Op030No2_Francois-1956_pid9070b-02__Chopin_Op030No2_Rubinstein-1939_pid9049-19
offline_dtw,Chopin_Op030No2_Francois-1956_pid9070b-02,Chopin_Op030No2_Rubinstein-1952_pid9075-19,193,0.007705296482323379,0.04134215678568528,0.02299333786847768,0.08976143280404697,0.7461683276644067,0.1480272219954635,0.21761658031088082,0.44559585492227977,0.8134715025906736,0.927461139896373,0.9740932642487047,0.9896373056994818,cosine,"{'transitions': ((1, 1), (1, 2), (2, 1)), 'weights': (2.0, 3.0, 3.0)}","(3180, 3748)",947.3072937755101,0.38136364483716184,Chopin_Op030No2,Chopin_Op030No2_Francois-1956_pid9070b-02__Chopin_Op030No2_Rubinstein-1952_pid9075-19
offline_dtw,Chopin_Op030No2_Francois-1956_pid9070b-02,Chopin_Op030No2_Rubinstein-1966_pid9059-19,193,0.00016050560431410643,0.05547328360532458,0.0276758072562302,0.10101506659393854,0.6159182267573797,0.2279727188208606,0.14507772020725387,0.35233160621761656,0.7305699481865285,0.8808290155440415,0.927461139896373,0.9896373056994818,cosine,"{'transitions': ((1, 1), (1, 2), (2, 1)), 'weights': (2.0, 3.0, 3.0)}","(3180, 4007)",1259.6303103948464,0.49416646151229754,Chopin_Op030No2,Chopin_Op030No2_Francois-1956_pid9070b-02__Chopin_Op030No2_Rubinstein-1966_pid9059-19
offline_dtw,Chopin_Op030No2_Francois-1956_pid9070b-02,Chopin_Op030No2_Shebanova-2002_pid9072-19,193,0.012727422591143204,0.04967272289779474,0.028242961451246273,0.08107853698163221,0.3687756507936495,0.19238075283446807,0.22797927461139897,0.38341968911917096,0.7357512953367875,0.8860103626943006,0.9533678756476683,1.0,cosine,"{'transitions': ((1, 1), (1, 2), (2, 1)), 'weights': (2.0, 3.0, 3.0)}","(3180, 3361)",952.1910426869692,0.4043274066611334,Chopin_Op030No2,Chopin_Op030No2_Francois-1956_pid9070b-02__Chopin_Op030No2_Shebanova-2002_pid9072-19
offline_dtw,Chopin_Op030No2_Francois-1956_pid9070b-02,Chopin_Op030No2_Smith-1975_pid9054-19,193,0.024182170955082783,0.050514684131683696,0.02589555102040797,0.08105505664183989,0.3399319727891168,0.2020112956916108,0.16580310880829016,0.35233160621761656,0.7150259067357513,0.8704663212435233,0.9430051813471503,1.0,cosine,"{'transitions': ((1, 1), (1, 2), (2, 1)), 'weights': (2.0, 3.0, 3.0)}","(3180, 3004)",1116.182366860588,0.5092072841517281,Chopin_Op030No2,Chopin_Op030No2_Francois-1956_pid9070b-02__Chopin_Op030No2_Smith-1975_pid9054-19
offline_dtw,Chopin_Op030No2_Francois-1956_pid9070b-02,Chopin_Op030No2_Sofronitsky-1960_pid5667291-15,193,0.00010133971896199638,0.04266461757310873,0.027574069161005355,0.06511721504643578,0.3538091995464896,0.14802737324263263,0.16062176165803108,0.34196891191709844,0.7616580310880829,0.8911917098445595,0.9844559585492227,1.0,cosine,"{'transitions': ((1, 1), (1, 2), (2, 1)), 'weights': (2.0, 3.0, 3.0)}","(3180, 2931)",618.4007544244495,0.2832802356502288,Chopin_Op030No2,Chopin_Op030No2_Francois-1956_pid9070b-02__Chopin_Op030No2_Sofronitsky-1960_pid5667291-15
offline_dtw,Chopin_Op030No2_Francois-1956_pid9070b-02,Chopin_Op030No2_Uninsky-1959_pid9061-19,193,-0.0016094568279814009,0.043877498407998886,0.02174603174603007,0.07638744304584857,0.558549253968252,0.14780505895691534,0.24870466321243523,0.46113989637305697,0.7461139896373057,0.8911917098445595,0.9740932642487047,0.9948186528497409,cosine,"{'transitions': ((1, 1), (1, 2), (2, 1)), 'weights': (2.0, 3.0, 3.0)}","(3180, 3878)",809.273956219399,0.31974474761730504,Chopin_Op030No2,Chopin_Op030No2_Francois-1956_pid9070b-02__Chopin_Op030No2_Uninsky-1959_pid9061-19
offline_dtw,Chopin_Op030No2_Francois-1956_pid9070b-02,Chopin_Op030No2_Yaroshinskiy-2005_pid9081-10,193,-0.10990872511837199,0.36096764997121505,0.23488669160997233,0.5288344180802614,1.5114735464852913,1.2634036702947862,0.025906735751295335,0.06735751295336788,0.21761658031088082,0.3160621761658031,0.43005181347150256,0.772020725388601,cosine,"{'transitions': ((1, 1), (1, 2), (2, 1)), 'weights': (2.0, 3.0, 3.0)}","(3180, 3381)",3266.0619570725157,1.4350008598736887,Chopin_Op030No2,Chopin_Op030No2_Francois-1956_pid9070b-02__Chopin_Op030No2_Yaroshinskiy-2005_pid9081-10
offline_dtw,Chopin_Op030No2_Hatto-2006_pid9073-21,Chopin_Op030No2_Olejniczac-1990_pid9100b-19,193,-0.0046626280650437875,0.05296425548976118,0.034693852607702524,0.08008168103189334,0.41956902040816146,0.17744209251700643,0.13989637305699482,0.32642487046632124,0.6373056994818653,0.8704663212435233,0.9689119170984456,1.0,cosine,"{'transitions': ((1, 1), (1, 2), (2, 1)), 'weights': (2.0, 3.0, 3.0)}","(4004, 3235)",994.4338513160133,0.3879960403105787,Chopin_Op030No2,Chopin_Op030No2_Hatto-2006_pid9073-21__Chopin_Op030No2_Olejniczac-1990_pid9100b-19
offline_dtw,Chopin_Op030No2_Hatto-2006_pid9073-21,Chopin_Op030No2_Poblocka-1999_pid9093-19,193,0.015379000816561638,0.0537146464523633,0.029228954648523597,0.09967473413874764,0.8299091247165507,0.14207792380952064,0.18652849740932642,0.36787564766839376,0.6424870466321243,0.8808290155440415,0.9637305699481865,0.9896373056994818,cosine,"{'transitions': ((1, 1), (1, 2), (2, 1)), 'weights': (2.0, 3.0, 3.0)}","(4004, 3732)",996.5052685916662,0.35974919443742465,Chopin_Op030No2,Chopin_Op030No2_Hatto-2006_pid9073-21__Chopin_Op030No2_Poblocka-1999_pid9093-19
offline_dtw,Chopin_Op030No2_Hatto-2006_pid9073-21,Chopin_Op030No2_Rangell-2001_pid9094-19,193,-0.05233728074442219,0.10789110173533953,0.03274362358276761,0.32294542922921576,2.2740023378684953,0.26577095011337043,0.17616580310880828,0.3471502590673575,0.6528497409326425,0.8186528497409327,0.9326424870466321,0.9533678756476683,cosine,"{'transitions': ((1, 1), (1, 2), (2, 1)), 'weights': (2.0, 3.0, 3.0)}","(4004, 3908)",1294.5340324585407,0.4623335830209074,Chopin_Op030No2,Chopin_Op030No2_Hatto-2006_pid9073-21__Chopin_Op030No2_Rangell-2001_pid9094-19
offline_dtw,Chopin_Op030No2_Hatto-2006_pid9073-21,Chopin_Op030No2_Rubinstein-1939_pid9049-19,193,-0.003072567715860646,0.06976218737443156,0.042721800453506376,0.11720062744400761,0.5412358979591829,0.28493410430838834,0.14507772020725387,0.30569948186528495,0.5906735751295337,0.8186528497409327,0.9326424870466321,0.9948186528497409,cosine,"{'transitions': ((1, 1), (1, 2), (2, 1)), 'weights': (2.0, 3.0, 3.0)}","(4004, 3516)",1207.1710231030834,0.45144765261895414,Chopin_Op030No2,Chopin_Op030No2_Hatto-2006_pid9073-21__Chopin_Op030No2_Rubinstein-1939_pid9049-19
offline_dtw,Chopin_Op030No2_Hatto-2006_pid9073-21,Chopin_Op030No2_Rubinstein-1952_pid9075-19,193,0.012871652702876985,0.06410928143174317,0.03070294784580696,0.11983680129992628,0.7994565600906895,0.21547848616780058,0.16062176165803108,0.3316062176165803,0.6683937823834197,0.8341968911917098,0.9430051813471503,0.9844559585492227,cosine,"{'transitions': ((1, 1), (1, 2), (2, 1)), 'weights': (2.0, 3.0, 3.0)}","(4004, 3748)",1171.9020706977865,0.42200290626495734,Chopin_Op030No2,Chopin_Op030No2_Hatto-2006_pid9073-21__Chopin_Op030No2_Rubinstein-1952_pid9075-19
offline_dtw,Chopin_Op030No2_Hatto-2006_pid9073-21,Chopin_Op030No2_Rubinstein-1966_pid9059-19,193,0.01837003213375164,0.05247148259372837,0.03145131746031993,0.08647158289449963,0.4876869342403687,0.15973252471654573,0.18134715025906736,0.3316062176165803,0.6787564766839378,0.8860103626943006,0.9585492227979274,1.0,cosine,"{'transitions': ((1, 1), (1, 2), (2, 1)), 'weights': (2.0, 3.0, 3.0)}","(4004, 4007)",1460.178873126076,0.5155998845784167,Chopin_Op030No2,Chopin_Op030No2_Hatto-2006_pid9073-21__Chopin_Op030No2_Rubinstein-1966_pid9059-19
offline_dtw,Chopin_Op030No2_Hatto-2006_pid9073-21,Chopin_Op030No2_Shebanova-2002_pid9072-19,193,0.013609523245566945,0.0716059410430836,0.03856016099773285,0.11912163125071024,0.6563717641723343,0.24711108299319584,0.12953367875647667,0.25906735751295334,0.5958549222797928,0.8134715025906736,0.9067357512953368,0.9896373056994818,cosine,"{'transitions': ((1, 1), (1, 2), (2, 1)), 'weights': (2.0, 3.0, 3.0)}","(4004, 3361)",1047.7879878772897,0.40099042781373506,Chopin_Op030No2,Chopin_Op030No2_Hatto-2006_pid9073-21__Chopin_Op030No2_Shebanova-2002_pid9072-19
offline_dtw,Chopin_Op030No2_Hatto-2006_pid9073-21,Chopin_Op030No2_Smith-1975_pid9054-19,193,0.012423073843007927,0.06587099358499879,0.043922902494330174,0.09876322036299182,0.467040946712018,0.19090717006803137,0.11917098445595854,0.2694300518134715,0.5906735751295337,0.7979274611398963,0.9585492227979274,1.0,cosine,"{'transitions': ((1, 1), (1, 2), (2, 1)), 'weights': (2.0, 3.0, 3.0)}","(4004, 3004)",1620.8149753588646,0.6629100103717237,Chopin_Op030No2,Chopin_Op030No2_Hatto-2006_pid9073-21__Chopin_Op030No2_Smith-1975_pid9054-19
offline_dtw,Chopin_Op030No2_Hatto-2006_pid9073-21,Chopin_Op030No2_Sofronitsky-1960_pid5667291-15,193,-0.0004793960205847108,0.10342426103533016,0.0473917823129284,0.1857102634480825,0.7847619092970604,0.4286026666666666,0.09844559585492228,0.24352331606217617,0.5077720207253886,0.7564766839378239,0.8497409326424871,0.9585492227979274,cosine,"{'transitions': ((1, 1), (1, 2), (2, 1)), 'weights': (2.0, 3.0, 3.0)}","(4004, 2931)",1092.955271792094,0.44719937471034943,Chopin_Op030No2,Chopin_Op030No2_Hatto-2006_pid9073-21__Chopin_Op030No2_Sofronitsky-1960_pid5667291-15
offline_dtw,Chopin_Op030No2_Hatto-2006_pid9073-21,Chopin_Op030No2_Uninsky-1959_pid9061-19,193,0.02518136049722105,0.054278487857318904,0.03154202040816356,0.11439216306263772,1.2564179070294728,0.1727256657596284,0.17616580310880828,0.32124352331606215,0.6424870466321243,0.8860103626943006,0.9637305699481865,0.9948186528497409,cosine,"{'transitions': ((1, 1), (1, 2), (2, 1)), 'weights': (2.0, 3.0, 3.0)}","(4004, 3878)",1011.8138346466676,0.3605893922475651,Chopin_Op030No2,Chopin_Op030No2_Hatto-2006_pid9073-21__Chopin_Op030No2_Uninsky-1959_pid9061-19
offline_dtw,Chopin_Op030No2_Hatto-2006_pid9073-21,Chopin_Op030No2_Yaroshinskiy-2005_pid9081-10,193,-1.016679874496258,1.1917879167694714,1.056462444444449,1.5112575964761352,3.1781179841269847,2.852090688888886,0.025906735751295335,0.05181347150259067,0.08808290155440414,0.12435233160621761,0.19170984455958548,0.33678756476683935,cosine,"{'transitions': ((1, 1), (1, 2), (2, 1)), 'weights': (2.0, 3.0, 3.0)}","(4004, 3381)",3666.3225730674226,1.4315980371212114,Chopin_Op030No2,Chopin_Op030No2_Hatto-2006_pid9073-21__Chopin_Op030No2_Yaroshinskiy-2005_pid9081-10
offline_dtw,Chopin_Op030No2_Indjic-1988_pid9050-19,Chopin_Op030No2_Olejniczac-1990_pid9100b-19,193,-0.016756569466474042,0.04617562038701538,0.030453665532878205,0.06939132458067818,0.31683680045351537,0.1579772968253955,0.16580310880829016,0.35233160621761656,0.7409326424870466,0.8808290155440415,0.9740932642487047,1.0,cosine,"{'transitions': ((1, 1), (1, 2), (2, 1)), 'weights': (2.0, 3.0, 3.0)}","(3964, 3235)",907.5851898571402,0.357598577563885,Chopin_Op030No2,Chopin_Op030No2_Indjic-1988_pid9050-19__Chopin_Op030No2_Olejniczac-1990_pid9100b-19
offline_dtw,Chopin_Op030No2_Indjic-1988_pid9050-19,Chopin_Op030No2_Poblocka-1999_pid9093-19,193,0.011332487733953569,0.047376448409760685,0.02315192743764527,0.09391246390478376,0.8156235827664347,0.1584013746031729,0.22797927461139897,0.43523316062176165,0.7461139896373057,0.8808290155440415,0.9792746113989638,0.9896373056994818,cosine,"{'transitions': ((1, 1), (1, 2), (2, 1)), 'weights': (2.0, 3.0, 3.0)}","(3964, 3732)",1003.1714296170269,0.3655872556913363,Chopin_Op030No2,Chopin_Op030No2_Indjic-1988_pid9050-19__Chopin_Op030No2_Poblocka-1999_pid9093-19
offline_dtw,Chopin_Op030No2_Indjic-1988_pid9050-19,Chopin_Op030No2_Rangell-2001_pid9094-19,193,-0.05534894095496603,0.10918681157402552,0.028594256235834337,0.3202780551967407,2.253480795918378,0.2919588589569151,0.20207253886010362,0.34196891191709844,0.6735751295336787,0.8031088082901554,0.9222797927461139,0.9585492227979274,cosine,"{'transitions': ((1, 1), (1, 2), (2, 1)), 'weights': (2.0, 3.0, 3.0)}","(3964, 3908)",1316.375551895345,0.47232707280062614,Chopin_Op030No2,Chopin_Op030No2_Indjic-1988_pid9050-19__Chopin_Op030No2_Rangell-2001_pid9094-19
offline_dtw,Chopin_Op030No2_Indjic-1988_pid9050-19,Chopin_Op030No2_Rubinstein-1939_pid9049-19,193,-0.008300986400432317,0.06600822587031266,0.0354196417233652,0.11266054819683159,0.5120863083900176,0.24266215963718446,0.14507772020725387,0.3005181347150259,0.6217616580310881,0.8290155440414507,0.9326424870466321,0.9948186528497409,cosine,"{'transitions': ((1, 1), (1, 2), (2, 1)), 'weights': (2.0, 3.0, 3.0)}","(3964, 3516)",1262.6160686335743,0.4760995733912422,Chopin_Op030No2,Chopin_Op030No2_Indjic-1988_pid9050-19__Chopin_Op030No2_Rubinstein-1939_pid9049-19
offline_dtw,Chopin_Op030No2_Indjic-1988_pid9050-19,Chopin_Op030No2_Rubinstein-1952_pid9075-19,193,0.013808745526535176,0.05491387027833642,0.026791312925155353,0.10137452952038992,0.6512024195011321,0.1923378544217705,0.19689119170984457,0.41968911917098445,0.694300518134715,0.8601036269430051,0.9481865284974094,0.9948186528497409,cosine,"{'transitions': ((1, 1), (1, 2), (2, 1)), 'weights': (2.0, 3.0, 3.0)}","(3964, 3748)",1081.6660148307622,0.3927618064018744,Chopin_Op030No2,Chopin_Op030No2_Indjic-1988_pid9050-19__Chopin_Op030No2_Rubinstein-1952_pid9075-19
offline_dtw,Chopin_Op030No2_Indjic-1988_pid9050-19,Chopin_Op030No2_Rubinstein-1966_pid9059-19,193,0.01624880196327223,0.05232383581239064,0.02986401587301657,0.0857794170933794,0.4691384625850361,0.17103621088434082,0.17098445595854922,0.34196891191709844,0.6683937823834197,0.8704663212435233,0.9637305699481865,1.0,cosine,"{'transitions': ((1, 1), (1, 2), (2, 1)), 'weights': (2.0, 3.0, 3.0)}","(3964, 4007)",1339.425986982195,0.47312821864436416,Chopin_Op030No2,Chopin_Op030No2_Indjic-1988_pid9050-19__Chopin_Op030No2_Rubinstein-1966_pid9059-19
offline_dtw,Chopin_Op030No2_Indjic-1988_pid9050-19,Chopin_Op030No2_Shebanova-2002_pid9072-19,193,0.00546787501909212,0.06090921523739071,0.03326537641723348,0.1049849160200976,0.6469613106575949,0.20273232789115234,0.11917098445595854,0.31088082901554404,0.6321243523316062,0.8704663212435233,0.9430051813471503,0.9896373056994818,cosine,"{'transitions': ((1, 1), (1, 2), (2, 1)), 'weights': (2.0, 3.0, 3.0)}","(3964, 3361)",876.8694364254869,0.335066655111,Chopin_Op030No2,Chopin_Op030No2_Indjic-1988_pid9050-19__Chopin_Op030No2_Shebanova-2002_pid9072-19
offline_dtw,Chopin_Op030No2_Indjic-1988_pid9050-19,Chopin_Op030No2_Smith-1975_pid9054-19,193,0.016421768149401553,0.06827207169879991,0.04353684126984092,0.1042597941562607,0.6385150419501002,0.20787315646258545,0.12435233160621761,0.24870466321243523,0.5699481865284974,0.7823834196891192,0.9378238341968912,0.9948186528497409,cosine,"{'transitions': ((1, 1), (1, 2), (2, 1)), 'weights': (2.0, 3.0, 3.0)}","(3964, 3004)",1652.5253375624238,0.6822978272346919,Chopin_Op030No2,Chopin_Op030No2_Indjic-1988_pid9050-19__Chopin_Op030No2_Smith-1975_pid9054-19
offline_dtw,Chopin_Op030No2_Indjic-1988_pid9050-19,Chopin_Op030No2_Sofronitsky-1960_pid5667291-15,193,-0.03819184196891175,0.09972381720183816,0.03201790816326877,0.20649364043260401,1.0210426077097488,0.3866262480725615,0.11398963730569948,0.29533678756476683,0.6062176165803109,0.7616580310880829,0.8808290155440415,0.9533678756476683,cosine,"{'transitions': ((1, 1), (1, 2), (2, 1)), 'weights': (2.0, 3.0, 3.0)}","(3964, 2931)",1084.3162760887542,0.4489922468276415,Chopin_Op030No2,Chopin_Op030No2_Indjic-1988_pid9050-19__Chopin_Op030No2_Sofronitsky-1960_pid5667291-15
offline_dtw,Chopin_Op030No2_Indjic-1988_pid9050-19,Chopin_Op030No2_Uninsky-1959_pid9061-19,193,0.02472918298614836,0.05709562515126978,0.03070301814058496,0.11351744904827017,1.13138372108844,0.1993787410430867,0.15544041450777202,0.34196891191709844,0.7098445595854922,0.8497409326424871,0.9481865284974094,0.9948186528497409,cosine,"{'transitions': ((1, 1), (1, 2), (2, 1)), 'weights': (2.0, 3.0, 3.0)}","(3964, 3878)",1025.2210761533042,0.3687845597673756,Chopin_Op030No2,Chopin_Op030No2_Indjic-1988_pid9050-19__Chopin_Op030No2_Uninsky-1959_pid9061-19
offline_dtw,Chopin_Op030No2_Indjic-1988_pid9050-19,Chopin_Op030No2_Yaroshinskiy-2005_pid9081-10,193,0.1195332814787404,0.2942834264742163,0.19993183219954602,0.4139445945031027,1.1738096643990872,0.9539049024943324,0.05181347150259067,0.11398963730569948,0.24870466321243523,0.3471502590673575,0.5025906735751295,0.7823834196891192,cosine,"{'transitions': ((1, 1), (1, 2), (2, 1)), 'weights': (2.0, 3.0, 3.0)}","(3964, 3381)",3664.729920209697,1.4365856214071724,Chopin_Op030No2,Chopin_Op030No2_Indjic-1988_pid9050-19__Chopin_Op030No2_Yaroshinskiy-2005_pid9081-10
offline_dtw,Chopin_Op030No2_Jonas-1947_pid9096-07,Chopin_Op030No2_Olejniczac-1990_pid9100b-19,193,-0.022574230381963066,0.07974874839918673,0.032290798185933056,0.15866365639579097,1.219410303854879,0.26916112789115715,0.18652849740932642,0.31088082901554404,0.6424870466321243,0.7668393782383419,0.9119170984455959,0.9689119170984456,cosine,"{'transitions': ((1, 1), (1, 2), (2, 1)), 'weights': (2.0, 3.0, 3.0)}","(3430, 3235)",1096.263162158768,0.4662965385617899,Chopin_Op030No2,Chopin_Op030No2_Jonas-1947_pid9096-07__Chopin_Op030No2_Olejniczac-1990_pid9100b-19
offline_dtw,Chopin_Op030No2_Jonas-1947_pid9096-07,Chopin_Op030No2_Poblocka-1999_pid9093-19,193,-0.036852316320655894,0.08741795919542253,0.029523809523812616,0.17684845547259284,0.8519274376417272,0.48564615918367265,0.16580310880829016,0.34196891191709844,0.6476683937823834,0.7772020725388601,0.9119170984455959,0.9481865284974094,cosine,"{'transitions': ((1, 1), (1, 2), (2, 1)), 'weights': (2.0, 3.0, 3.0)}","(3430, 3732)",1351.0057485249986,0.5352637672444527,Chopin_Op030No2,Chopin_Op030No2_Jonas-1947_pid9096-07__Chopin_Op030No2_Poblocka-1999_pid9093-19
offline_dtw,Chopin_Op030No2_Jonas-1947_pid9096-07,Chopin_Op030No2_Rangell-2001_pid9094-19,193,0.0023743899228081573,0.06656823213257627,0.03114505442176707,0.11744738087618838,0.5863044591836655,0.20026778095238226,0.17616580310880828,0.30569948186528495,0.6373056994818653,0.7927461139896373,0.9481865284974094,0.9792746113989638,cosine,"{'transitions': ((1, 1), (1, 2), (2, 1)), 'weights': (2.0, 3.0, 3.0)}","(3430, 3908)",1330.6761107016562,0.5157659343804869,Chopin_Op030No2,Chopin_Op030No2_Jonas-1947_pid9096-07__Chopin_Op030No2_Rangell-2001_pid9094-19
offline_dtw,Chopin_Op030No2_Jonas-1947_pid9096-07,Chopin_Op030No2_Rubinstein-1939_pid9049-19,193,-0.012704916264261214,0.05673185313641861,0.03179152380952477,0.10160104203703581,0.8415419501133883,0.17926991655328872,0.13471502590673576,0.30569948186528495,0.694300518134715,0.8290155440414507,0.9533678756476683,0.9896373056994818,cosine,"{'transitions': ((1, 1), (1, 2), (2, 1)), 'weights': (2.0, 3.0, 3.0)}","(3430, 3516)",1137.9993298466613,0.4698593434544432,Chopin_Op030No2,Chopin_Op030No2_Jonas-1947_pid9096-07__Chopin_Op030No2_Rubinstein-1939_pid9049-19
offline_dtw,Chopin_Op030No2_Jonas-1947_pid9096-07,Chopin_Op030No2_Rubinstein-1952_pid9075-19,193,0.002149342074653185,0.12003163621303448,0.032244581632653535,0.33623383477226704,2.926622353741479,0.6037640829931995,0.20725388601036268,0.3316062176165803,0.689119170984456,0.7979274611398963,0.8808290155440415,0.927461139896373,cosine,"{'transitions': ((1, 1), (1, 2), (2, 1)), 'weights': (2.0, 3.0, 3.0)}","(3430, 3748)",1388.0903829278889,0.5528038163790876,Chopin_Op030No2,Chopin_Op030No2_Jonas-1947_pid9096-07__Chopin_Op030No2_Rubinstein-1952_pid9075-19
offline_dtw,Chopin_Op030No2_Jonas-1947_pid9096-07,Chopin_Op030No2_Rubinstein-1966_pid9059-19,193,-0.006479918473088831,0.0769151412357692,0.025997662131523214,0.21512761483774048,2.153288,0.2706711034013604,0.18134715025906736,0.37305699481865284,0.7202072538860104,0.8290155440414507,0.917098445595855,0.9792746113989638,cosine,"{'transitions': ((1, 1), (1, 2), (2, 1)), 'weights': (2.0, 3.0, 3.0)}","(3430, 4007)",1186.3260834423306,0.4559285485942854,Chopin_Op030No2,Chopin_Op030No2_Jonas-1947_pid9096-07__Chopin_Op030No2_Rubinstein-1966_pid9059-19
offline_dtw,Chopin_Op030No2_Jonas-1947_pid9096-07,Chopin_Op030No2_Shebanova-2002_pid9072-19,193,-0.17453929157708045,0.23160980551737148,0.04172349659863883,0.5838475490425306,2.7167345532879823,1.7320633514739183,0.20725388601036268,0.33678756476683935,0.5595854922279793,0.694300518134715,0.8082901554404145,0.8756476683937824,cosine,"{'transitions': ((1, 1), (1, 2), (2, 1)), 'weights': (2.0, 3.0, 3.0)}","(3430, 3361)",1413.7897584070631,0.5937798229345078,Chopin_Op030No2,Chopin_Op030No2_Jonas-1947_pid9096-07__Chopin_Op030No2_Shebanova-2002_pid9072-19
offline_dtw,Chopin_Op030No2_Jonas-1947_pid9096-07,Chopin_Op030No2_Smith-1975_pid9054-19,193,-0.031409226898358934,0.1274709906007302,0.03653075283446672,0.25674576711768105,1.1229930566893387,0.6276914693877602,0.17616580310880828,0.31088082901554404,0.6062176165803109,0.694300518134715,0.8238341968911918,0.9326424870466321,cosine,"{'transitions': ((1, 1), (1, 2), (2, 1)), 'weights': (2.0, 3.0, 3.0)}","(3430, 3004)",1359.5981145222406,0.5992058680133278,Chopin_Op030No2,Chopin_Op030No2_Jonas-1947_pid9096-07__Chopin_Op030No2_Smith-1975_pid9054-19
offline_dtw,Chopin_Op030No2_Jonas-1947_pid9096-07,Chopin_Op030No2_Sofronitsky-1960_pid5667291-15,193,0.013316379806844972,0.08954193274235386,0.03841320634920642,0.19240777364940329,1.375782249433101,0.348063149433113,0.11917098445595854,0.27979274611398963,0.6062176165803109,0.7927461139896373,0.9119170984455959,0.9740932642487047,cosine,"{'transitions': ((1, 1), (1, 2), (2, 1)), 'weights': (2.0, 3.0, 3.0)}","(3430, 2931)",1111.5829181107074,0.49846767628282845,Chopin_Op030No2,Chopin_Op030No2_Jonas-1947_pid9096-07__Chopin_Op030No2_Sofronitsky-1960_pid5667291-15
offline_dtw,Chopin_Op030No2_Jonas-1947_pid9096-07,Chopin_Op030No2_Uninsky-1959_pid9061-19,193,0.026435496680882766,0.08357296400079864,0.03753918367346998,0.16377365499052102,1.4563274648526061,0.2984896467120184,0.16580310880829016,0.31088082901554404,0.5906735751295337,0.7461139896373057,0.8963730569948186,0.9896373056994818,cosine,"{'transitions': ((1, 1), (1, 2), (2, 1)), 'weights': (2.0, 3.0, 3.0)}","(3430, 3878)",1401.403418527541,0.5510827442105941,Chopin_Op030No2,Chopin_Op030No2_Jonas-1947_pid9096-07__Chopin_Op030No2_Uninsky-1959_pid9061-19
offline_dtw,Chopin_Op030No2_Jonas-1947_pid9096-07,Chopin_Op030No2_Yaroshinskiy-2005_pid9081-10,193,5.015014425117197,5.039588925957257,6.072925310657595,5.857434748050025,9.76428585487529,9.258349510204079,0.015544041450777202,0.025906735751295335,0.046632124352331605,0.07772020725388601,0.10880829015544041,0.18134715025906736,cosine,"{'transitions': ((1, 1), (1, 2), (2, 1)), 'weights': (2.0, 3.0, 3.0)}","(3430, 3381)",3236.5455221271955,1.3778397284492105,Chopin_Op030No2,Chopin_Op030No2_Jonas-1947_pid9096-07__Chopin_Op030No2_Yaroshinskiy-2005_pid9081-10
offline_dtw,Chopin_Op030No2_Luisada-1990_pid9055-19,Chopin_Op030No2_Olejniczac-1990_pid9100b-19,193,-0.03083376396085234,0.06527988196867698,0.04274376417233583,0.09713102452063359,0.3978232698412698,0.21992717324262975,0.13989637305699482,0.29015544041450775,0.5699481865284974,0.8134715025906736,0.9326424870466321,1.0,cosine,"{'transitions': ((1, 1), (1, 2), (2, 1)), 'weights': (2.0, 3.0, 3.0)}","(3878, 3235)",1126.8562841322705,0.4485892850845026,Chopin_Op030No2,Chopin_Op030No2_Luisada-1990_pid9055-19__Chopin_Op030No2_Olejniczac-1990_pid9100b-19
offline_dtw,Chopin_Op030No2_Luisada-1990_pid9055-19,Chopin_Op030No2_Poblocka-1999_pid9093-19,193,-0.0016816846956399791,0.045953949813777005,0.026871147392292016,0.0919179768802901,0.937664430839007,0.13931036462584387,0.22279792746113988,0.41968911917098445,0.7305699481865285,0.9067357512953368,0.9740932642487047,0.9948186528497409,cosine,"{'transitions': ((1, 1), (1, 2), (2, 1)), 'weights': (2.0, 3.0, 3.0)}","(3878, 3732)",844.6763594367482,0.3076024615574465,Chopin_Op030No2,Chopin_Op030No2_Luisada-1990_pid9055-19__Chopin_Op030No2_Poblocka-1999_pid9093-19
offline_dtw,Chopin_Op030No2_Luisada-1990_pid9055-19,Chopin_Op030No2_Rangell-2001_pid9094-19,193,-0.04183559594304033,0.084966189835866,0.02751707709751372,0.26209836491223604,2.2755554160997775,0.2187550036281184,0.19689119170984457,0.37305699481865284,0.6787564766839378,0.8549222797927462,0.9378238341968912,0.9689119170984456,cosine,"{'transitions': ((1, 1), (1, 2), (2, 1)), 'weights': (2.0, 3.0, 3.0)}","(3878, 3908)",1126.6438251046288,0.4058515220117539,Chopin_Op030No2,Chopin_Op030No2_Luisada-1990_pid9055-19__Chopin_Op030No2_Rangell-2001_pid9094-19
offline_dtw,Chopin_Op030No2_Luisada-1990_pid9055-19,Chopin_Op030No2_Rubinstein-1939_pid9049-19,193,-0.015542100460564652,0.05014109827523444,0.02558966439909227,0.10905462973508806,1.0355101734693903,0.15648556235827654,0.17098445595854922,0.36787564766839376,0.7409326424870466,0.9015544041450777,0.9792746113989638,0.9896373056994818,cosine,"{'transitions': ((1, 1), (1, 2), (2, 1)), 'weights': (2.0, 3.0, 3.0)}","(3878, 3516)",841.1951990139833,0.3155270814005939,Chopin_Op030No2,Chopin_Op030No2_Luisada-1990_pid9055-19__Chopin_Op030No2_Rubinstein-1939_pid9049-19
offline_dtw,Chopin_Op030No2_Luisada-1990_pid9055-19,Chopin_Op030No2_Rubinstein-1952_pid9075-19,193,0.01384023014110677,0.050860740674162574,0.029977324263040117,0.08581019318998918,0.48486999092970606,0.17324716553287373,0.18134715025906736,0.35751295336787564,0.7253886010362695,0.8704663212435233,0.9689119170984456,1.0,cosine,"{'transitions': ((1, 1), (1, 2), (2, 1)), 'weights': (2.0, 3.0, 3.0)}","(3878, 3748)",865.9713787559144,0.31409915805437594,Chopin_Op030No2,Chopin_Op030No2_Luisada-1990_pid9055-19__Chopin_Op030No2_Rubinstein-1952_pid9075-19
offline_dtw,Chopin_Op030No2_Luisada-1990_pid9055-19,Chopin_Op030No2_Rubinstein-1966_pid9059-19,193,-0.0017880582578459103,0.05843783824445155,0.029093111111109238,0.12562785980525298,1.062312927437631,0.1890997873015902,0.18652849740932642,0.37305699481865284,0.7202072538860104,0.8704663212435233,0.9533678756476683,0.9844559585492227,cosine,"{'transitions': ((1, 1), (1, 2), (2, 1)), 'weights': (2.0, 3.0, 3.0)}","(3878, 4007)",1266.874234563227,0.45100542348281486,Chopin_Op030No2,Chopin_Op030No2_Luisada-1990_pid9055-19__Chopin_Op030No2_Rubinstein-1966_pid9059-19
offline_dtw,Chopin_Op030No2_Luisada-1990_pid9055-19,Chopin_Op030No2_Shebanova-2002_pid9072-19,193,-0.005173388236814579,0.06276486674186031,0.024353741496598857,0.12522960011302375,0.7706121870748319,0.2247390231292414,0.23316062176165803,0.40414507772020725,0.6787564766839378,0.844559585492228,0.9430051813471503,0.9844559585492227,cosine,"{'transitions': ((1, 1), (1, 2), (2, 1)), 'weights': (2.0, 3.0, 3.0)}","(3878, 3361)",1260.3602114955645,0.4894602763089571,Chopin_Op030No2,Chopin_Op030No2_Luisada-1990_pid9055-19__Chopin_Op030No2_Shebanova-2002_pid9072-19
offline_dtw,Chopin_Op030No2_Luisada-1990_pid9055-19,Chopin_Op030No2_Smith-1975_pid9054-19,193,-0.00041178452762808684,0.06418720646082252,0.03623568707482949,0.12312638360949077,1.2249549829932107,0.2015693015873004,0.18134715025906736,0.32124352331606215,0.6010362694300518,0.8186528497409327,0.9430051813471503,0.9948186528497409,cosine,"{'transitions': ((1, 1), (1, 2), (2, 1)), 'weights': (2.0, 3.0, 3.0)}","(3878, 3004)",1248.6447918296956,0.5157558000122658,Chopin_Op030No2,Chopin_Op030No2_Luisada-1990_pid9055-19__Chopin_Op030No2_Smith-1975_pid9054-19
offline_dtw,Chopin_Op030No2_Luisada-1990_pid9055-19,Chopin_Op030No2_Sofronitsky-1960_pid5667291-15,193,0.0064790423084607,0.04205145010750433,0.03221065192744277,0.06091478117189833,0.29630467120181336,0.12011344240363239,0.23316062176165803,0.38341968911917096,0.7098445595854922,0.917098445595855,0.9844559585492227,1.0,cosine,"{'transitions': ((1, 1), (1, 2), (2, 1)), 'weights': (2.0, 3.0, 3.0)}","(3878, 2931)",913.1685428292253,0.3764091272997631,Chopin_Op030No2,Chopin_Op030No2_Luisada-1990_pid9055-19__Chopin_Op030No2_Sofronitsky-1960_pid5667291-15
offline_dtw,Chopin_Op030No2_Luisada-1990_pid9055-19,Chopin_Op030No2_Uninsky-1959_pid9061-19,193,0.00909149440743498,0.06374492162771829,0.03383257369614512,0.11456463864541351,0.908118097505664,0.19729730975055726,0.19689119170984457,0.32124352331606215,0.6217616580310881,0.8134715025906736,0.9533678756476683,0.9896373056994818,cosine,"{'transitions': ((1, 1), (1, 2), (2, 1)), 'weights': (2.0, 3.0, 3.0)}","(3878, 3878)",1032.0559541928646,0.3737978827210665,Chopin_Op030No2,Chopin_Op030No2_Luisada-1990_pid9055-19__Chopin_Op030No2_Uninsky-1959_pid9061-19
offline_dtw,Chopin_Op030No2_Luisada-1990_pid9055-19,Chopin_Op030No2_Yaroshinskiy-2005_pid9081-10,193,0.1281233633522493,0.22755983319821954,0.1519955351473925,0.31788903651519257,1.1414398390022669,0.6634557954648539,0.09844559585492228,0.15025906735751296,0.27461139896373055,0.43523316062176165,0.5699481865284974,0.8860103626943006,cosine,"{'transitions': ((1, 1), (1, 2), (2, 1)), 'weights': (2.0, 3.0, 3.0)}","(3878, 3381)",3651.335708261979,1.4443574795340106,Chopin_Op030No2,Chopin_Op030No2_Luisada-1990_pid9055-19__Chopin_Op030No2_Yaroshinskiy-2005_pid9081-10
offline_dtw,Chopin_Op030No2_Lushtak-2004_pid9088-14,Chopin_Op030No2_Olejniczac-1990_pid9100b-19,193,-0.006828760118900735,0.06765769468823733,0.04131505215419651,0.10333879103165414,0.43848065419501125,0.22191843129252023,0.17098445595854922,0.25906735751295334,0.5854922279792746,0.7823834196891192,0.917098445595855,1.0,cosine,"{'transitions': ((1, 1), (1, 2), (2, 1)), 'weights': (2.0, 3.0, 3.0)}","(3654, 3235)",1168.6379195814086,0.4781660882084323,Chopin_Op030No2,Chopin_Op030No2_Lushtak-2004_pid9088-14__Chopin_Op030No2_Olejniczac-1990_pid9100b-19
offline_dtw,Chopin_Op030No2_Lushtak-2004_pid9088-14,Chopin_Op030No2_Poblocka-1999_pid9093-19,193,-0.003920823458226046,0.06916871748146582,0.03348079591836495,0.12336836280118729,0.8411565147392395,0.21143313469387814,0.12435233160621761,0.27979274611398963,0.616580310880829,0.7979274611398963,0.9378238341968912,0.9844559585492227,cosine,"{'transitions': ((1, 1), (1, 2), (2, 1)), 'weights': (2.0, 3.0, 3.0)}","(3654, 3732)",1184.4987951950257,0.4541789858876632,Chopin_Op030No2,Chopin_Op030No2_Lushtak-2004_pid9088-14__Chopin_Op030No2_Poblocka-1999_pid9093-19
offline_dtw,Chopin_Op030No2_Lushtak-2004_pid9088-14,Chopin_Op030No2_Rangell-2001_pid9094-19,193,0.0260550883002591,0.06637700622114084,0.03213165986394628,0.1379092615681367,1.350385606575955,0.19292745170067888,0.19170984455958548,0.33678756476683935,0.6476683937823834,0.8031088082901554,0.9585492227979274,0.9948186528497409,cosine,"{'transitions': ((1, 1), (1, 2), (2, 1)), 'weights': (2.0, 3.0, 3.0)}","(3654, 3908)",1121.9633048102423,0.4178634282347271,Chopin_Op030No2,Chopin_Op030No2_Lushtak-2004_pid9088-14__Chopin_Op030No2_Rangell-2001_pid9094-19
offline_dtw,Chopin_Op030No2_Lushtak-2004_pid9088-14,Chopin_Op030No2_Rubinstein-1939_pid9049-19,193,-0.007120964041921115,0.07630445705708801,0.03217687074830167,0.16618893788285605,1.3337414863945583,0.29663052607710017,0.15544041450777202,0.32642487046632124,0.6632124352331606,0.8238341968911918,0.927461139896373,0.9689119170984456,cosine,"{'transitions': ((1, 1), (1, 2), (2, 1)), 'weights': (2.0, 3.0, 3.0)}","(3654, 3516)",1110.106959981107,0.43499489027472843,Chopin_Op030No2,Chopin_Op030No2_Lushtak-2004_pid9088-14__Chopin_Op030No2_Rubinstein-1939_pid9049-19
offline_dtw,Chopin_Op030No2_Lushtak-2004_pid9088-14,Chopin_Op030No2_Rubinstein-1952_pid9075-19,193,0.042604476366712184,0.07197775004993348,0.030850410430844022,0.16408636618009415,1.2874381950113332,0.20065290975056765,0.18134715025906736,0.3471502590673575,0.6580310880829016,0.8082901554404145,0.9430051813471503,0.9844559585492227,cosine,"{'transitions': ((1, 1), (1, 2), (2, 1)), 'weights': (2.0, 3.0, 3.0)}","(3654, 3748)",1192.202308822855,0.45678249380186015,Chopin_Op030No2,Chopin_Op030No2_Lushtak-2004_pid9088-14__Chopin_Op030No2_Rubinstein-1952_pid9075-19
offline_dtw,Chopin_Op030No2_Lushtak-2004_pid9088-14,Chopin_Op030No2_Rubinstein-1966_pid9059-19,193,0.028459643855815252,0.051368450830072354,0.027211024943312623,0.0821093529261601,0.3871768004535099,0.18583448117914814,0.18134715025906736,0.36787564766839376,0.689119170984456,0.8704663212435233,0.9585492227979274,1.0,cosine,"{'transitions': ((1, 1), (1, 2), (2, 1)), 'weights': (2.0, 3.0, 3.0)}","(3654, 4007)",1097.956201121415,0.40203449327038265,Chopin_Op030No2,Chopin_Op030No2_Lushtak-2004_pid9088-14__Chopin_Op030No2_Rubinstein-1966_pid9059-19
offline_dtw,Chopin_Op030No2_Lushtak-2004_pid9088-14,Chopin_Op030No2_Shebanova-2002_pid9072-19,193,0.021196031323064295,0.062144991940126175,0.037142997732416916,0.1093961827175873,1.0572335226757303,0.17695694421768374,0.13989637305699482,0.27979274611398963,0.5854922279792746,0.8031088082901554,0.9689119170984456,0.9948186528497409,cosine,"{'transitions': ((1, 1), (1, 2), (2, 1)), 'weights': (2.0, 3.0, 3.0)}","(3654, 3361)",1042.4293781765798,0.41797489100905366,Chopin_Op030No2,Chopin_Op030No2_Lushtak-2004_pid9088-14__Chopin_Op030No2_Shebanova-2002_pid9072-19
offline_dtw,Chopin_Op030No2_Lushtak-2004_pid9088-14,Chopin_Op030No2_Smith-1975_pid9054-19,193,0.04041950163312256,0.08504332050920506,0.04657596371881567,0.1435779747770523,0.7091611383220027,0.26210421133786777,0.12435233160621761,0.24870466321243523,0.533678756476684,0.7305699481865285,0.917098445595855,0.9740932642487047,cosine,"{'transitions': ((1, 1), (1, 2), (2, 1)), 'weights': (2.0, 3.0, 3.0)}","(3654, 3004)",1193.155943922748,0.5079420791497438,Chopin_Op030No2,Chopin_Op030No2_Lushtak-2004_pid9088-14__Chopin_Op030No2_Smith-1975_pid9054-19
offline_dtw,Chopin_Op030No2_Lushtak-2004_pid9088-14,Chopin_Op030No2_Sofronitsky-1960_pid5667291-15,193,0.030932580992327815,0.07438006211741982,0.04428520634920563,0.11113240892478297,0.44689319160998053,0.23633607029478304,0.11398963730569948,0.27461139896373055,0.533678756476684,0.7512953367875648,0.9222797927461139,1.0,cosine,"{'transitions': ((1, 1), (1, 2), (2, 1)), 'weights': (2.0, 3.0, 3.0)}","(3654, 2931)",979.6950710982218,0.42264670884306377,Chopin_Op030No2,Chopin_Op030No2_Lushtak-2004_pid9088-14__Chopin_Op030No2_Sofronitsky-1960_pid5667291-15
offline_dtw,Chopin_Op030No2_Lushtak-2004_pid9088-14,Chopin_Op030No2_Uninsky-1959_pid9061-19,193,0.003191783340970553,0.06384418922491254,0.032017723356009054,0.1033334968442948,0.554194870748276,0.1896664285714321,0.16580310880829016,0.3005181347150259,0.6373056994818653,0.8082901554404145,0.9585492227979274,0.9948186528497409,cosine,"{'transitions': ((1, 1), (1, 2), (2, 1)), 'weights': (2.0, 3.0, 3.0)}","(3654, 3878)",1345.4214978753387,0.5080896895299617,Chopin_Op030No2,Chopin_Op030No2_Lushtak-2004_pid9088-14__Chopin_Op030No2_Uninsky-1959_pid9061-19
offline_dtw,Chopin_Op030No2_Lushtak-2004_pid9088-14,Chopin_Op030No2_Yaroshinskiy-2005_pid9081-10,193,0.23445304568044867,0.30619377992786123,0.18062351247165598,0.5306863695481137,2.8711108049886747,1.060616836281177,0.07253886010362694,0.09844559585492228,0.23834196891191708,0.38860103626943004,0.538860103626943,0.8393782383419689,cosine,"{'transitions': ((1, 1), (1, 2), (2, 1)), 'weights': (2.0, 3.0, 3.0)}","(3654, 3381)",3594.4461869909305,1.4767650727160766,Chopin_Op030No2,Chopin_Op030No2_Lushtak-2004_pid9088-14__Chopin_Op030No2_Yaroshinskiy-2005_pid9081-10
offline_dtw,Chopin_Op030No2_Magaloff-1977_pid9074f-19,Chopin_Op030No2_Olejniczac-1990_pid9100b-19,193,-0.00038397240139596324,0.05801752376252781,0.027777918367348775,0.09559846887890042,0.42004521088435354,0.21776851179138793,0.17098445595854922,0.3626943005181347,0.6632124352331606,0.8497409326424871,0.927461139896373,1.0,cosine,"{'transitions': ((1, 1), (1, 2), (2, 1)), 'weights': (2.0, 3.0, 3.0)}","(3964, 3235)",868.1130349037721,0.3411053182333093,Chopin_Op030No2,Chopin_Op030No2_Magaloff-1977_pid9074f-19__Chopin_Op030No2_Olejniczac-1990_pid9100b-19
offline_dtw,Chopin_Op030No2_Magaloff-1977_pid9074f-19,Chopin_Op030No2_Poblocka-1999_pid9093-19,193,-0.0004233594339287185,0.0459497131284296,0.02470528571428332,0.10943195322175178,1.1756686780045413,0.1653427428571318,0.27461139896373055,0.40932642487046633,0.7772020725388601,0.9222797927461139,0.9689119170984456,0.9896373056994818,cosine,"{'transitions': ((1, 1), (1, 2), (2, 1)), 'weights': (2.0, 3.0, 3.0)}","(3964, 3732)",905.9604034367716,0.3290811490870946,Chopin_Op030No2,Chopin_Op030No2_Magaloff-1977_pid9074f-19__Chopin_Op030No2_Poblocka-1999_pid9093-19
offline_dtw,Chopin_Op030No2_Magaloff-1977_pid9074f-19,Chopin_Op030No2_Rangell-2001_pid9094-19,193,0.0006969151950934469,0.04219562133869106,0.020181265306128182,0.09428569601928266,0.9926526337868466,0.16526269206348926,0.22279792746113988,0.49222797927461137,0.8186528497409327,0.917098445595855,0.9689119170984456,0.9948186528497409,cosine,"{'transitions': ((1, 1), (1, 2), (2, 1)), 'weights': (2.0, 3.0, 3.0)}","(3964, 3908)",918.7921275285412,0.3251210642351526,Chopin_Op030No2,Chopin_Op030No2_Magaloff-1977_pid9074f-19__Chopin_Op030No2_Rangell-2001_pid9094-19
offline_dtw,Chopin_Op030No2_Magaloff-1977_pid9074f-19,Chopin_Op030No2_Rubinstein-1939_pid9049-19,193,-0.020702097241314953,0.050286331482852206,0.024750637188212465,0.12309743146505205,1.3315643072562438,0.18732647392290236,0.24352331606217617,0.44041450777202074,0.7875647668393783,0.9015544041450777,0.9481865284974094,0.9948186528497409,cosine,"{'transitions': ((1, 1), (1, 2), (2, 1)), 'weights': (2.0, 3.0, 3.0)}","(3964, 3516)",941.5041181138906,0.3509146918054009,Chopin_Op030No2,Chopin_Op030No2_Magaloff-1977_pid9074f-19__Chopin_Op030No2_Rubinstein-1939_pid9049-19
offline_dtw,Chopin_Op030No2_Magaloff-1977_pid9074f-19,Chopin_Op030No2_Rubinstein-1952_pid9075-19,193,0.007956686381633623,0.05013028663071517,0.022381185941043213,0.10293228997776555,0.6111792789115498,0.20699788390022314,0.2694300518134715,0.46632124352331605,0.7823834196891192,0.8911917098445595,0.9378238341968912,0.9896373056994818,cosine,"{'transitions': ((1, 1), (1, 2), (2, 1)), 'weights': (2.0, 3.0, 3.0)}","(3964, 3748)",873.2020303872652,0.3159196926147848,Chopin_Op030No2,Chopin_Op030No2_Magaloff-1977_pid9074f-19__Chopin_Op030No2_Rubinstein-1952_pid9075-19
offline_dtw,Chopin_Op030No2_Magaloff-1977_pid9074f-19,Chopin_Op030No2_Rubinstein-1966_pid9059-19,193,0.006426348378038338,0.049686463566082806,0.02668950793650282,0.11156663389361775,1.163288,0.1575623696145127,0.21243523316062177,0.38341968911917096,0.7409326424870466,0.8911917098445595,0.9689119170984456,0.9896373056994818,cosine,"{'transitions': ((1, 1), (1, 2), (2, 1)), 'weights': (2.0, 3.0, 3.0)}","(3964, 4007)",1096.2730376749244,0.3860116329841283,Chopin_Op030No2,Chopin_Op030No2_Magaloff-1977_pid9074f-19__Chopin_Op030No2_Rubinstein-1966_pid9059-19
offline_dtw,Chopin_Op030No2_Magaloff-1977_pid9074f-19,Chopin_Op030No2_Shebanova-2002_pid9072-19,193,-0.011211774282425285,0.05765265815445329,0.0274829229024931,0.13083018782557157,1.022018,0.20004985850339635,0.16062176165803108,0.37305699481865284,0.7253886010362695,0.8963730569948186,0.9481865284974094,0.9844559585492227,cosine,"{'transitions': ((1, 1), (1, 2), (2, 1)), 'weights': (2.0, 3.0, 3.0)}","(3964, 3361)",934.2559623804182,0.3553655239179985,Chopin_Op030No2,Chopin_Op030No2_Magaloff-1977_pid9074f-19__Chopin_Op030No2_Shebanova-2002_pid9072-19
offline_dtw,Chopin_Op030No2_Magaloff-1977_pid9074f-19,Chopin_Op030No2_Smith-1975_pid9054-19,193,0.00695400047583786,0.06227571286994977,0.03557837188208168,0.12382979530705761,1.3004195476190432,0.1852403487528354,0.14507772020725387,0.30569948186528495,0.6062176165803109,0.8497409326424871,0.9533678756476683,0.9948186528497409,cosine,"{'transitions': ((1, 1), (1, 2), (2, 1)), 'weights': (2.0, 3.0, 3.0)}","(3964, 3004)",1095.9466781576093,0.4484233544016405,Chopin_Op030No2,Chopin_Op030No2_Magaloff-1977_pid9074f-19__Chopin_Op030No2_Smith-1975_pid9054-19
offline_dtw,Chopin_Op030No2_Magaloff-1977_pid9074f-19,Chopin_Op030No2_Sofronitsky-1960_pid5667291-15,193,-0.0027850727620923267,0.05148661807244472,0.03251668253967921,0.10164945898501528,1.049251621315193,0.1557232922902497,0.16580310880829016,0.30569948186528495,0.7098445595854922,0.8963730569948186,0.9689119170984456,0.9948186528497409,cosine,"{'transitions': ((1, 1), (1, 2), (2, 1)), 'weights': (2.0, 3.0, 3.0)}","(3964, 2931)",872.5475023613128,0.35936882304831663,Chopin_Op030No2,Chopin_Op030No2_Magaloff-1977_pid9074f-19__Chopin_Op030No2_Sofronitsky-1960_pid5667291-15
offline_dtw,Chopin_Op030No2_Magaloff-1977_pid9074f-19,Chopin_Op030No2_Uninsky-1959_pid9061-19,193,0.0042531263614254584,0.04682049587019587,0.02806129478457997,0.07004265879689855,0.31047604988661703,0.16055967528345275,0.18134715025906736,0.35233160621761656,0.7098445595854922,0.8652849740932642,0.9740932642487047,1.0,cosine,"{'transitions': ((1, 1), (1, 2), (2, 1)), 'weights': (2.0, 3.0, 3.0)}","(3964, 3878)",1035.332546042763,0.36936587443552016,Chopin_Op030No2,Chopin_Op030No2_Magaloff-1977_pid9074f-19__Chopin_Op030No2_Uninsky-1959_pid9061-19
offline_dtw,Chopin_Op030No2_Magaloff-1977_pid9074f-19,Chopin_Op030No2_Yaroshinskiy-2005_pid9081-10,193,-0.42445880645729783,0.8376549233137132,0.6841610680272119,1.07221086510963,2.926213151927442,2.200290108843538,0.02072538860103627,0.02072538860103627,0.06735751295336788,0.09326424870466321,0.15544041450777202,0.41450777202072536,cosine,"{'transitions': ((1, 1), (1, 2), (2, 1)), 'weights': (2.0, 3.0, 3.0)}","(3964, 3381)",3688.5604291616905,1.4504759847273656,Chopin_Op030No2,Chopin_Op030No2_Magaloff-1977_pid9074f-19__Chopin_Op030No2_Yaroshinskiy-2005_pid9081-10
offline_dtw,Chopin_Op030No2_Michelangeli-1971_pid5667269b-38,Chopin_Op030No2_Olejniczac-1990_pid9100b-19,193,-0.037451538630996394,0.07822750082243542,0.04063506122449212,0.14575493710982657,0.9413719523809618,0.2595124997732427,0.13989637305699482,0.25906735751295334,0.6113989637305699,0.7927461139896373,0.917098445595855,0.9792746113989638,cosine,"{'transitions': ((1, 1), (1, 2), (2, 1)), 'weights': (2.0, 3.0, 3.0)}","(4266, 3235)",1198.0006075476583,0.45344459029055956,Chopin_Op030No2,Chopin_Op030No2_Michelangeli-1971_pid5667269b-38__Chopin_Op030No2_Olejniczac-1990_pid9100b-19
offline_dtw,Chopin_Op030No2_Michelangeli-1971_pid5667269b-38,Chopin_Op030No2_Poblocka-1999_pid9093-19,193,0.0059242190852169295,0.044667569243241924,0.02798238321995683,0.07376441951797022,0.5794334421768781,0.13621768707482967,0.17616580310880828,0.35751295336787564,0.7150259067357513,0.9067357512953368,0.9740932642487047,0.9948186528497409,cosine,"{'transitions': ((1, 1), (1, 2), (2, 1)), 'weights': (2.0, 3.0, 3.0)}","(4266, 3732)",1252.3429061762085,0.44096581203387625,Chopin_Op030No2,Chopin_Op030No2_Michelangeli-1971_pid5667269b-38__Chopin_Op030No2_Poblocka-1999_pid9093-19
offline_dtw,Chopin_Op030No2_Michelangeli-1971_pid5667269b-38,Chopin_Op030No2_Rangell-2001_pid9094-19,193,0.014270498460869977,0.06413829171219405,0.03337912925169917,0.11809262401477481,1.064308896825409,0.2235416471655354,0.13471502590673576,0.29015544041450775,0.616580310880829,0.8497409326424871,0.9119170984455959,0.9948186528497409,cosine,"{'transitions': ((1, 1), (1, 2), (2, 1)), 'weights': (2.0, 3.0, 3.0)}","(4266, 3908)",1139.5962958858381,0.39391506943858906,Chopin_Op030No2,Chopin_Op030No2_Michelangeli-1971_pid5667269b-38__Chopin_Op030No2_Rangell-2001_pid9094-19
offline_dtw,Chopin_Op030No2_Michelangeli-1971_pid5667269b-38,Chopin_Op030No2_Rubinstein-1939_pid9049-19,193,-0.012822982634850493,0.051064440285268436,0.03577104535147413,0.07573087072408195,0.3640922766439907,0.17667114557823074,0.18652849740932642,0.31088082901554404,0.6321243523316062,0.9119170984455959,0.9637305699481865,1.0,cosine,"{'transitions': ((1, 1), (1, 2), (2, 1)), 'weights': (2.0, 3.0, 3.0)}","(4266, 3516)",1307.4382936293307,0.4726819572051087,Chopin_Op030No2,Chopin_Op030No2_Michelangeli-1971_pid5667269b-38__Chopin_Op030No2_Rubinstein-1939_pid9049-19
offline_dtw,Chopin_Op030No2_Michelangeli-1971_pid5667269b-38,Chopin_Op030No2_Rubinstein-1952_pid9075-19,193,0.016703002514304493,0.05973059294114868,0.033378825396809475,0.12999130064599362,1.128390456916108,0.17986509342403767,0.16580310880829016,0.35233160621761656,0.6476683937823834,0.8911917098445595,0.9585492227979274,0.9844559585492227,cosine,"{'transitions': ((1, 1), (1, 2), (2, 1)), 'weights': (2.0, 3.0, 3.0)}","(4266, 3748)",1327.0277747943915,0.4692460306910861,Chopin_Op030No2,Chopin_Op030No2_Michelangeli-1971_pid5667269b-38__Chopin_Op030No2_Rubinstein-1952_pid9075-19
offline_dtw,Chopin_Op030No2_Michelangeli-1971_pid5667269b-38,Chopin_Op030No2_Rubinstein-1966_pid9059-19,193,0.00784491108878779,0.0653777097211947,0.0339000861678187,0.15942243073665574,1.323288,0.18100678866213019,0.12953367875647667,0.29015544041450775,0.6787564766839378,0.9067357512953368,0.9533678756476683,0.9844559585492227,cosine,"{'transitions': ((1, 1), (1, 2), (2, 1)), 'weights': (2.0, 3.0, 3.0)}","(4266, 4007)",1134.6328751297585,0.38527432092691294,Chopin_Op030No2,Chopin_Op030No2_Michelangeli-1971_pid5667269b-38__Chopin_Op030No2_Rubinstein-1966_pid9059-19
offline_dtw,Chopin_Op030No2_Michelangeli-1971_pid5667269b-38,Chopin_Op030No2_Shebanova-2002_pid9072-19,193,-0.002466477841222451,0.05853812427596275,0.033526269841274825,0.12756217409670853,1.182018,0.15537919954648724,0.17616580310880828,0.29533678756476683,0.6580310880829016,0.8963730569948186,0.9637305699481865,0.9844559585492227,cosine,"{'transitions': ((1, 1), (1, 2), (2, 1)), 'weights': (2.0, 3.0, 3.0)}","(4266, 3361)",1079.6758876125682,0.39548567311815686,Chopin_Op030No2,Chopin_Op030No2_Michelangeli-1971_pid5667269b-38__Chopin_Op030No2_Shebanova-2002_pid9072-19
offline_dtw,Chopin_Op030No2_Michelangeli-1971_pid5667269b-38,Chopin_Op030No2_Smith-1975_pid9054-19,193,0.01927814732767037,0.05403987123588642,0.035090365079362584,0.07913674122487253,0.3635143537414791,0.18532891065759746,0.13989637305699482,0.30569948186528495,0.6373056994818653,0.8652849740932642,0.9689119170984456,1.0,cosine,"{'transitions': ((1, 1), (1, 2), (2, 1)), 'weights': (2.0, 3.0, 3.0)}","(4266, 3004)",1198.3687151660235,0.4708717937783983,Chopin_Op030No2,Chopin_Op030No2_Michelangeli-1971_pid5667269b-38__Chopin_Op030No2_Smith-1975_pid9054-19
offline_dtw,Chopin_Op030No2_Michelangeli-1971_pid5667269b-38,Chopin_Op030No2_Sofronitsky-1960_pid5667291-15,193,0.008919100225582958,0.05670099391984749,0.03766490702948033,0.08354042857130758,0.28843502947845856,0.21363214512471604,0.16062176165803108,0.31088082901554404,0.6373056994818653,0.844559585492228,0.9430051813471503,1.0,cosine,"{'transitions': ((1, 1), (1, 2), (2, 1)), 'weights': (2.0, 3.0, 3.0)}","(4266, 2931)",1072.2641820937347,0.42550165956100583,Chopin_Op030No2,Chopin_Op030No2_Michelangeli-1971_pid5667269b-38__Chopin_Op030No2_Sofronitsky-1960_pid5667291-15
offline_dtw,Chopin_Op030No2_Michelangeli-1971_pid5667269b-38,Chopin_Op030No2_Uninsky-1959_pid9061-19,193,0.014616412134457446,0.06640314353859007,0.03396836281179105,0.1493673935588313,1.690522378684804,0.21330598684807284,0.16580310880829016,0.31088082901554404,0.6269430051813472,0.8134715025906736,0.9378238341968912,0.9948186528497409,cosine,"{'transitions': ((1, 1), (1, 2), (2, 1)), 'weights': (2.0, 3.0, 3.0)}","(4266, 3878)",1070.0747185275145,0.3692459346195702,Chopin_Op030No2,Chopin_Op030No2_Michelangeli-1971_pid5667269b-38__Chopin_Op030No2_Uninsky-1959_pid9061-19
offline_dtw,Chopin_Op030No2_Michelangeli-1971_pid5667269b-38,Chopin_Op030No2_Yaroshinskiy-2005_pid9081-10,193,-0.7827302342004154,1.074802264184085,0.6967796371882109,1.456423422223084,3.4334919229025047,3.07718790566893,0.015544041450777202,0.015544041450777202,0.07772020725388601,0.13471502590673576,0.21243523316062177,0.40932642487046633,cosine,"{'transitions': ((1, 1), (1, 2), (2, 1)), 'weights': (2.0, 3.0, 3.0)}","(4266, 3381)",3743.4934837317564,1.4153094456452766,Chopin_Op030No2,Chopin_Op030No2_Michelangeli-1971_pid5667269b-38__Chopin_Op030No2_Yaroshinskiy-2005_pid9081-10
offline_dtw,Chopin_Op030No2_Milkina-1970_pid9099-19,Chopin_Op030No2_Olejniczac-1990_pid9100b-19,193,-0.03831268145289238,0.05960157322030707,0.03884353741496227,0.09438008369694828,0.43709786848071985,0.20275692562358028,0.14507772020725387,0.29015544041450775,0.616580310880829,0.8652849740932642,0.9481865284974094,1.0,cosine,"{'transitions': ((1, 1), (1, 2), (2, 1)), 'weights': (2.0, 3.0, 3.0)}","(4074, 3235)",1167.213359549726,0.4485831512489339,Chopin_Op030No2,Chopin_Op030No2_Milkina-1970_pid9099-19__Chopin_Op030No2_Olejniczac-1990_pid9100b-19
offline_dtw,Chopin_Op030No2_Milkina-1970_pid9099-19,Chopin_Op030No2_Poblocka-1999_pid9093-19,193,-0.007218393159681345,0.03508326350851145,0.022335671201812346,0.06476245793119706,0.5980724058956781,0.10835151609977266,0.23316062176165803,0.43005181347150256,0.844559585492228,0.927461139896373,0.9792746113989638,0.9948186528497409,cosine,"{'transitions': ((1, 1), (1, 2), (2, 1)), 'weights': (2.0, 3.0, 3.0)}","(4074, 3732)",913.2341485077287,0.3249943588995476,Chopin_Op030No2,Chopin_Op030No2_Milkina-1970_pid9099-19__Chopin_Op030No2_Poblocka-1999_pid9093-19
offline_dtw,Chopin_Op030No2_Milkina-1970_pid9099-19,Chopin_Op030No2_Rangell-2001_pid9094-19,193,0.002154855292376314,0.0433200158788902,0.024444049886618302,0.06853744140423486,0.391009,0.15594557936507944,0.22279792746113988,0.37823834196891193,0.7564766839378239,0.8860103626943006,0.9844559585492227,1.0,cosine,"{'transitions': ((1, 1), (1, 2), (2, 1)), 'weights': (2.0, 3.0, 3.0)}","(4074, 3908)",1242.111437989334,0.4384438538613957,Chopin_Op030No2,Chopin_Op030No2_Milkina-1970_pid9099-19__Chopin_Op030No2_Rangell-2001_pid9094-19
offline_dtw,Chopin_Op030No2_Milkina-1970_pid9099-19,Chopin_Op030No2_Rubinstein-1939_pid9049-19,193,-0.019679584969393975,0.05082738206266949,0.030408163265299493,0.09618861450118495,0.7104987959183673,0.15242206258503585,0.13471502590673576,0.32642487046632124,0.7357512953367875,0.9067357512953368,0.9637305699481865,0.9896373056994818,cosine,"{'transitions': ((1, 1), (1, 2), (2, 1)), 'weights': (2.0, 3.0, 3.0)}","(4074, 3516)",1050.5541504227751,0.38794466411476186,Chopin_Op030No2,Chopin_Op030No2_Milkina-1970_pid9099-19__Chopin_Op030No2_Rubinstein-1939_pid9049-19
offline_dtw,Chopin_Op030No2_Milkina-1970_pid9099-19,Chopin_Op030No2_Rubinstein-1952_pid9075-19,193,0.025767789750097386,0.07194919949948861,0.025033208616775937,0.23089584347043335,2.1226311473922834,0.18049681133786857,0.23316062176165803,0.41450777202072536,0.7253886010362695,0.8341968911917098,0.9637305699481865,0.9792746113989638,cosine,"{'transitions': ((1, 1), (1, 2), (2, 1)), 'weights': (2.0, 3.0, 3.0)}","(4074, 3748)",1115.6734325291004,0.3980283383978239,Chopin_Op030No2,Chopin_Op030No2_Milkina-1970_pid9099-19__Chopin_Op030No2_Rubinstein-1952_pid9075-19
offline_dtw,Chopin_Op030No2_Milkina-1970_pid9099-19,Chopin_Op030No2_Rubinstein-1966_pid9059-19,193,0.00961688481195605,0.05078227029948389,0.02909311111112345,0.08300677750583382,0.5422450385487565,0.17432196734693964,0.17098445595854922,0.3160621761658031,0.7098445595854922,0.8652849740932642,0.9689119170984456,0.9948186528497409,cosine,"{'transitions': ((1, 1), (1, 2), (2, 1)), 'weights': (2.0, 3.0, 3.0)}","(4074, 4007)",1133.0394896587395,0.3916486310607465,Chopin_Op030No2,Chopin_Op030No2_Milkina-1970_pid9099-19__Chopin_Op030No2_Rubinstein-1966_pid9059-19
offline_dtw,Chopin_Op030No2_Milkina-1970_pid9099-19,Chopin_Op030No2_Shebanova-2002_pid9072-19,193,-0.006366510268701316,0.05155811622783791,0.034149659863945914,0.08219226708284422,0.5238999807256164,0.13126977505669257,0.16062176165803108,0.32642487046632124,0.6632124352331606,0.8756476683937824,0.9792746113989638,0.9948186528497409,cosine,"{'transitions': ((1, 1), (1, 2), (2, 1)), 'weights': (2.0, 3.0, 3.0)}","(4074, 3361)",1180.0987551366247,0.44582499249589147,Chopin_Op030No2,Chopin_Op030No2_Milkina-1970_pid9099-19__Chopin_Op030No2_Shebanova-2002_pid9072-19
offline_dtw,Chopin_Op030No2_Milkina-1970_pid9099-19,Chopin_Op030No2_Smith-1975_pid9054-19,193,0.011600881998049676,0.045099702037290905,0.027414825396817832,0.07333341022010911,0.513843683673457,0.15134707936507688,0.20207253886010362,0.3471502590673575,0.7409326424870466,0.8963730569948186,0.9689119170984456,0.9948186528497409,cosine,"{'transitions': ((1, 1), (1, 2), (2, 1)), 'weights': (2.0, 3.0, 3.0)}","(4074, 3004)",990.0273940109414,0.3953783522407913,Chopin_Op030No2,Chopin_Op030No2_Milkina-1970_pid9099-19__Chopin_Op030No2_Smith-1975_pid9054-19
offline_dtw,Chopin_Op030No2_Milkina-1970_pid9099-19,Chopin_Op030No2_Sofronitsky-1960_pid5667291-15,193,-0.0005294517934975274,0.0510323513388081,0.03197212698413665,0.08961763098194565,0.7807706349206427,0.14688406621315261,0.11917098445595854,0.27461139896373055,0.7046632124352331,0.8860103626943006,0.9740932642487047,0.9948186528497409,cosine,"{'transitions': ((1, 1), (1, 2), (2, 1)), 'weights': (2.0, 3.0, 3.0)}","(4074, 2931)",1387.8858640219405,0.5639519967582042,Chopin_Op030No2,Chopin_Op030No2_Milkina-1970_pid9099-19__Chopin_Op030No2_Sofronitsky-1960_pid5667291-15
offline_dtw,Chopin_Op030No2_Milkina-1970_pid9099-19,Chopin_Op030No2_Uninsky-1959_pid9061-19,193,-0.008510391479562032,0.055900834948832655,0.03170075056688404,0.09217593415405595,0.4447052857142637,0.21002268979591573,0.13471502590673576,0.36787564766839376,0.689119170984456,0.8601036269430051,0.9378238341968912,1.0,cosine,"{'transitions': ((1, 1), (1, 2), (2, 1)), 'weights': (2.0, 3.0, 3.0)}","(4074, 3878)",1375.9368170955697,0.487575059211754,Chopin_Op030No2,Chopin_Op030No2_Milkina-1970_pid9099-19__Chopin_Op030No2_Uninsky-1959_pid9061-19
offline_dtw,Chopin_Op030No2_Milkina-1970_pid9099-19,Chopin_Op030No2_Yaroshinskiy-2005_pid9081-10,193,-0.8661046982129632,1.3302445847167896,1.393741729024942,1.6387469130689254,4.076156392290272,2.787446697959186,0.010362694300518135,0.031088082901554404,0.06217616580310881,0.12435233160621761,0.17098445595854922,0.30569948186528495,cosine,"{'transitions': ((1, 1), (1, 2), (2, 1)), 'weights': (2.0, 3.0, 3.0)}","(4074, 3381)",3625.916688224306,1.408670042045185,Chopin_Op030No2,Chopin_Op030No2_Milkina-1970_pid9099-19__Chopin_Op030No2_Yaroshinskiy-2005_pid9081-10
offline_dtw,Chopin_Op030No2_Mohovich-1999_pid9104-19,Chopin_Op030No2_Olejniczac-1990_pid9100b-19,193,-0.039050680230987116,0.06534518471326387,0.03528330612245156,0.1071122060884075,0.6316548798185977,0.22832439501133564,0.19689119170984457,0.35751295336787564,0.616580310880829,0.7979274611398963,0.9326424870466321,0.9948186528497409,cosine,"{'transitions': ((1, 1), (1, 2), (2, 1)), 'weights': (2.0, 3.0, 3.0)}","(3848, 3235)",1066.870219959823,0.42454047750092444,Chopin_Op030No2,Chopin_Op030No2_Mohovich-1999_pid9104-19__Chopin_Op030No2_Olejniczac-1990_pid9100b-19
offline_dtw,Chopin_Op030No2_Mohovich-1999_pid9104-19,Chopin_Op030No2_Poblocka-1999_pid9093-19,193,0.0032286318599983404,0.06763899561171689,0.0300225351473955,0.14158532543374708,0.9524491133786768,0.22924705306122406,0.23316062176165803,0.42487046632124353,0.7046632124352331,0.8238341968911918,0.9326424870466321,0.9740932642487047,cosine,"{'transitions': ((1, 1), (1, 2), (2, 1)), 'weights': (2.0, 3.0, 3.0)}","(3848, 3732)",1178.1791017087398,0.43961906780176857,Chopin_Op030No2,Chopin_Op030No2_Mohovich-1999_pid9104-19__Chopin_Op030No2_Poblocka-1999_pid9093-19
offline_dtw,Chopin_Op030No2_Mohovich-1999_pid9104-19,Chopin_Op030No2_Rangell-2001_pid9094-19,193,0.002518090297604914,0.0612729049910119,0.030022675736958604,0.10649684852853408,0.6353741870748308,0.2036962988662194,0.19689119170984457,0.3471502590673575,0.616580310880829,0.8393782383419689,0.9481865284974094,0.9896373056994818,cosine,"{'transitions': ((1, 1), (1, 2), (2, 1)), 'weights': (2.0, 3.0, 3.0)}","(3848, 3908)",1056.7623115198332,0.3823307928798239,Chopin_Op030No2,Chopin_Op030No2_Mohovich-1999_pid9104-19__Chopin_Op030No2_Rangell-2001_pid9094-19
offline_dtw,Chopin_Op030No2_Mohovich-1999_pid9104-19,Chopin_Op030No2_Rubinstein-1939_pid9049-19,193,-0.035996047542678475,0.0667830444174208,0.030340206349194432,0.12345619227136456,0.7462584331065761,0.2852789959183684,0.22797927461139897,0.37823834196891193,0.6632124352331606,0.8238341968911918,0.9222797927461139,0.9896373056994818,cosine,"{'transitions': ((1, 1), (1, 2), (2, 1)), 'weights': (2.0, 3.0, 3.0)}","(3848, 3516)",1246.3998038224684,0.47718216072835695,Chopin_Op030No2,Chopin_Op030No2_Mohovich-1999_pid9104-19__Chopin_Op030No2_Rubinstein-1939_pid9049-19
offline_dtw,Chopin_Op030No2_Mohovich-1999_pid9104-19,Chopin_Op030No2_Rubinstein-1952_pid9075-19,193,0.017006251518569725,0.08223471097834636,0.02820847619047573,0.25097235942382884,2.3023133968253973,0.25935603492063375,0.22797927461139897,0.40414507772020725,0.6683937823834197,0.8549222797927462,0.9378238341968912,0.9792746113989638,cosine,"{'transitions': ((1, 1), (1, 2), (2, 1)), 'weights': (2.0, 3.0, 3.0)}","(3848, 3748)",1498.8136204390619,0.556352494595049,Chopin_Op030No2,Chopin_Op030No2_Mohovich-1999_pid9104-19__Chopin_Op030No2_Rubinstein-1952_pid9075-19
offline_dtw,Chopin_Op030No2_Mohovich-1999_pid9104-19,Chopin_Op030No2_Rubinstein-1966_pid9059-19,193,-0.0030973461339631643,0.04122402883813339,0.023752764172328966,0.0677594634842067,0.3656349909297063,0.16035030340136092,0.22797927461139897,0.43523316062176165,0.7927461139896373,0.8963730569948186,0.9740932642487047,1.0,cosine,"{'transitions': ((1, 1), (1, 2), (2, 1)), 'weights': (2.0, 3.0, 3.0)}","(3848, 4007)",913.9609413425403,0.3237552041595963,Chopin_Op030No2,Chopin_Op030No2_Mohovich-1999_pid9104-19__Chopin_Op030No2_Rubinstein-1966_pid9059-19
offline_dtw,Chopin_Op030No2_Mohovich-1999_pid9104-19,Chopin_Op030No2_Shebanova-2002_pid9072-19,193,-0.005868307890686494,0.05537461837204669,0.029092829931975928,0.09689710103140592,0.5996372324263035,0.18778228480724685,0.20207253886010362,0.37823834196891193,0.6735751295336787,0.8601036269430051,0.9585492227979274,0.9948186528497409,cosine,"{'transitions': ((1, 1), (1, 2), (2, 1)), 'weights': (2.0, 3.0, 3.0)}","(3848, 3361)",1050.1705097238162,0.4091042110338201,Chopin_Op030No2,Chopin_Op030No2_Mohovich-1999_pid9104-19__Chopin_Op030No2_Shebanova-2002_pid9072-19
offline_dtw,Chopin_Op030No2_Mohovich-1999_pid9104-19,Chopin_Op030No2_Smith-1975_pid9054-19,193,-0.0015246804013486453,0.06041762808266675,0.038344600907027626,0.11040894796931149,0.995930141723349,0.18429475646258991,0.21761658031088082,0.3316062176165803,0.6269430051813472,0.8393782383419689,0.9585492227979274,0.9948186528497409,cosine,"{'transitions': ((1, 1), (1, 2), (2, 1)), 'weights': (2.0, 3.0, 3.0)}","(3848, 3004)",1084.836899773736,0.44772468005519434,Chopin_Op030No2,Chopin_Op030No2_Mohovich-1999_pid9104-19__Chopin_Op030No2_Smith-1975_pid9054-19
offline_dtw,Chopin_Op030No2_Mohovich-1999_pid9104-19,Chopin_Op030No2_Sofronitsky-1960_pid5667291-15,193,-0.010477878526193446,0.07454991722768611,0.03093010430838916,0.13195610269970698,0.7514732925170193,0.26765963151927946,0.18652849740932642,0.31088082901554404,0.6321243523316062,0.7823834196891192,0.8860103626943006,0.9896373056994818,cosine,"{'transitions': ((1, 1), (1, 2), (2, 1)), 'weights': (2.0, 3.0, 3.0)}","(3848, 2931)",1249.8586578938355,0.5227346958987183,Chopin_Op030No2,Chopin_Op030No2_Mohovich-1999_pid9104-19__Chopin_Op030No2_Sofronitsky-1960_pid5667291-15
offline_dtw,Chopin_Op030No2_Mohovich-1999_pid9104-19,Chopin_Op030No2_Uninsky-1959_pid9061-19,193,-0.01008024601999662,0.06725258171489701,0.03537400907029564,0.1017293183051711,0.48371918820861026,0.2222179360544295,0.15544041450777202,0.3316062176165803,0.5699481865284974,0.7461139896373057,0.927461139896373,1.0,cosine,"{'transitions': ((1, 1), (1, 2), (2, 1)), 'weights': (2.0, 3.0, 3.0)}","(3848, 3878)",1208.8391919389524,0.4415044528630213,Chopin_Op030No2,Chopin_Op030No2_Mohovich-1999_pid9104-19__Chopin_Op030No2_Uninsky-1959_pid9061-19
offline_dtw,Chopin_Op030No2_Mohovich-1999_pid9104-19,Chopin_Op030No2_Yaroshinskiy-2005_pid9081-10,193,1.5563478020690142,2.2966644583142415,1.2704987256235896,3.272497260300886,7.689093111111106,6.925682695238102,0.010362694300518135,0.015544041450777202,0.05699481865284974,0.08808290155440414,0.15544041450777202,0.32124352331606215,cosine,"{'transitions': ((1, 1), (1, 2), (2, 1)), 'weights': (2.0, 3.0, 3.0)}","(3848, 3381)",3595.5808569500414,1.4376572798680693,Chopin_Op030No2,Chopin_Op030No2_Mohovich-1999_pid9104-19__Chopin_Op030No2_Yaroshinskiy-2005_pid9081-10
offline_dtw,Chopin_Op030No2_Olejniczac-1990_pid9100b-19,Chopin_Op030No2_Poblocka-1999_pid9093-19,193,0.01904142945848483,0.05676616589122741,0.032018070294784096,0.09954352436837925,0.7089566213151954,0.19237626666666313,0.17616580310880828,0.33678756476683935,0.6476683937823834,0.8652849740932642,0.9533678756476683,0.9896373056994818,cosine,"{'transitions': ((1, 1), (1, 2), (2, 1)), 'weights': (2.0, 3.0, 3.0)}","(3235, 3732)",879.6515552376695,0.35570220591899293,Chopin_Op030No2,Chopin_Op030No2_Olejniczac-1990_pid9100b-19__Chopin_Op030No2_Poblocka-1999_pid9093-19
offline_dtw,Chopin_Op030No2_Olejniczac-1990_pid9100b-19,Chopin_Op030No2_Rangell-2001_pid9094-19,193,0.019645883830907263,0.04714205398117869,0.028469458049885432,0.07107816040590861,0.37786789909297624,0.15914332970521478,0.18134715025906736,0.38341968911917096,0.7098445595854922,0.8601036269430051,0.9844559585492227,1.0,cosine,"{'transitions': ((1, 1), (1, 2), (2, 1)), 'weights': (2.0, 3.0, 3.0)}","(3235, 3908)",977.8582150113444,0.38635251482076033,Chopin_Op030No2,Chopin_Op030No2_Olejniczac-1990_pid9100b-19__Chopin_Op030No2_Rangell-2001_pid9094-19
offline_dtw,Chopin_Op030No2_Olejniczac-1990_pid9100b-19,Chopin_Op030No2_Rubinstein-1939_pid9049-19,193,0.0038693396778397525,0.046771710725740906,0.031927578231291776,0.0677997871249834,0.30970452154194916,0.14223137687074883,0.18652849740932642,0.34196891191709844,0.6787564766839378,0.8756476683937824,0.9792746113989638,1.0,cosine,"{'transitions': ((1, 1), (1, 2), (2, 1)), 'weights': (2.0, 3.0, 3.0)}","(3235, 3516)",947.9895867529582,0.38979834981618344,Chopin_Op030No2,Chopin_Op030No2_Olejniczac-1990_pid9100b-19__Chopin_Op030No2_Rubinstein-1939_pid9049-19
offline_dtw,Chopin_Op030No2_Olejniczac-1990_pid9100b-19,Chopin_Op030No2_Rubinstein-1952_pid9075-19,193,0.023153781102769316,0.044292098398599565,0.023237031746031533,0.07608137152898548,0.5721097437641589,0.1593695020408191,0.25906735751295334,0.46113989637305697,0.7202072538860104,0.8860103626943006,0.9792746113989638,0.9948186528497409,cosine,"{'transitions': ((1, 1), (1, 2), (2, 1)), 'weights': (2.0, 3.0, 3.0)}","(3235, 3748)",1007.1209742805365,0.4054432263609245,Chopin_Op030No2,Chopin_Op030No2_Olejniczac-1990_pid9100b-19__Chopin_Op030No2_Rubinstein-1952_pid9075-19
offline_dtw,Chopin_Op030No2_Olejniczac-1990_pid9100b-19,Chopin_Op030No2_Rubinstein-1966_pid9059-19,193,0.018205615217417072,0.05357052849741019,0.027437746031747423,0.0955934206050867,0.6432880000000001,0.2147120040816351,0.21243523316062177,0.38341968911917096,0.7098445595854922,0.8601036269430051,0.9481865284974094,0.9948186528497409,cosine,"{'transitions': ((1, 1), (1, 2), (2, 1)), 'weights': (2.0, 3.0, 3.0)}","(3235, 4007)",1164.6897205174982,0.4540700664785568,Chopin_Op030No2,Chopin_Op030No2_Olejniczac-1990_pid9100b-19__Chopin_Op030No2_Rubinstein-1966_pid9059-19
offline_dtw,Chopin_Op030No2_Olejniczac-1990_pid9100b-19,Chopin_Op030No2_Shebanova-2002_pid9072-19,193,0.022930932806974405,0.05840119495259241,0.03206363265305967,0.09627198170111902,0.5302039841269774,0.1905867401360615,0.23834196891191708,0.39896373056994816,0.6373056994818653,0.8082901554404145,0.9585492227979274,0.9896373056994818,cosine,"{'transitions': ((1, 1), (1, 2), (2, 1)), 'weights': (2.0, 3.0, 3.0)}","(3235, 3361)",753.9389243126484,0.3169142178699657,Chopin_Op030No2,Chopin_Op030No2_Olejniczac-1990_pid9100b-19__Chopin_Op030No2_Shebanova-2002_pid9072-19
offline_dtw,Chopin_Op030No2_Olejniczac-1990_pid9100b-19,Chopin_Op030No2_Smith-1975_pid9054-19,193,0.0395000289967454,0.058954327129815756,0.03684807256236411,0.08783936424436574,0.38091837528344286,0.17539440544218196,0.15544041450777202,0.35233160621761656,0.6010362694300518,0.8082901554404145,0.9689119170984456,1.0,cosine,"{'transitions': ((1, 1), (1, 2), (2, 1)), 'weights': (2.0, 3.0, 3.0)}","(3235, 3004)",1130.0565522226077,0.5081189533375035,Chopin_Op030No2,Chopin_Op030No2_Olejniczac-1990_pid9100b-19__Chopin_Op030No2_Smith-1975_pid9054-19
offline_dtw,Chopin_Op030No2_Olejniczac-1990_pid9100b-19,Chopin_Op030No2_Sofronitsky-1960_pid5667291-15,193,0.026151289250760823,0.04774661252687618,0.030883741496602113,0.0676353124748041,0.3767347052154264,0.13738514489795775,0.15025906735751296,0.3316062176165803,0.6528497409326425,0.8911917098445595,0.9844559585492227,1.0,cosine,"{'transitions': ((1, 1), (1, 2), (2, 1)), 'weights': (2.0, 3.0, 3.0)}","(3235, 2931)",713.9690174169184,0.32394238539787584,Chopin_Op030No2,Chopin_Op030No2_Olejniczac-1990_pid9100b-19__Chopin_Op030No2_Sofronitsky-1960_pid5667291-15
offline_dtw,Chopin_Op030No2_Olejniczac-1990_pid9100b-19,Chopin_Op030No2_Uninsky-1959_pid9061-19,193,0.01897165058216752,0.055903216100948595,0.0297278911564689,0.10481285306213407,0.8433114535147297,0.17594583174603248,0.15544041450777202,0.3471502590673575,0.694300518134715,0.8497409326424871,0.9637305699481865,0.9896373056994818,cosine,"{'transitions': ((1, 1), (1, 2), (2, 1)), 'weights': (2.0, 3.0, 3.0)}","(3235, 3878)",1113.6288284683858,0.4424429195345196,Chopin_Op030No2,Chopin_Op030No2_Olejniczac-1990_pid9100b-19__Chopin_Op030No2_Uninsky-1959_pid9061-19
offline_dtw,Chopin_Op030No2_Olejniczac-1990_pid9100b-19,Chopin_Op030No2_Yaroshinskiy-2005_pid9081-10,193,0.31858580172241624,0.4147131709374599,0.3032427709750536,0.6322799376986848,2.8752155600907088,1.1639185079365173,0.03626943005181347,0.08808290155440414,0.17616580310880828,0.2694300518134715,0.40414507772020725,0.689119170984456,cosine,"{'transitions': ((1, 1), (1, 2), (2, 1)), 'weights': (2.0, 3.0, 3.0)}","(3235, 3381)",3270.413512158225,1.4243961289887739,Chopin_Op030No2,Chopin_Op030No2_Olejniczac-1990_pid9100b-19__Chopin_Op030No2_Yaroshinskiy-2005_pid9081-10
offline_dtw,Chopin_Op030No2_Poblocka-1999_pid9093-19,Chopin_Op030No2_Olejniczac-1990_pid9100b-19,193,-0.012404293304196038,0.06950219072292135,0.03208623809523825,0.15533637658200522,1.4179132426303909,0.22631739319727978,0.17098445595854922,0.30569948186528495,0.6580310880829016,0.8186528497409327,0.9430051813471503,0.9896373056994818,cosine,"{'transitions': ((1, 1), (1, 2), (2, 1)), 'weights': (2.0, 3.0, 3.0)}","(3732, 3235)",879.6515552376695,0.35570220591899293,Chopin_Op030No2,Chopin_Op030No2_Poblocka-1999_pid9093-19__Chopin_Op030No2_Olejniczac-1990_pid9100b-19
offline_dtw,Chopin_Op030No2_Poblocka-1999_pid9093-19,Chopin_Op030No2_Rangell-2001_pid9094-19,193,0.005384431473452889,0.044220697214291546,0.02732440362811417,0.10418966946166079,1.2193651802721064,0.13839011315193045,0.16580310880829016,0.39896373056994816,0.7979274611398963,0.917098445595855,0.9844559585492227,0.9948186528497409,cosine,"{'transitions': ((1, 1), (1, 2), (2, 1)), 'weights': (2.0, 3.0, 3.0)}","(3732, 3908)",828.7273447429765,0.30378568355680957,Chopin_Op030No2,Chopin_Op030No2_Poblocka-1999_pid9093-19__Chopin_Op030No2_Rangell-2001_pid9094-19
offline_dtw,Chopin_Op030No2_Poblocka-1999_pid9093-19,Chopin_Op030No2_Rubinstein-1939_pid9049-19,193,-0.01985669371893851,0.042823609031522866,0.02820821995464806,0.0744851313725315,0.5061780566893415,0.1406306539682524,0.18652849740932642,0.35233160621761656,0.8082901554404145,0.9222797927461139,0.9689119170984456,0.9948186528497409,cosine,"{'transitions': ((1, 1), (1, 2), (2, 1)), 'weights': (2.0, 3.0, 3.0)}","(3732, 3516)",728.0320052682433,0.27787481117108526,Chopin_Op030No2,Chopin_Op030No2_Poblocka-1999_pid9093-19__Chopin_Op030No2_Rubinstein-1939_pid9049-19
offline_dtw,Chopin_Op030No2_Poblocka-1999_pid9093-19,Chopin_Op030No2_Rubinstein-1952_pid9075-19,193,0.022561454959877214,0.0602187195728029,0.02324277097505245,0.17856422234311484,1.725306657596363,0.15875739773242745,0.22797927461139897,0.44559585492227977,0.7512953367875648,0.8756476683937824,0.9637305699481865,0.9844559585492227,cosine,"{'transitions': ((1, 1), (1, 2), (2, 1)), 'weights': (2.0, 3.0, 3.0)}","(3732, 3748)",913.6835721508538,0.3404186185360856,Chopin_Op030No2,Chopin_Op030No2_Poblocka-1999_pid9093-19__Chopin_Op030No2_Rubinstein-1952_pid9075-19
offline_dtw,Chopin_Op030No2_Poblocka-1999_pid9093-19,Chopin_Op030No2_Rubinstein-1966_pid9059-19,193,0.010856676923619054,0.05411882324674239,0.026984197278920874,0.11222381074896318,1.0278004126984257,0.18040374058956557,0.19170984455958548,0.40414507772020725,0.7046632124352331,0.8756476683937824,0.9533678756476683,0.9948186528497409,cosine,"{'transitions': ((1, 1), (1, 2), (2, 1)), 'weights': (2.0, 3.0, 3.0)}","(3732, 4007)",1251.4773169700768,0.4554138708042492,Chopin_Op030No2,Chopin_Op030No2_Poblocka-1999_pid9093-19__Chopin_Op030No2_Rubinstein-1966_pid9059-19
offline_dtw,Chopin_Op030No2_Poblocka-1999_pid9093-19,Chopin_Op030No2_Shebanova-2002_pid9072-19,193,0.002408476307966552,0.044813848378038444,0.027913972789122,0.07057307408636779,0.4800453321995519,0.14270303219954736,0.18134715025906736,0.35751295336787564,0.7461139896373057,0.9015544041450777,0.9844559585492227,1.0,cosine,"{'transitions': ((1, 1), (1, 2), (2, 1)), 'weights': (2.0, 3.0, 3.0)}","(3732, 3361)",1038.4285542649795,0.4077065387769845,Chopin_Op030No2,Chopin_Op030No2_Poblocka-1999_pid9093-19__Chopin_Op030No2_Shebanova-2002_pid9072-19
offline_dtw,Chopin_Op030No2_Poblocka-1999_pid9093-19,Chopin_Op030No2_Smith-1975_pid9054-19,193,0.013060580105271351,0.04299665145747423,0.03030605215419513,0.0671300212965041,0.5171656734693926,0.12488886077098409,0.17098445595854922,0.35233160621761656,0.7253886010362695,0.917098445595855,0.9896373056994818,0.9948186528497409,cosine,"{'transitions': ((1, 1), (1, 2), (2, 1)), 'weights': (2.0, 3.0, 3.0)}","(3732, 3004)",1016.7273339550834,0.42328365277064256,Chopin_Op030No2,Chopin_Op030No2_Poblocka-1999_pid9093-19__Chopin_Op030No2_Smith-1975_pid9054-19
offline_dtw,Chopin_Op030No2_Poblocka-1999_pid9093-19,Chopin_Op030No2_Sofronitsky-1960_pid5667291-15,193,-0.006226091061294902,0.04960329790396279,0.026768939909295852,0.07805557064484159,0.33700623582767264,0.1715760102040796,0.16062176165803108,0.38341968911917096,0.7202072538860104,0.8652849740932642,0.9637305699481865,1.0,cosine,"{'transitions': ((1, 1), (1, 2), (2, 1)), 'weights': (2.0, 3.0, 3.0)}","(3732, 2931)",963.3054401898274,0.4071451564623108,Chopin_Op030No2,Chopin_Op030No2_Poblocka-1999_pid9093-19__Chopin_Op030No2_Sofronitsky-1960_pid5667291-15
offline_dtw,Chopin_Op030No2_Poblocka-1999_pid9093-19,Chopin_Op030No2_Uninsky-1959_pid9061-19,193,-0.0023472909250057193,0.04266603635754803,0.024467120181398627,0.0902139932253649,0.9516104081632619,0.1384763310657586,0.21243523316062177,0.41450777202072536,0.772020725388601,0.917098445595855,0.9896373056994818,0.9948186528497409,cosine,"{'transitions': ((1, 1), (1, 2), (2, 1)), 'weights': (2.0, 3.0, 3.0)}","(3732, 3878)",1004.3832079120378,0.36953024573658494,Chopin_Op030No2,Chopin_Op030No2_Poblocka-1999_pid9093-19__Chopin_Op030No2_Uninsky-1959_pid9061-19
offline_dtw,Chopin_Op030No2_Poblocka-1999_pid9093-19,Chopin_Op030No2_Yaroshinskiy-2005_pid9081-10,193,0.02043961285585084,0.6470296698624194,0.4360318866213504,0.8981951287742709,3.4830160136054644,2.085659863038545,0.025906735751295335,0.046632124352331605,0.10362694300518134,0.17098445595854922,0.2849740932642487,0.538860103626943,cosine,"{'transitions': ((1, 1), (1, 2), (2, 1)), 'weights': (2.0, 3.0, 3.0)}","(3732, 3381)",3517.9766969448874,1.4225542648382077,Chopin_Op030No2,Chopin_Op030No2_Poblocka-1999_pid9093-19__Chopin_Op030No2_Yaroshinskiy-2005_pid9081-10
offline_dtw,Chopin_Op030No2_Rangell-2001_pid9094-19,Chopin_Op030No2_Olejniczac-1990_pid9100b-19,193,-0.014790072926580045,0.0518452121415064,0.03149659863945686,0.07601569066097122,0.3446033151927439,0.17119499727891052,0.16580310880829016,0.3471502590673575,0.6683937823834197,0.844559585492228,0.9689119170984456,1.0,cosine,"{'transitions': ((1, 1), (1, 2), (2, 1)), 'weights': (2.0, 3.0, 3.0)}","(3908, 3235)",977.8582150113444,0.38635251482076033,Chopin_Op030No2,Chopin_Op030No2_Rangell-2001_pid9094-19__Chopin_Op030No2_Olejniczac-1990_pid9100b-19
offline_dtw,Chopin_Op030No2_Rangell-2001_pid9094-19,Chopin_Op030No2_Poblocka-1999_pid9093-19,193,0.006636988791371729,0.04224055288851269,0.02712018140590544,0.07894076507202294,0.7925400952380812,0.12359865351474461,0.20207253886010362,0.38341968911917096,0.7409326424870466,0.917098445595855,0.9844559585492227,0.9948186528497409,cosine,"{'transitions': ((1, 1), (1, 2), (2, 1)), 'weights': (2.0, 3.0, 3.0)}","(3908, 3732)",828.7273447429765,0.30378568355680957,Chopin_Op030No2,Chopin_Op030No2_Rangell-2001_pid9094-19__Chopin_Op030No2_Poblocka-1999_pid9093-19
offline_dtw,Chopin_Op030No2_Rangell-2001_pid9094-19,Chopin_Op030No2_Rubinstein-1939_pid9049-19,193,-0.02097813919142783,0.049416732708280856,0.026031818594098866,0.0999008065629371,0.7635373673469132,0.15381394648525593,0.17098445595854922,0.35751295336787564,0.7616580310880829,0.9015544041450777,0.9637305699481865,0.9896373056994818,cosine,"{'transitions': ((1, 1), (1, 2), (2, 1)), 'weights': (2.0, 3.0, 3.0)}","(3908, 3516)",801.5696896215683,0.3022510141861117,Chopin_Op030No2,Chopin_Op030No2_Rangell-2001_pid9094-19__Chopin_Op030No2_Rubinstein-1939_pid9049-19
offline_dtw,Chopin_Op030No2_Rangell-2001_pid9094-19,Chopin_Op030No2_Rubinstein-1952_pid9075-19,193,0.1712653612374138,0.1954870341545939,0.02630399546485762,0.752287945189045,4.9280046757369576,0.8378005941043063,0.19689119170984457,0.3626943005181347,0.7616580310880829,0.8652849740932642,0.9222797927461139,0.9430051813471503,cosine,"{'transitions': ((1, 1), (1, 2), (2, 1)), 'weights': (2.0, 3.0, 3.0)}","(3908, 3748)",1152.3119366552464,0.420398371636354,Chopin_Op030No2,Chopin_Op030No2_Rangell-2001_pid9094-19__Chopin_Op030No2_Rubinstein-1952_pid9075-19
offline_dtw,Chopin_Op030No2_Rangell-2001_pid9094-19,Chopin_Op030No2_Rubinstein-1966_pid9059-19,193,-0.0016893414871992224,0.0542959914114177,0.031927092970519766,0.11141578156847207,0.9346036326530509,0.1441407809523807,0.13989637305699482,0.3316062176165803,0.689119170984456,0.8808290155440415,0.9637305699481865,0.9896373056994818,cosine,"{'transitions': ((1, 1), (1, 2), (2, 1)), 'weights': (2.0, 3.0, 3.0)}","(3908, 4007)",1245.5564697645987,0.4437322656802988,Chopin_Op030No2,Chopin_Op030No2_Rangell-2001_pid9094-19__Chopin_Op030No2_Rubinstein-1966_pid9059-19
offline_dtw,Chopin_Op030No2_Rangell-2001_pid9094-19,Chopin_Op030No2_Shebanova-2002_pid9072-19,193,0.004678846462937251,0.05618718575305772,0.03175743990929192,0.10190749511110939,0.662018,0.1824671342403574,0.22279792746113988,0.30569948186528495,0.6528497409326425,0.8652849740932642,0.9533678756476683,0.9896373056994818,cosine,"{'transitions': ((1, 1), (1, 2), (2, 1)), 'weights': (2.0, 3.0, 3.0)}","(3908, 3361)",1146.1874590677305,0.44305661347805586,Chopin_Op030No2,Chopin_Op030No2_Rangell-2001_pid9094-19__Chopin_Op030No2_Shebanova-2002_pid9072-19
offline_dtw,Chopin_Op030No2_Rangell-2001_pid9094-19,Chopin_Op030No2_Smith-1975_pid9054-19,193,-0.0015755658595043155,0.06033092595725649,0.03673469387754835,0.13156271025231378,1.4745698764172346,0.16734234739228668,0.17616580310880828,0.32124352331606215,0.6528497409326425,0.844559585492228,0.9689119170984456,0.9948186528497409,cosine,"{'transitions': ((1, 1), (1, 2), (2, 1)), 'weights': (2.0, 3.0, 3.0)}","(3908, 3004)",950.4200019539145,0.388719837199965,Chopin_Op030No2,Chopin_Op030No2_Rangell-2001_pid9094-19__Chopin_Op030No2_Smith-1975_pid9054-19
offline_dtw,Chopin_Op030No2_Rangell-2001_pid9094-19,Chopin_Op030No2_Sofronitsky-1960_pid5667291-15,193,0.18613199451317722,0.2271144111592825,0.03337756462585162,0.6678809342333201,3.337867571428575,1.8877954104308319,0.17098445595854922,0.32642487046632124,0.616580310880829,0.8031088082901554,0.8704663212435233,0.9119170984455959,cosine,"{'transitions': ((1, 1), (1, 2), (2, 1)), 'weights': (2.0, 3.0, 3.0)}","(3908, 2931)",1160.02933694249,0.4799459399844808,Chopin_Op030No2,Chopin_Op030No2_Rangell-2001_pid9094-19__Chopin_Op030No2_Sofronitsky-1960_pid5667291-15
offline_dtw,Chopin_Op030No2_Rangell-2001_pid9094-19,Chopin_Op030No2_Uninsky-1959_pid9061-19,193,0.06381524095614091,0.09374147666631485,0.02816326530612656,0.31422172555962763,3.07011346712018,0.23675935827664338,0.20725388601036268,0.3626943005181347,0.6735751295336787,0.8601036269430051,0.9430051813471503,0.9689119170984456,cosine,"{'transitions': ((1, 1), (1, 2), (2, 1)), 'weights': (2.0, 3.0, 3.0)}","(3908, 3878)",1047.4927990401952,0.37952637646383885,Chopin_Op030No2,Chopin_Op030No2_Rangell-2001_pid9094-19__Chopin_Op030No2_Uninsky-1959_pid9061-19
offline_dtw,Chopin_Op030No2_Rangell-2001_pid9094-19,Chopin_Op030No2_Yaroshinskiy-2005_pid9081-10,193,-0.47745212526288533,1.3013271187186455,1.047449049886609,1.7485072643444903,5.7958504807256475,3.0048980154195086,0.0051813471502590676,0.015544041450777202,0.06735751295336788,0.13471502590673576,0.24352331606217617,0.3626943005181347,cosine,"{'transitions': ((1, 1), (1, 2), (2, 1)), 'weights': (2.0, 3.0, 3.0)}","(3908, 3381)",3595.1591173528836,1.4232617250011417,Chopin_Op030No2,Chopin_Op030No2_Rangell-2001_pid9094-19__Chopin_Op030No2_Yaroshinskiy-2005_pid9081-10
offline_dtw,Chopin_Op030No2_Rubinstein-1939_pid9049-19,Chopin_Op030No2_Olejniczac-1990_pid9100b-19,193,0.0036130482534981285,0.056060469117525574,0.03451247165532578,0.08705067674466409,0.5454868140589468,0.1565350911564593,0.17616580310880828,0.3316062176165803,0.6062176165803109,0.8341968911917098,0.9689119170984456,0.9948186528497409,cosine,"{'transitions': ((1, 1), (1, 2), (2, 1)), 'weights': (2.0, 3.0, 3.0)}","(3516, 3235)",947.9895867529582,0.38979834981618344,Chopin_Op030No2,Chopin_Op030No2_Rubinstein-1939_pid9049-19__Chopin_Op030No2_Olejniczac-1990_pid9100b-19
offline_dtw,Chopin_Op030No2_Rubinstein-1939_pid9049-19,Chopin_Op030No2_Poblocka-1999_pid9093-19,193,0.02677190991387945,0.04264941452539598,0.02955775283447082,0.06846821774806734,0.38476204535147396,0.11426753151927041,0.20207253886010362,0.37823834196891193,0.7253886010362695,0.927461139896373,0.9740932642487047,1.0,cosine,"{'transitions': ((1, 1), (1, 2), (2, 1)), 'weights': (2.0, 3.0, 3.0)}","(3516, 3732)",728.0320052682434,0.27787481117108526,Chopin_Op030No2,Chopin_Op030No2_Rubinstein-1939_pid9049-19__Chopin_Op030No2_Poblocka-1999_pid9093-19
offline_dtw,Chopin_Op030No2_Rubinstein-1939_pid9049-19,Chopin_Op030No2_Rangell-2001_pid9094-19,193,0.022438930850751698,0.04584243500405326,0.02749440136054382,0.08182987300658999,0.6491607619047599,0.14668708888889,0.18134715025906736,0.32642487046632124,0.7512953367875648,0.917098445595855,0.9689119170984456,0.9948186528497409,cosine,"{'transitions': ((1, 1), (1, 2), (2, 1)), 'weights': (2.0, 3.0, 3.0)}","(3516, 3908)",801.5696896215683,0.3022510141861117,Chopin_Op030No2,Chopin_Op030No2_Rubinstein-1939_pid9049-19__Chopin_Op030No2_Rangell-2001_pid9094-19
offline_dtw,Chopin_Op030No2_Rubinstein-1939_pid9049-19,Chopin_Op030No2_Rubinstein-1952_pid9075-19,193,0.03021761760835609,0.052246419095790864,0.02485260770974662,0.1413992250540657,1.3637192312925066,0.15297520952380592,0.19689119170984457,0.41968911917098445,0.772020725388601,0.9222797927461139,0.9689119170984456,0.9844559585492227,cosine,"{'transitions': ((1, 1), (1, 2), (2, 1)), 'weights': (2.0, 3.0, 3.0)}","(3516, 3748)",663.6018236374953,0.2512691494272985,Chopin_Op030No2,Chopin_Op030No2_Rubinstein-1939_pid9049-19__Chopin_Op030No2_Rubinstein-1952_pid9075-19
offline_dtw,Chopin_Op030No2_Rubinstein-1939_pid9049-19,Chopin_Op030No2_Rubinstein-1966_pid9059-19,193,0.002530558486952693,0.06058217766381122,0.028616639455783854,0.15004122421197405,1.233288,0.1603673732426301,0.24870466321243523,0.37823834196891193,0.7357512953367875,0.8963730569948186,0.9585492227979274,0.9740932642487047,cosine,"{'transitions': ((1, 1), (1, 2), (2, 1)), 'weights': (2.0, 3.0, 3.0)}","(3516, 4007)",1165.9450188583069,0.43635666873439627,Chopin_Op030No2,Chopin_Op030No2_Rubinstein-1939_pid9049-19__Chopin_Op030No2_Rubinstein-1966_pid9059-19
offline_dtw,Chopin_Op030No2_Rubinstein-1939_pid9049-19,Chopin_Op030No2_Shebanova-2002_pid9072-19,193,0.01661015210954855,0.053563994401560115,0.029455590702951895,0.11246385246254663,1.092018,0.15881382675737113,0.2538860103626943,0.39896373056994816,0.6735751295336787,0.8756476683937824,0.9689119170984456,0.9896373056994818,cosine,"{'transitions': ((1, 1), (1, 2), (2, 1)), 'weights': (2.0, 3.0, 3.0)}","(3516, 3361)",1127.6025247517316,0.4555969796976693,Chopin_Op030No2,Chopin_Op030No2_Rubinstein-1939_pid9049-19__Chopin_Op030No2_Shebanova-2002_pid9072-19
offline_dtw,Chopin_Op030No2_Rubinstein-1939_pid9049-19,Chopin_Op030No2_Smith-1975_pid9054-19,193,0.02786431015825971,0.05485326074160171,0.0336055827664552,0.08830380368589553,0.5297170510204126,0.19382532653061144,0.16062176165803108,0.3316062176165803,0.6735751295336787,0.8652849740932642,0.9585492227979274,0.9948186528497409,cosine,"{'transitions': ((1, 1), (1, 2), (2, 1)), 'weights': (2.0, 3.0, 3.0)}","(3516, 3004)",818.6622721169728,0.35332855939446384,Chopin_Op030No2,Chopin_Op030No2_Rubinstein-1939_pid9049-19__Chopin_Op030No2_Smith-1975_pid9054-19
offline_dtw,Chopin_Op030No2_Rubinstein-1939_pid9049-19,Chopin_Op030No2_Sofronitsky-1960_pid5667291-15,193,0.011330052577162466,0.04663005209544974,0.0291834410430738,0.0730231577687873,0.3961004648526085,0.151406939455782,0.20725388601036268,0.35751295336787564,0.7253886010362695,0.8756476683937824,0.9689119170984456,1.0,cosine,"{'transitions': ((1, 1), (1, 2), (2, 1)), 'weights': (2.0, 3.0, 3.0)}","(3516, 2931)",882.5779400138026,0.3842307096272541,Chopin_Op030No2,Chopin_Op030No2_Rubinstein-1939_pid9049-19__Chopin_Op030No2_Sofronitsky-1960_pid5667291-15
offline_dtw,Chopin_Op030No2_Rubinstein-1939_pid9049-19,Chopin_Op030No2_Uninsky-1959_pid9061-19,193,0.03403052517241785,0.06420180754996256,0.036077437641722554,0.14470951265024218,1.6349209410430774,0.1904103605442168,0.12435233160621761,0.30569948186528495,0.6113989637305699,0.8549222797927462,0.9481865284974094,0.9948186528497409,cosine,"{'transitions': ((1, 1), (1, 2), (2, 1)), 'weights': (2.0, 3.0, 3.0)}","(3516, 3878)",1154.4222155818047,0.4386102642788012,Chopin_Op030No2,Chopin_Op030No2_Rubinstein-1939_pid9049-19__Chopin_Op030No2_Uninsky-1959_pid9061-19
offline_dtw,Chopin_Op030No2_Rubinstein-1939_pid9049-19,Chopin_Op030No2_Yaroshinskiy-2005_pid9081-10,193,0.039364815803696884,0.4447460184871886,0.2791949410430874,0.6363141035346076,1.901065619047614,1.3958413401360514,0.03626943005181347,0.05699481865284974,0.12435233160621761,0.22797927461139897,0.41450777202072536,0.7046632124352331,cosine,"{'transitions': ((1, 1), (1, 2), (2, 1)), 'weights': (2.0, 3.0, 3.0)}","(3516, 3381)",3425.2303361959794,1.4307561972414282,Chopin_Op030No2,Chopin_Op030No2_Rubinstein-1939_pid9049-19__Chopin_Op030No2_Yaroshinskiy-2005_pid9081-10
offline_dtw,Chopin_Op030No2_Rubinstein-1952_pid9075-19,Chopin_Op030No2_Olejniczac-1990_pid9100b-19,193,-0.023406831183250834,0.051714084035341105,0.025533609977323124,0.08665057112639007,0.4369845770975047,0.19595009931973087,0.19689119170984457,0.42487046632124353,0.7253886010362695,0.844559585492228,0.9533678756476683,1.0,cosine,"{'transitions': ((1, 1), (1, 2), (2, 1)), 'weights': (2.0, 3.0, 3.0)}","(3748, 3235)",1007.1209742805366,0.40544322636092456,Chopin_Op030No2,Chopin_Op030No2_Rubinstein-1952_pid9075-19__Chopin_Op030No2_Olejniczac-1990_pid9100b-19
offline_dtw,Chopin_Op030No2_Rubinstein-1952_pid9075-19,Chopin_Op030No2_Poblocka-1999_pid9093-19,193,-0.009164472965351826,0.05211144146605149,0.024331136054421165,0.11084095904301407,0.8626533287981886,0.22083024580499694,0.23834196891191708,0.44041450777202074,0.7668393782383419,0.8911917098445595,0.9430051813471503,0.9896373056994818,cosine,"{'transitions': ((1, 1), (1, 2), (2, 1)), 'weights': (2.0, 3.0, 3.0)}","(3748, 3732)",913.6835721508538,0.3404186185360856,Chopin_Op030No2,Chopin_Op030No2_Rubinstein-1952_pid9075-19__Chopin_Op030No2_Poblocka-1999_pid9093-19
offline_dtw,Chopin_Op030No2_Rubinstein-1952_pid9075-19,Chopin_Op030No2_Rangell-2001_pid9094-19,193,-0.08936188914736862,0.11979896434152225,0.02367281179137848,0.38255814417938633,2.4640023378684788,0.4655852260770931,0.21243523316062177,0.41968911917098445,0.7668393782383419,0.8290155440414507,0.9015544041450777,0.9481865284974094,cosine,"{'transitions': ((1, 1), (1, 2), (2, 1)), 'weights': (2.0, 3.0, 3.0)}","(3748, 3908)",1152.3119366552464,0.420398371636354,Chopin_Op030No2,Chopin_Op030No2_Rubinstein-1952_pid9075-19__Chopin_Op030No2_Rangell-2001_pid9094-19
offline_dtw,Chopin_Op030No2_Rubinstein-1952_pid9075-19,Chopin_Op030No2_Rubinstein-1939_pid9049-19,193,-0.023175871876212464,0.04376206439674391,0.02293604988662068,0.09022845299676233,0.7747394342403595,0.14509304852607233,0.19170984455958548,0.45077720207253885,0.7979274611398963,0.9015544041450777,0.9689119170984456,0.9948186528497409,cosine,"{'transitions': ((1, 1), (1, 2), (2, 1)), 'weights': (2.0, 3.0, 3.0)}","(3748, 3516)",663.6018236374953,0.2512691494272985,Chopin_Op030No2,Chopin_Op030No2_Rubinstein-1952_pid9075-19__Chopin_Op030No2_Rubinstein-1939_pid9049-19
offline_dtw,Chopin_Op030No2_Rubinstein-1952_pid9075-19,Chopin_Op030No2_Rubinstein-1966_pid9059-19,193,-0.0024341160516019554,0.04910467541386221,0.02511344897958878,0.10364066440091517,0.8886170929705202,0.17579135510204363,0.21761658031088082,0.43005181347150256,0.7564766839378239,0.8911917098445595,0.9637305699481865,0.9896373056994818,cosine,"{'transitions': ((1, 1), (1, 2), (2, 1)), 'weights': (2.0, 3.0, 3.0)}","(3748, 4007)",1117.4898515898378,0.4031348670959011,Chopin_Op030No2,Chopin_Op030No2_Rubinstein-1952_pid9075-19__Chopin_Op030No2_Rubinstein-1966_pid9059-19
offline_dtw,Chopin_Op030No2_Rubinstein-1952_pid9075-19,Chopin_Op030No2_Shebanova-2002_pid9072-19,193,-0.0012892128405768632,0.04910320043354087,0.022925170068027967,0.0973555472599661,0.7188210396825383,0.2164465945578285,0.19170984455958548,0.42487046632124353,0.772020725388601,0.8963730569948186,0.9378238341968912,0.9948186528497409,cosine,"{'transitions': ((1, 1), (1, 2), (2, 1)), 'weights': (2.0, 3.0, 3.0)}","(3748, 3361)",977.6325369605555,0.38263504382017827,Chopin_Op030No2,Chopin_Op030No2_Rubinstein-1952_pid9075-19__Chopin_Op030No2_Shebanova-2002_pid9072-19
offline_dtw,Chopin_Op030No2_Rubinstein-1952_pid9075-19,Chopin_Op030No2_Smith-1975_pid9054-19,193,-0.02908060644672385,0.06571533877903481,0.023321925170066038,0.20042657078144765,1.57961531519274,0.16578643945578045,0.22797927461139897,0.43005181347150256,0.7772020725388601,0.9067357512953368,0.9585492227979274,0.9740932642487047,cosine,"{'transitions': ((1, 1), (1, 2), (2, 1)), 'weights': (2.0, 3.0, 3.0)}","(3748, 3004)",1099.656706183338,0.46068567498254626,Chopin_Op030No2,Chopin_Op030No2_Rubinstein-1952_pid9075-19__Chopin_Op030No2_Smith-1975_pid9054-19
offline_dtw,Chopin_Op030No2_Rubinstein-1952_pid9075-19,Chopin_Op030No2_Sofronitsky-1960_pid5667291-15,193,-0.00589161538777809,0.053773715971708186,0.02496547845805175,0.10567280982422605,0.8639460226757478,0.1955303430839001,0.21761658031088082,0.40414507772020725,0.7150259067357513,0.8497409326424871,0.9533678756476683,0.9896373056994818,cosine,"{'transitions': ((1, 1), (1, 2), (2, 1)), 'weights': (2.0, 3.0, 3.0)}","(3748, 2931)",1050.1549160718473,0.4427297285294466,Chopin_Op030No2,Chopin_Op030No2_Rubinstein-1952_pid9075-19__Chopin_Op030No2_Sofronitsky-1960_pid5667291-15
offline_dtw,Chopin_Op030No2_Rubinstein-1952_pid9075-19,Chopin_Op030No2_Uninsky-1959_pid9061-19,193,-0.0085235059685356,0.04962126210449713,0.027245070294796392,0.09487813771870263,0.5593652743764324,0.18889793106575986,0.20725388601036268,0.39378238341968913,0.7772020725388601,0.8911917098445595,0.9481865284974094,0.9896373056994818,cosine,"{'transitions': ((1, 1), (1, 2), (2, 1)), 'weights': (2.0, 3.0, 3.0)}","(3748, 3878)",1251.9122474605795,0.4614494093109397,Chopin_Op030No2,Chopin_Op030No2_Rubinstein-1952_pid9075-19__Chopin_Op030No2_Uninsky-1959_pid9061-19
offline_dtw,Chopin_Op030No2_Rubinstein-1952_pid9075-19,Chopin_Op030No2_Yaroshinskiy-2005_pid9081-10,193,-0.9077247585327731,1.0466601490019145,0.8478910158730173,1.3940612463910602,3.1068931156462583,2.761296911564629,0.025906735751295335,0.046632124352331605,0.08808290155440414,0.13471502590673576,0.22279792746113988,0.42487046632124353,cosine,"{'transitions': ((1, 1), (1, 2), (2, 1)), 'weights': (2.0, 3.0, 3.0)}","(3748, 3381)",3548.6792612829145,1.4320739553199817,Chopin_Op030No2,Chopin_Op030No2_Rubinstein-1952_pid9075-19__Chopin_Op030No2_Yaroshinskiy-2005_pid9081-10
offline_dtw,Chopin_Op030No2_Rubinstein-1966_pid9059-19,Chopin_Op030No2_Olejniczac-1990_pid9100b-19,193,-0.023507536686523035,0.0640461378637817,0.03106561904761662,0.11372786507198715,0.5996591473922877,0.25875722902494247,0.18134715025906736,0.38341968911917096,0.6632124352331606,0.844559585492228,0.9067357512953368,0.9948186528497409,cosine,"{'transitions': ((1, 1), (1, 2), (2, 1)), 'weights': (2.0, 3.0, 3.0)}","(4007, 3235)",1164.6897205174982,0.4540700664785568,Chopin_Op030No2,Chopin_Op030No2_Rubinstein-1966_pid9059-19__Chopin_Op030No2_Olejniczac-1990_pid9100b-19
offline_dtw,Chopin_Op030No2_Rubinstein-1966_pid9059-19,Chopin_Op030No2_Poblocka-1999_pid9093-19,193,-0.005323513816925569,0.0505852597194319,0.027596704081631174,0.08835784567017278,0.51390020634922,0.18548289478458158,0.21761658031088082,0.38860103626943004,0.7461139896373057,0.8652849740932642,0.9533678756476683,0.9948186528497409,cosine,"{'transitions': ((1, 1), (1, 2), (2, 1)), 'weights': (2.0, 3.0, 3.0)}","(4007, 3732)",1251.4773169700768,0.4554138708042492,Chopin_Op030No2,Chopin_Op030No2_Rubinstein-1966_pid9059-19__Chopin_Op030No2_Poblocka-1999_pid9093-19
offline_dtw,Chopin_Op030No2_Rubinstein-1966_pid9059-19,Chopin_Op030No2_Rangell-2001_pid9094-19,193,0.004593063562557901,0.05702303200451111,0.028083829931979665,0.10471877838227397,0.7952836383219761,0.21689790294784594,0.18134715025906736,0.37823834196891193,0.6632124352331606,0.8393782383419689,0.9430051813471503,0.9948186528497409,cosine,"{'transitions': ((1, 1), (1, 2), (2, 1)), 'weights': (2.0, 3.0, 3.0)}","(4007, 3908)",1245.5564697645987,0.4437322656802988,Chopin_Op030No2,Chopin_Op030No2_Rubinstein-1966_pid9059-19__Chopin_Op030No2_Rangell-2001_pid9094-19
offline_dtw,Chopin_Op030No2_Rubinstein-1966_pid9059-19,Chopin_Op030No2_Rubinstein-1939_pid9049-19,193,-0.006028379007907421,0.05928570213128385,0.0301021111111055,0.1183100796424072,0.7589681836734741,0.21663701814058486,0.19689119170984457,0.35233160621761656,0.7409326424870466,0.8601036269430051,0.9430051813471503,0.9844559585492227,cosine,"{'transitions': ((1, 1), (1, 2), (2, 1)), 'weights': (2.0, 3.0, 3.0)}","(4007, 3516)",1165.9450188583069,0.43635666873439627,Chopin_Op030No2,Chopin_Op030No2_Rubinstein-1966_pid9059-19__Chopin_Op030No2_Rubinstein-1939_pid9049-19
offline_dtw,Chopin_Op030No2_Rubinstein-1966_pid9059-19,Chopin_Op030No2_Rubinstein-1952_pid9075-19,193,0.011114669415952431,0.06287690053223421,0.02356072108844387,0.1763593368508973,1.7772341859410261,0.21131051700680095,0.19689119170984457,0.41450777202072536,0.7512953367875648,0.8704663212435233,0.9326424870466321,0.9844559585492227,cosine,"{'transitions': ((1, 1), (1, 2), (2, 1)), 'weights': (2.0, 3.0, 3.0)}","(4007, 3748)",1117.4898515898378,0.4031348670959011,Chopin_Op030No2,Chopin_Op030No2_Rubinstein-1966_pid9059-19__Chopin_Op030No2_Rubinstein-1952_pid9075-19
offline_dtw,Chopin_Op030No2_Rubinstein-1966_pid9059-19,Chopin_Op030No2_Shebanova-2002_pid9072-19,193,-0.0076415871312264785,0.05572731219085234,0.027074689342413194,0.10095424531331632,0.6055555555555543,0.19756003446711143,0.21243523316062177,0.38341968911917096,0.694300518134715,0.8549222797927462,0.9481865284974094,0.9896373056994818,cosine,"{'transitions': ((1, 1), (1, 2), (2, 1)), 'weights': (2.0, 3.0, 3.0)}","(4007, 3361)",1079.43183279121,0.407948538469845,Chopin_Op030No2,Chopin_Op030No2_Rubinstein-1966_pid9059-19__Chopin_Op030No2_Shebanova-2002_pid9072-19
offline_dtw,Chopin_Op030No2_Rubinstein-1966_pid9059-19,Chopin_Op030No2_Smith-1975_pid9054-19,193,0.01775679792158631,0.05083385106270454,0.03040823356008815,0.07656694048203957,0.30196173356009126,0.18128795374149603,0.18652849740932642,0.34196891191709844,0.6994818652849741,0.8549222797927462,0.9533678756476683,1.0,cosine,"{'transitions': ((1, 1), (1, 2), (2, 1)), 'weights': (2.0, 3.0, 3.0)}","(4007, 3004)",1063.1494355820619,0.42679624069934236,Chopin_Op030No2,Chopin_Op030No2_Rubinstein-1966_pid9059-19__Chopin_Op030No2_Smith-1975_pid9054-19
offline_dtw,Chopin_Op030No2_Rubinstein-1966_pid9059-19,Chopin_Op030No2_Sofronitsky-1960_pid5667291-15,193,-0.000648722839049181,0.048589322089457244,0.025123709750566547,0.08443925685395137,0.6307714829931967,0.18475277074829385,0.20725388601036268,0.40932642487046633,0.7150259067357513,0.8652849740932642,0.9637305699481865,0.9948186528497409,cosine,"{'transitions': ((1, 1), (1, 2), (2, 1)), 'weights': (2.0, 3.0, 3.0)}","(4007, 2931)",1322.5572410429552,0.544486307551649,Chopin_Op030No2,Chopin_Op030No2_Rubinstein-1966_pid9059-19__Chopin_Op030No2_Sofronitsky-1960_pid5667291-15
offline_dtw,Chopin_Op030No2_Rubinstein-1966_pid9059-19,Chopin_Op030No2_Uninsky-1959_pid9061-19,193,-0.007326536433917469,0.06435274305335281,0.03131509750566863,0.10605789478884112,0.537709809523804,0.22968248344670844,0.19170984455958548,0.3471502590673575,0.6528497409326425,0.8031088082901554,0.927461139896373,0.9948186528497409,cosine,"{'transitions': ((1, 1), (1, 2), (2, 1)), 'weights': (2.0, 3.0, 3.0)}","(4007, 3878)",1269.7035643253148,0.45362756853351727,Chopin_Op030No2,Chopin_Op030No2_Rubinstein-1966_pid9059-19__Chopin_Op030No2_Uninsky-1959_pid9061-19
offline_dtw,Chopin_Op030No2_Rubinstein-1966_pid9059-19,Chopin_Op030No2_Yaroshinskiy-2005_pid9081-10,193,1.8112344931444075,2.7276408069155123,1.793900367346943,3.728426819454446,7.761451628117911,7.437820875736957,0.0051813471502590676,0.010362694300518135,0.046632124352331605,0.06217616580310881,0.08808290155440414,0.24870466321243523,cosine,"{'transitions': ((1, 1), (1, 2), (2, 1)), 'weights': (2.0, 3.0, 3.0)}","(4007, 3381)",3630.151381619288,1.4258253659148814,Chopin_Op030No2,Chopin_Op030No2_Rubinstein-1966_pid9059-19__Chopin_Op030No2_Yaroshinskiy-2005_pid9081-10
offline_dtw,Chopin_Op030No2_Shebanova-2002_pid9072-19,Chopin_Op030No2_Olejniczac-1990_pid9100b-19,193,-0.023539110934875127,0.05800461753198714,0.027800594104306242,0.09865649155444216,0.5033098888888929,0.24880500272108927,0.22797927461139897,0.40414507772020725,0.6735751295336787,0.8497409326424871,0.927461139896373,0.9948186528497409,cosine,"{'transitions': ((1, 1), (1, 2), (2, 1)), 'weights': (2.0, 3.0, 3.0)}","(3361, 3235)",753.9389243126484,0.3169142178699657,Chopin_Op030No2,Chopin_Op030No2_Shebanova-2002_pid9072-19__Chopin_Op030No2_Olejniczac-1990_pid9100b-19
offline_dtw,Chopin_Op030No2_Shebanova-2002_pid9072-19,Chopin_Op030No2_Poblocka-1999_pid9093-19,193,-0.00047777888219185016,0.040740260336258945,0.025804988662130768,0.06929363476804605,0.5513149433106577,0.11970965215419509,0.20725388601036268,0.37823834196891193,0.7772020725388601,0.9326424870466321,0.9740932642487047,0.9948186528497409,cosine,"{'transitions': ((1, 1), (1, 2), (2, 1)), 'weights': (2.0, 3.0, 3.0)}","(3361, 3732)",1038.4285542649795,0.4077065387769845,Chopin_Op030No2,Chopin_Op030No2_Shebanova-2002_pid9072-19__Chopin_Op030No2_Poblocka-1999_pid9093-19
offline_dtw,Chopin_Op030No2_Shebanova-2002_pid9072-19,Chopin_Op030No2_Rangell-2001_pid9094-19,193,-0.00569518557094732,0.05079171623018824,0.028571428571432023,0.08699124658385128,0.4298526780045355,0.17519280680273225,0.19170984455958548,0.3626943005181347,0.7098445595854922,0.8756476683937824,0.9533678756476683,1.0,cosine,"{'transitions': ((1, 1), (1, 2), (2, 1)), 'weights': (2.0, 3.0, 3.0)}","(3361, 3908)",1146.1874590677305,0.44305661347805586,Chopin_Op030No2,Chopin_Op030No2_Shebanova-2002_pid9072-19__Chopin_Op030No2_Rangell-2001_pid9094-19
offline_dtw,Chopin_Op030No2_Shebanova-2002_pid9072-19,Chopin_Op030No2_Rubinstein-1939_pid9049-19,193,-0.01610069024120904,0.0448871662084516,0.026371741496603818,0.07951186317312713,0.546009,0.13800470748299296,0.22279792746113988,0.38341968911917096,0.7616580310880829,0.9067357512953368,0.9740932642487047,0.9948186528497409,cosine,"{'transitions': ((1, 1), (1, 2), (2, 1)), 'weights': (2.0, 3.0, 3.0)}","(3361, 3516)",1127.6025247517316,0.4555969796976693,Chopin_Op030No2,Chopin_Op030No2_Shebanova-2002_pid9072-19__Chopin_Op030No2_Rubinstein-1939_pid9049-19
offline_dtw,Chopin_Op030No2_Shebanova-2002_pid9072-19,Chopin_Op030No2_Rubinstein-1952_pid9075-19,193,0.00974741752141246,0.04562724516231309,0.023741468253973608,0.10950011438469551,1.1002719580498876,0.14330136780045408,0.21243523316062177,0.43523316062176165,0.8238341968911918,0.9067357512953368,0.9689119170984456,0.9896373056994818,cosine,"{'transitions': ((1, 1), (1, 2), (2, 1)), 'weights': (2.0, 3.0, 3.0)}","(3361, 3748)",977.6325369605555,0.38263504382017827,Chopin_Op030No2,Chopin_Op030No2_Shebanova-2002_pid9072-19__Chopin_Op030No2_Rubinstein-1952_pid9075-19
offline_dtw,Chopin_Op030No2_Shebanova-2002_pid9072-19,Chopin_Op030No2_Rubinstein-1966_pid9059-19,193,0.012677102651768883,0.051347898640631176,0.026609743764169025,0.10298452372709103,0.902675517006827,0.16890248027211296,0.22279792746113988,0.44041450777202074,0.7305699481865285,0.8808290155440415,0.9533678756476683,0.9948186528497409,cosine,"{'transitions': ((1, 1), (1, 2), (2, 1)), 'weights': (2.0, 3.0, 3.0)}","(3361, 4007)",1079.43183279121,0.407948538469845,Chopin_Op030No2,Chopin_Op030No2_Shebanova-2002_pid9072-19__Chopin_Op030No2_Rubinstein-1966_pid9059-19
offline_dtw,Chopin_Op030No2_Shebanova-2002_pid9072-19,Chopin_Op030No2_Smith-1975_pid9054-19,193,0.002326132341710256,0.05869377253768492,0.03546485260770993,0.09711711064889915,0.6299438628117855,0.1863220517006709,0.18134715025906736,0.32124352331606215,0.6787564766839378,0.844559585492228,0.9533678756476683,0.9948186528497409,cosine,"{'transitions': ((1, 1), (1, 2), (2, 1)), 'weights': (2.0, 3.0, 3.0)}","(3361, 3004)",1172.792767983865,0.5164212980994561,Chopin_Op030No2,Chopin_Op030No2_Shebanova-2002_pid9072-19__Chopin_Op030No2_Smith-1975_pid9054-19
offline_dtw,Chopin_Op030No2_Shebanova-2002_pid9072-19,Chopin_Op030No2_Sofronitsky-1960_pid5667291-15,193,0.009119156615323134,0.0481387705990859,0.0293420793650796,0.08334209263326156,0.6661220226757365,0.15566169841269747,0.19689119170984457,0.34196891191709844,0.7098445595854922,0.9067357512953368,0.9585492227979274,0.9948186528497409,cosine,"{'transitions': ((1, 1), (1, 2), (2, 1)), 'weights': (2.0, 3.0, 3.0)}","(3361, 2931)",844.3044167777575,0.37558025657373556,Chopin_Op030No2,Chopin_Op030No2_Shebanova-2002_pid9072-19__Chopin_Op030No2_Sofronitsky-1960_pid5667291-15
offline_dtw,Chopin_Op030No2_Shebanova-2002_pid9072-19,Chopin_Op030No2_Uninsky-1959_pid9061-19,193,0.007411164152362465,0.04949930216888105,0.02834474149661048,0.13009259219812658,1.586031569160994,0.13637633287982134,0.21243523316062177,0.40414507772020725,0.7409326424870466,0.8808290155440415,0.9896373056994818,0.9948186528497409,cosine,"{'transitions': ((1, 1), (1, 2), (2, 1)), 'weights': (2.0, 3.0, 3.0)}","(3361, 3878)",1272.7683859148153,0.4929389565897813,Chopin_Op030No2,Chopin_Op030No2_Shebanova-2002_pid9072-19__Chopin_Op030No2_Uninsky-1959_pid9061-19
offline_dtw,Chopin_Op030No2_Shebanova-2002_pid9072-19,Chopin_Op030No2_Yaroshinskiy-2005_pid9081-10,193,0.06920309794626012,0.45587539478693023,0.34285698185941094,0.6003551267040649,1.7803400657596384,1.3207162725623602,0.02072538860103627,0.05181347150259067,0.10362694300518134,0.15544041450777202,0.29015544041450775,0.6839378238341969,cosine,"{'transitions': ((1, 1), (1, 2), (2, 1)), 'weights': (2.0, 3.0, 3.0)}","(3361, 3381)",3199.5398560925905,1.3667406476260533,Chopin_Op030No2,Chopin_Op030No2_Shebanova-2002_pid9072-19__Chopin_Op030No2_Yaroshinskiy-2005_pid9081-10
offline_dtw,Chopin_Op030No2_Smith-1975_pid9054-19,Chopin_Op030No2_Olejniczac-1990_pid9100b-19,193,-0.028695492163359378,0.05457181800077556,0.032789185941048515,0.09313746780602326,0.7618367505668928,0.1561861292516993,0.17098445595854922,0.30569948186528495,0.6528497409326425,0.8756476683937824,0.9740932642487047,0.9948186528497409,cosine,"{'transitions': ((1, 1), (1, 2), (2, 1)), 'weights': (2.0, 3.0, 3.0)}","(3004, 3235)",1130.0565522226077,0.5081189533375035,Chopin_Op030No2,Chopin_Op030No2_Smith-1975_pid9054-19__Chopin_Op030No2_Olejniczac-1990_pid9100b-19
offline_dtw,Chopin_Op030No2_Smith-1975_pid9054-19,Chopin_Op030No2_Poblocka-1999_pid9093-19,193,-0.004790754637951532,0.03358694963754113,0.0258501995464826,0.04891886275313621,0.2698860861678014,0.09752382358277019,0.23834196891191708,0.40414507772020725,0.8031088082901554,0.9481865284974094,0.9896373056994818,1.0,cosine,"{'transitions': ((1, 1), (1, 2), (2, 1)), 'weights': (2.0, 3.0, 3.0)}","(3004, 3732)",1016.7273339550834,0.42328365277064256,Chopin_Op030No2,Chopin_Op030No2_Smith-1975_pid9054-19__Chopin_Op030No2_Poblocka-1999_pid9093-19
offline_dtw,Chopin_Op030No2_Smith-1975_pid9054-19,Chopin_Op030No2_Rangell-2001_pid9094-19,193,0.011997848530776801,0.05178933944285789,0.029909489795919342,0.12846868763508537,1.4456469648525996,0.1299453643990941,0.18652849740932642,0.35233160621761656,0.7305699481865285,0.9015544041450777,0.9792746113989638,0.9896373056994818,cosine,"{'transitions': ((1, 1), (1, 2), (2, 1)), 'weights': (2.0, 3.0, 3.0)}","(3004, 3908)",950.4200019539145,0.388719837199965,Chopin_Op030No2,Chopin_Op030No2_Smith-1975_pid9054-19__Chopin_Op030No2_Rangell-2001_pid9094-19
offline_dtw,Chopin_Op030No2_Smith-1975_pid9054-19,Chopin_Op030No2_Rubinstein-1939_pid9049-19,193,-0.020099114653460794,0.04543897333544794,0.029070365079363114,0.06891860111250851,0.3329930566893422,0.1515558566893408,0.17616580310880828,0.32124352331606215,0.7357512953367875,0.8704663212435233,0.9792746113989638,1.0,cosine,"{'transitions': ((1, 1), (1, 2), (2, 1)), 'weights': (2.0, 3.0, 3.0)}","(3004, 3516)",818.6622721169728,0.35332855939446384,Chopin_Op030No2,Chopin_Op030No2_Smith-1975_pid9054-19__Chopin_Op030No2_Rubinstein-1939_pid9049-19
offline_dtw,Chopin_Op030No2_Smith-1975_pid9054-19,Chopin_Op030No2_Rubinstein-1952_pid9075-19,193,0.048695767274094484,0.07696563996099309,0.021451247165529708,0.3033109572161882,2.857166673469372,0.10241261360544086,0.27979274611398963,0.46632124352331605,0.7875647668393783,0.9430051813471503,0.9637305699481865,0.9637305699481865,cosine,"{'transitions': ((1, 1), (1, 2), (2, 1)), 'weights': (2.0, 3.0, 3.0)}","(3004, 3748)",1099.656706183338,0.46068567498254626,Chopin_Op030No2,Chopin_Op030No2_Smith-1975_pid9054-19__Chopin_Op030No2_Rubinstein-1952_pid9075-19
offline_dtw,Chopin_Op030No2_Smith-1975_pid9054-19,Chopin_Op030No2_Rubinstein-1966_pid9059-19,193,-0.009237006814470115,0.04031216150294338,0.024489628117919437,0.07154325809533192,0.6039234671201967,0.10340369841269713,0.21761658031088082,0.41968911917098445,0.7668393782383419,0.927461139896373,0.9844559585492227,0.9948186528497409,cosine,"{'transitions': ((1, 1), (1, 2), (2, 1)), 'weights': (2.0, 3.0, 3.0)}","(3004, 4007)",1063.1494355820619,0.42679624069934236,Chopin_Op030No2,Chopin_Op030No2_Smith-1975_pid9054-19__Chopin_Op030No2_Rubinstein-1966_pid9059-19
offline_dtw,Chopin_Op030No2_Smith-1975_pid9054-19,Chopin_Op030No2_Shebanova-2002_pid9072-19,193,0.00653670033954868,0.054705075123658894,0.028888888888889852,0.09970112000794591,0.7722686780045294,0.1704807959183682,0.20207253886010362,0.3471502590673575,0.6787564766839378,0.8652849740932642,0.9585492227979274,0.9896373056994818,cosine,"{'transitions': ((1, 1), (1, 2), (2, 1)), 'weights': (2.0, 3.0, 3.0)}","(3004, 3361)",1172.792767983865,0.5164212980994561,Chopin_Op030No2,Chopin_Op030No2_Smith-1975_pid9054-19__Chopin_Op030No2_Shebanova-2002_pid9072-19
offline_dtw,Chopin_Op030No2_Smith-1975_pid9054-19,Chopin_Op030No2_Sofronitsky-1960_pid5667291-15,193,-0.005472012536275286,0.05901447769435928,0.036938707483002986,0.12697506680077983,1.3527664784580509,0.14316985442176589,0.15544041450777202,0.34196891191709844,0.6113989637305699,0.8808290155440415,0.9689119170984456,0.9896373056994818,cosine,"{'transitions': ((1, 1), (1, 2), (2, 1)), 'weights': (2.0, 3.0, 3.0)}","(3004, 2931)",1233.6779270081186,0.5855139663066533,Chopin_Op030No2,Chopin_Op030No2_Smith-1975_pid9054-19__Chopin_Op030No2_Sofronitsky-1960_pid5667291-15
offline_dtw,Chopin_Op030No2_Smith-1975_pid9054-19,Chopin_Op030No2_Uninsky-1959_pid9061-19,193,-0.007594092007096423,0.052204091266904104,0.02888885714283873,0.10682805857124221,1.1546722380952303,0.14296133877550674,0.15544041450777202,0.35233160621761656,0.6787564766839378,0.8601036269430051,0.9740932642487047,0.9948186528497409,cosine,"{'transitions': ((1, 1), (1, 2), (2, 1)), 'weights': (2.0, 3.0, 3.0)}","(3004, 3878)",1346.3681062701123,0.557964403758853,Chopin_Op030No2,Chopin_Op030No2_Smith-1975_pid9054-19__Chopin_Op030No2_Uninsky-1959_pid9061-19
offline_dtw,Chopin_Op030No2_Smith-1975_pid9054-19,Chopin_Op030No2_Yaroshinskiy-2005_pid9081-10,193,1.951154480790244,2.421022558345964,0.9044671201814083,3.654030581537441,8.309342333333326,7.550852570521539,0.0051813471502590676,0.010362694300518135,0.03626943005181347,0.08808290155440414,0.16580310880829016,0.36787564766839376,cosine,"{'transitions': ((1, 1), (1, 2), (2, 1)), 'weights': (2.0, 3.0, 3.0)}","(3004, 3381)",3036.4477142917126,1.3764495531694074,Chopin_Op030No2,Chopin_Op030No2_Smith-1975_pid9054-19__Chopin_Op030No2_Yaroshinskiy-2005_pid9081-10
offline_dtw,Chopin_Op030No2_Sofronitsky-1960_pid5667291-15,Chopin_Op030No2_Olejniczac-1990_pid9100b-19,193,-0.017695703552923988,0.04515165393653152,0.03251623582767138,0.0693974584606027,0.40702953968253475,0.15673441179138156,0.17098445595854922,0.3626943005181347,0.7564766839378239,0.9015544041450777,0.9740932642487047,1.0,cosine,"{'transitions': ((1, 1), (1, 2), (2, 1)), 'weights': (2.0, 3.0, 3.0)}","(2931, 3235)",713.9690174169184,0.32394238539787584,Chopin_Op030No2,Chopin_Op030No2_Sofronitsky-1960_pid5667291-15__Chopin_Op030No2_Olejniczac-1990_pid9100b-19
offline_dtw,Chopin_Op030No2_Sofronitsky-1960_pid5667291-15,Chopin_Op030No2_Poblocka-1999_pid9093-19,193,0.012251318177011894,0.04108043719525825,0.022041140589568187,0.06177943543741999,0.28707508390022696,0.13388428526077256,0.23834196891191708,0.46113989637305697,0.7357512953367875,0.9015544041450777,0.9844559585492227,1.0,cosine,"{'transitions': ((1, 1), (1, 2), (2, 1)), 'weights': (2.0, 3.0, 3.0)}","(2931, 3732)",963.3054401898274,0.4071451564623108,Chopin_Op030No2,Chopin_Op030No2_Sofronitsky-1960_pid5667291-15__Chopin_Op030No2_Poblocka-1999_pid9093-19
offline_dtw,Chopin_Op030No2_Sofronitsky-1960_pid5667291-15,Chopin_Op030No2_Rangell-2001_pid9094-19,193,-0.09917265620410519,0.1380158636459766,0.027811537414967447,0.3761288995531665,1.8984918095238115,1.053031492063485,0.19689119170984457,0.40414507772020725,0.7046632124352331,0.8134715025906736,0.9015544041450777,0.9222797927461139,cosine,"{'transitions': ((1, 1), (1, 2), (2, 1)), 'weights': (2.0, 3.0, 3.0)}","(2931, 3908)",1160.02933694249,0.4799459399844808,Chopin_Op030No2,Chopin_Op030No2_Sofronitsky-1960_pid5667291-15__Chopin_Op030No2_Rangell-2001_pid9094-19
offline_dtw,Chopin_Op030No2_Sofronitsky-1960_pid5667291-15,Chopin_Op030No2_Rubinstein-1939_pid9049-19,193,-0.00437412327141592,0.04112694463830427,0.02579339682539583,0.06364826103464749,0.27721041950113356,0.149269990476192,0.21243523316062177,0.37305699481865284,0.7409326424870466,0.9067357512953368,0.9792746113989638,1.0,cosine,"{'transitions': ((1, 1), (1, 2), (2, 1)), 'weights': (2.0, 3.0, 3.0)}","(2931, 3516)",882.5779400138026,0.3842307096272541,Chopin_Op030No2,Chopin_Op030No2_Sofronitsky-1960_pid5667291-15__Chopin_Op030No2_Rubinstein-1939_pid9049-19
offline_dtw,Chopin_Op030No2_Sofronitsky-1960_pid5667291-15,Chopin_Op030No2_Rubinstein-1952_pid9075-19,193,0.016461990935579544,0.047411574054492096,0.01976140136054383,0.12061250841361425,1.0347850453514695,0.14930380408163138,0.26424870466321243,0.5025906735751295,0.7875647668393783,0.917098445595855,0.9637305699481865,0.9896373056994818,cosine,"{'transitions': ((1, 1), (1, 2), (2, 1)), 'weights': (2.0, 3.0, 3.0)}","(2931, 3748)",1050.1549160718473,0.4427297285294466,Chopin_Op030No2,Chopin_Op030No2_Sofronitsky-1960_pid5667291-15__Chopin_Op030No2_Rubinstein-1952_pid9075-19
offline_dtw,Chopin_Op030No2_Sofronitsky-1960_pid5667291-15,Chopin_Op030No2_Rubinstein-1966_pid9059-19,193,0.0008672079764546804,0.04100236718832608,0.022381206349209037,0.07695325061703048,0.5832649999999999,0.12965770612244823,0.21761658031088082,0.46113989637305697,0.8082901554404145,0.9067357512953368,0.9740932642487047,0.9948186528497409,cosine,"{'transitions': ((1, 1), (1, 2), (2, 1)), 'weights': (2.0, 3.0, 3.0)}","(2931, 4007)",1322.5572410429552,0.544486307551649,Chopin_Op030No2,Chopin_Op030No2_Sofronitsky-1960_pid5667291-15__Chopin_Op030No2_Rubinstein-1966_pid9059-19
offline_dtw,Chopin_Op030No2_Sofronitsky-1960_pid5667291-15,Chopin_Op030No2_Shebanova-2002_pid9072-19,193,-0.002501742929987332,0.044190382139038795,0.02672360997732426,0.07658266313194956,0.5355098310657667,0.1174604394557831,0.21761658031088082,0.40414507772020725,0.7564766839378239,0.9067357512953368,0.9740932642487047,0.9948186528497409,cosine,"{'transitions': ((1, 1), (1, 2), (2, 1)), 'weights': (2.0, 3.0, 3.0)}","(2931, 3361)",844.3044167777575,0.37558025657373556,Chopin_Op030No2,Chopin_Op030No2_Sofronitsky-1960_pid5667291-15__Chopin_Op030No2_Shebanova-2002_pid9072-19
offline_dtw,Chopin_Op030No2_Sofronitsky-1960_pid5667291-15,Chopin_Op030No2_Smith-1975_pid9054-19,193,0.021663684507654327,0.059826116791794164,0.03281225623582884,0.1063711402271082,0.6763832392290254,0.1816963079365052,0.18652849740932642,0.32124352331606215,0.6683937823834197,0.8238341968911918,0.9533678756476683,0.9896373056994818,cosine,"{'transitions': ((1, 1), (1, 2), (2, 1)), 'weights': (2.0, 3.0, 3.0)}","(2931, 3004)",1233.6779270081186,0.5855139663066533,Chopin_Op030No2,Chopin_Op030No2_Sofronitsky-1960_pid5667291-15__Chopin_Op030No2_Smith-1975_pid9054-19
offline_dtw,Chopin_Op030No2_Sofronitsky-1960_pid5667291-15,Chopin_Op030No2_Uninsky-1959_pid9061-19,193,0.0033971589357677293,0.04434473037608893,0.025668964852608056,0.07497410264554745,0.65723391609977,0.1269388263038535,0.19689119170984457,0.36787564766839376,0.689119170984456,0.9015544041450777,0.9896373056994818,0.9948186528497409,cosine,"{'transitions': ((1, 1), (1, 2), (2, 1)), 'weights': (2.0, 3.0, 3.0)}","(2931, 3878)",965.8023769250282,0.4044398563337639,Chopin_Op030No2,Chopin_Op030No2_Sofronitsky-1960_pid5667291-15__Chopin_Op030No2_Uninsky-1959_pid9061-19
offline_dtw,Chopin_Op030No2_Sofronitsky-1960_pid5667291-15,Chopin_Op030No2_Yaroshinskiy-2005_pid9081-10,193,0.09972373707894248,0.18795667404509328,0.14425195464852436,0.2516704992414282,0.9864403741496623,0.5037803836734703,0.06217616580310881,0.11917098445595854,0.22797927461139897,0.39896373056994816,0.5958549222797928,0.9430051813471503,cosine,"{'transitions': ((1, 1), (1, 2), (2, 1)), 'weights': (2.0, 3.0, 3.0)}","(2931, 3381)",3215.0804916628263,1.4727808024108229,Chopin_Op030No2,Chopin_Op030No2_Sofronitsky-1960_pid5667291-15__Chopin_Op030No2_Yaroshinskiy-2005_pid9081-10
offline_dtw,Chopin_Op030No2_Uninsky-1959_pid9061-19,Chopin_Op030No2_Olejniczac-1990_pid9100b-19,193,-0.017700441589416204,0.06114048601271248,0.03136088888889077,0.10129061894889536,0.5609754546485135,0.2332335460317458,0.15544041450777202,0.31088082901554404,0.6683937823834197,0.844559585492228,0.9222797927461139,0.9948186528497409,cosine,"{'transitions': ((1, 1), (1, 2), (2, 1)), 'weights': (2.0, 3.0, 3.0)}","(3878, 3235)",1113.6288284683858,0.4424429195345196,Chopin_Op030No2,Chopin_Op030No2_Uninsky-1959_pid9061-19__Chopin_Op030No2_Olejniczac-1990_pid9100b-19
offline_dtw,Chopin_Op030No2_Uninsky-1959_pid9061-19,Chopin_Op030No2_Poblocka-1999_pid9093-19,193,0.010597629028467951,0.04292515393065699,0.024898029478457318,0.07795297555424086,0.5802949999999925,0.13415918185942063,0.22797927461139897,0.42487046632124353,0.7668393782383419,0.9119170984455959,0.9585492227979274,0.9948186528497409,cosine,"{'transitions': ((1, 1), (1, 2), (2, 1)), 'weights': (2.0, 3.0, 3.0)}","(3878, 3732)",1004.3832079120378,0.36953024573658494,Chopin_Op030No2,Chopin_Op030No2_Uninsky-1959_pid9061-19__Chopin_Op030No2_Poblocka-1999_pid9093-19
offline_dtw,Chopin_Op030No2_Uninsky-1959_pid9061-19,Chopin_Op030No2_Rangell-2001_pid9094-19,193,-0.04140433437900189,0.07598678427502306,0.026734873015868743,0.19089410064822473,1.5466667108843524,0.2704033897959192,0.27979274611398963,0.44559585492227977,0.7357512953367875,0.8238341968911918,0.9067357512953368,0.9792746113989638,cosine,"{'transitions': ((1, 1), (1, 2), (2, 1)), 'weights': (2.0, 3.0, 3.0)}","(3878, 3908)",1047.4927990401952,0.37952637646383885,Chopin_Op030No2,Chopin_Op030No2_Uninsky-1959_pid9061-19__Chopin_Op030No2_Rangell-2001_pid9094-19
offline_dtw,Chopin_Op030No2_Uninsky-1959_pid9061-19,Chopin_Op030No2_Rubinstein-1939_pid9049-19,193,-0.02700966043965123,0.06342232579041969,0.03319766213152775,0.11747500739500571,1.0264400623582617,0.24711123900226803,0.09844559585492228,0.27979274611398963,0.6632124352331606,0.8497409326424871,0.927461139896373,0.9948186528497409,cosine,"{'transitions': ((1, 1), (1, 2), (2, 1)), 'weights': (2.0, 3.0, 3.0)}","(3878, 3516)",1154.4222155818047,0.4386102642788012,Chopin_Op030No2,Chopin_Op030No2_Uninsky-1959_pid9061-19__Chopin_Op030No2_Rubinstein-1939_pid9049-19
offline_dtw,Chopin_Op030No2_Uninsky-1959_pid9061-19,Chopin_Op030No2_Rubinstein-1952_pid9075-19,193,0.01699858690799303,0.04952759568456125,0.024920775510196336,0.11152887643057231,1.1010205487528282,0.20884803038548078,0.22279792746113988,0.43005181347150256,0.7772020725388601,0.8963730569948186,0.9378238341968912,0.9948186528497409,cosine,"{'transitions': ((1, 1), (1, 2), (2, 1)), 'weights': (2.0, 3.0, 3.0)}","(3878, 3748)",1251.9122474605795,0.4614494093109397,Chopin_Op030No2,Chopin_Op030No2_Uninsky-1959_pid9061-19__Chopin_Op030No2_Rubinstein-1952_pid9075-19
offline_dtw,Chopin_Op030No2_Uninsky-1959_pid9061-19,Chopin_Op030No2_Rubinstein-1966_pid9059-19,193,0.012044203623418565,0.05778880403698599,0.029637188208617715,0.0984591653001021,0.5826077278911564,0.2283741637188213,0.20207253886010362,0.39896373056994816,0.6632124352331606,0.8238341968911918,0.9326424870466321,0.9948186528497409,cosine,"{'transitions': ((1, 1), (1, 2), (2, 1)), 'weights': (2.0, 3.0, 3.0)}","(3878, 4007)",1269.7035643253148,0.45362756853351727,Chopin_Op030No2,Chopin_Op030No2_Uninsky-1959_pid9061-19__Chopin_Op030No2_Rubinstein-1966_pid9059-19
offline_dtw,Chopin_Op030No2_Uninsky-1959_pid9061-19,Chopin_Op030No2_Shebanova-2002_pid9072-19,193,-0.00206419917638941,0.0527875800582755,0.026122934240362383,0.10535100495946316,1.0517915090702843,0.17744220498865812,0.18652849740932642,0.40932642487046633,0.694300518134715,0.8756476683937824,0.9585492227979274,0.9948186528497409,cosine,"{'transitions': ((1, 1), (1, 2), (2, 1)), 'weights': (2.0, 3.0, 3.0)}","(3878, 3361)",1272.7683859148153,0.4929389565897813,Chopin_Op030No2,Chopin_Op030No2_Uninsky-1959_pid9061-19__Chopin_Op030No2_Shebanova-2002_pid9072-19
offline_dtw,Chopin_Op030No2_Uninsky-1959_pid9061-19,Chopin_Op030No2_Smith-1975_pid9054-19,193,0.019364212470480136,0.06264887137100092,0.03646212698412654,0.09638762760293208,0.5776429387754973,0.202072618594107,0.15544041450777202,0.26424870466321243,0.6269430051813472,0.7823834196891192,0.9481865284974094,0.9948186528497409,cosine,"{'transitions': ((1, 1), (1, 2), (2, 1)), 'weights': (2.0, 3.0, 3.0)}","(3878, 3004)",1346.3681062701123,0.557964403758853,Chopin_Op030No2,Chopin_Op030No2_Uninsky-1959_pid9061-19__Chopin_Op030No2_Smith-1975_pid9054-19
offline_dtw,Chopin_Op030No2_Uninsky-1959_pid9061-19,Chopin_Op030No2_Sofronitsky-1960_pid5667291-15,193,0.006047862653178958,0.054227784286771386,0.032993521541953896,0.0803014747029601,0.3726081020408145,0.17555633514738564,0.17616580310880828,0.29533678756476683,0.6476683937823834,0.8341968911917098,0.9637305699481865,1.0,cosine,"{'transitions': ((1, 1), (1, 2), (2, 1)), 'weights': (2.0, 3.0, 3.0)}","(3878, 2931)",965.8023769250282,0.4044398563337639,Chopin_Op030No2,Chopin_Op030No2_Uninsky-1959_pid9061-19__Chopin_Op030No2_Sofronitsky-1960_pid5667291-15
offline_dtw,Chopin_Op030No2_Uninsky-1959_pid9061-19,Chopin_Op030No2_Yaroshinskiy-2005_pid9081-10,193,-1.015819146005898,1.1682015003583468,1.2600680975056733,1.4689821773901497,3.0299547188208606,2.5940045619047645,0.02072538860103627,0.031088082901554404,0.08290155440414508,0.13989637305699482,0.22797927461139897,0.3626943005181347,cosine,"{'transitions': ((1, 1), (1, 2), (2, 1)), 'weights': (2.0, 3.0, 3.0)}","(3878, 3381)",3650.586865952203,1.4526808061887,Chopin_Op030No2,Chopin_Op030No2_Uninsky-1959_pid9061-19__Chopin_Op030No2_Yaroshinskiy-2005_pid9081-10
offline_dtw,Chopin_Op030No2_Yaroshinskiy-2005_pid9081-10,Chopin_Op030No2_Olejniczac-1990_pid9100b-19,193,-0.29436980665115814,0.4057039411194532,0.29934295238094677,0.5628397112711074,2.2124940759637184,1.281383164172335,0.025906735751295335,0.04145077720207254,0.14507772020725387,0.24352331606217617,0.37305699481865284,0.694300518134715,cosine,"{'transitions': ((1, 1), (1, 2), (2, 1)), 'weights': (2.0, 3.0, 3.0)}","(3381, 3235)",3270.413512158225,1.4243961289887739,Chopin_Op030No2,Chopin_Op030No2_Yaroshinskiy-2005_pid9081-10__Chopin_Op030No2_Olejniczac-1990_pid9100b-19
offline_dtw,Chopin_Op030No2_Yaroshinskiy-2005_pid9081-10,Chopin_Op030No2_Poblocka-1999_pid9093-19,193,0.06060553788492981,0.6435986471279357,0.38971662358276404,0.9041278568456748,2.7877096802721084,1.984235339682536,0.031088082901554404,0.05181347150259067,0.10880829015544041,0.16580310880829016,0.29015544041450775,0.5699481865284974,cosine,"{'transitions': ((1, 1), (1, 2), (2, 1)), 'weights': (2.0, 3.0, 3.0)}","(3381, 3732)",3517.9766969448874,1.4225542648382077,Chopin_Op030No2,Chopin_Op030No2_Yaroshinskiy-2005_pid9081-10__Chopin_Op030No2_Poblocka-1999_pid9093-19
offline_dtw,Chopin_Op030No2_Yaroshinskiy-2005_pid9081-10,Chopin_Op030No2_Rangell-2001_pid9094-19,193,0.5966077007625156,1.1182586785567423,0.9893538117913891,1.4213650763400982,3.163355400226763,2.539505725170072,0.010362694300518135,0.025906735751295335,0.07772020725388601,0.11917098445595854,0.22279792746113988,0.3626943005181347,cosine,"{'transitions': ((1, 1), (1, 2), (2, 1)), 'weights': (2.0, 3.0, 3.0)}","(3381, 3908)",3595.1591173528836,1.4232617250011417,Chopin_Op030No2,Chopin_Op030No2_Yaroshinskiy-2005_pid9081-10__Chopin_Op030No2_Rangell-2001_pid9094-19
offline_dtw,Chopin_Op030No2_Yaroshinskiy-2005_pid9081-10,Chopin_Op030No2_Rubinstein-1939_pid9049-19,193,-0.028581557928871765,0.4578429128922736,0.26027234467120763,0.6729052552353982,2.05941036054422,1.5468662693877504,0.025906735751295335,0.06735751295336788,0.13471502590673576,0.21761658031088082,0.40414507772020725,0.7150259067357513,cosine,"{'transitions': ((1, 1), (1, 2), (2, 1)), 'weights': (2.0, 3.0, 3.0)}","(3381, 3516)",3425.2303361959794,1.4307561972414282,Chopin_Op030No2,Chopin_Op030No2_Yaroshinskiy-2005_pid9081-10__Chopin_Op030No2_Rubinstein-1939_pid9049-19
offline_dtw,Chopin_Op030No2_Yaroshinskiy-2005_pid9081-10,Chopin_Op030No2_Rubinstein-1952_pid9075-19,193,0.7599948011408361,0.8872819701161987,0.8200000725623582,1.1482804558895046,2.549399022675736,2.1256484557823083,0.025906735751295335,0.04145077720207254,0.08290155440414508,0.13989637305699482,0.25906735751295334,0.41450777202072536,cosine,"{'transitions': ((1, 1), (1, 2), (2, 1)), 'weights': (2.0, 3.0, 3.0)}","(3381, 3748)",3548.6792612829145,1.4320739553199817,Chopin_Op030No2,Chopin_Op030No2_Yaroshinskiy-2005_pid9081-10__Chopin_Op030No2_Rubinstein-1952_pid9075-19
offline_dtw,Chopin_Op030No2_Yaroshinskiy-2005_pid9081-10,Chopin_Op030No2_Rubinstein-1966_pid9059-19,193,-1.2565131902823305,2.174760119541081,1.7019952414966042,2.946681246448296,6.716008678004528,6.18546719047619,0.0051813471502590676,0.015544041450777202,0.04145077720207254,0.05181347150259067,0.10880829015544041,0.29015544041450775,cosine,"{'transitions': ((1, 1), (1, 2), (2, 1)), 'weights': (2.0, 3.0, 3.0)}","(3381, 4007)",3630.151381619288,1.4258253659148814,Chopin_Op030No2,Chopin_Op030No2_Yaroshinskiy-2005_pid9081-10__Chopin_Op030No2_Rubinstein-1966_pid9059-19
offline_dtw,Chopin_Op030No2_Yaroshinskiy-2005_pid9081-10,Chopin_Op030No2_Shebanova-2002_pid9072-19,193,-0.04528776504764312,0.48151397600249124,0.35506809750567214,0.6426516428839003,1.9041950816326505,1.4265397387755052,0.010362694300518135,0.04145077720207254,0.09844559585492228,0.16062176165803108,0.29015544041450775,0.6476683937823834,cosine,"{'transitions': ((1, 1), (1, 2), (2, 1)), 'weights': (2.0, 3.0, 3.0)}","(3381, 3361)",3199.5398560925905,1.3667406476260533,Chopin_Op030No2,Chopin_Op030No2_Yaroshinskiy-2005_pid9081-10__Chopin_Op030No2_Shebanova-2002_pid9072-19
offline_dtw,Chopin_Op030No2_Yaroshinskiy-2005_pid9081-10,Chopin_Op030No2_Smith-1975_pid9054-19,193,-1.8444069958760707,2.4524854947187857,1.1009525215419522,3.6860819496261157,8.333764242630394,7.829709694331067,0.0051813471502590676,0.010362694300518135,0.03626943005181347,0.07253886010362694,0.13989637305699482,0.33678756476683935,cosine,"{'transitions': ((1, 1), (1, 2), (2, 1)), 'weights': (2.0, 3.0, 3.0)}","(3381, 3004)",3036.4477142917126,1.3764495531694074,Chopin_Op030No2,Chopin_Op030No2_Yaroshinskiy-2005_pid9081-10__Chopin_Op030No2_Smith-1975_pid9054-19
offline_dtw,Chopin_Op030No2_Yaroshinskiy-2005_pid9081-10,Chopin_Op030No2_Sofronitsky-1960_pid5667291-15,193,-0.10872557164592972,0.22524630534113516,0.20397982426303685,0.29145662822058677,1.0205438707482983,0.5241634770975051,0.05181347150259067,0.13471502590673576,0.20207253886010362,0.31088082901554404,0.49222797927461137,0.9326424870466321,cosine,"{'transitions': ((1, 1), (1, 2), (2, 1)), 'weights': (2.0, 3.0, 3.0)}","(3381, 2931)",3215.0804916628263,1.4727808024108229,Chopin_Op030No2,Chopin_Op030No2_Yaroshinskiy-2005_pid9081-10__Chopin_Op030No2_Sofronitsky-1960_pid5667291-15
offline_dtw,Chopin_Op030No2_Yaroshinskiy-2005_pid9081-10,Chopin_Op030No2_Uninsky-1959_pid9061-19,193,0.9496797737889628,1.0842560745538283,1.0622681337868514,1.3831607644708424,3.281927437641727,2.437006774603169,0.02072538860103627,0.04145077720207254,0.09844559585492228,0.15544041450777202,0.24870466321243523,0.3626943005181347,cosine,"{'transitions': ((1, 1), (1, 2), (2, 1)), 'weights': (2.0, 3.0, 3.0)}","(3381, 3878)",3650.586865952203,1.4526808061887,Chopin_Op030No2,Chopin_Op030No2_Yaroshinskiy-2005_pid9081-10__Chopin_Op030No2_Uninsky-1959_pid9061-19
